"Interval"|"ms"|10,"Utc"|"ms"|10,"GPS_Latitude"|"deg"|10,"GPS_Longitude"|"deg"|10,"GPS_Speed"|"km/h"|10,"GPS_Heading"|"deg"|10,"GPS_Altitude"|"m"|10,"GPS_Nsat"|""|10,"GPS_HDOP"|""|10,"GPS_LonAcc"|"g"|10,"GPS_LatAcc"|"g"|10,"rpm"|"rpm"|5,"speed"|"km/h"|5,"coolant_temp"|"°C"|5,"air_temp"|"°C"|5,"battery"|"V"|5,"manifold_press"|"bar"|5,"accel_pedal_pct"|"%"|5,"height_left"|""|5,"height_right"|""|5,"wheel_speed_fl"|""|5,"wheel_speed_fr"|""|5,"wheel_speed_rl"|""|5,"wheel_speed_rr"|""|5,"module"|""|5,"faults"|""|5
360000,1791191160000,56.618402,-4.708855,40.78,162.3,307,10,0.7,0.003,0.016,,,,,13.99,,,152,159,41.2,40.3,41.1,40.4,slabs,
360200,1791191160200,56.618382,-4.708844,40.8,162.1,307,10,0.7,0.003,0.016,,,,,,,,,,,,,,slabs,
360400,1791191160400,56.618363,-4.708833,40.81,161.9,307,10,0.7,0.002,0.016,,,,,,,,,,,,,,slabs,
360600,1791191160600,56.618343,-4.708821,40.83,161.8,306.9,10,0.7,0.003,0.016,,,,,,,,,,,,,,slabs,
360800,1791191160800,56.618324,-4.70881,40.85,161.6,306.9,10,0.7,0.003,0.016,,,,,,,,,,,,,,slabs,
361000,1791191161000,56.618305,-4.708798,40.87,161.5,306.9,10,0.7,0.003,0.016,,,,,13.99,,,147,154,41.3,40.5,41.2,40.5,slabs,
361200,1791191161200,56.618285,-4.708786,40.88,161.3,306.9,10,0.7,0.002,0.016,,,,,,,,,,,,,,slabs,
361400,1791191161400,56.618266,-4.708774,40.9,161.2,306.8,10,0.7,0.003,0.014,,,,,,,,,,,,,,slabs,
361600,1791191161600,56.618247,-4.708762,40.92,161,306.8,10,0.7,0.003,0.016,,,,,,,,,,,,,,slabs,
361800,1791191161800,56.618227,-4.70875,40.94,160.9,306.8,10,0.7,0.003,0.014,,,,,,,,,,,,,,slabs,
362000,1791191162000,56.618208,-4.708738,40.96,160.7,306.7,10,0.7,0.003,0.016,,,,,13.99,,,149,156,41.3,40.6,41.2,40.7,slabs,
362200,1791191162200,56.618189,-4.708726,40.97,160.6,306.7,10,0.7,0.003,0.014,,,,,,,,,,,,,,slabs,
362400,1791191162400,56.61817,-4.708713,40.99,160.4,306.7,10,0.7,0.003,0.016,,,,,,,,,,,,,,slabs,
362600,1791191162600,56.61815,-4.708701,41.01,160.2,306.7,10,0.7,0.003,0.016,,,,,,,,,,,,,,slabs,
362800,1791191162800,56.618131,-4.708688,41.03,160.1,306.6,10,0.7,0.003,0.016,,,,,,,,,,,,,,slabs,
363000,1791191163000,56.618112,-4.708676,41.04,159.9,306.6,10,0.7,0.002,0.016,,,,,13.99,,,153,160,41.3,40.7,41.3,40.8,slabs,
363200,1791191163200,56.618092,-4.708663,41.06,159.8,306.6,10,0.7,0.003,0.016,,,,,,,,,,,,,,slabs,
363400,1791191163400,56.618073,-4.70865,41.08,159.6,306.5,10,0.7,0.003,0.016,,,,,,,,,,,,,,slabs,
363600,1791191163600,56.618054,-4.708637,41.1,159.5,306.5,10,0.7,0.003,0.014,,,,,,,,,,,,,,slabs,
363800,1791191163800,56.618035,-4.708624,41.12,159.3,306.5,10,0.7,0.003,0.016,,,,,,,,,,,,,,slabs,
364000,1791191164000,56.618016,-4.708611,41.13,159.2,306.5,10,0.7,0.003,0.014,,,,,13.99,,,150,158,41.4,40.9,41.3,40.9,slabs,
364200,1791191164200,56.617996,-4.708598,41.15,159,306.4,10,0.7,0.003,0.016,,,,,,,,,,,,,,slabs,
364400,1791191164400,56.617977,-4.708584,41.17,158.9,306.4,10,0.7,0.003,0.014,,,,,,,,,,,,,,slabs,
364600,1791191164600,56.617958,-4.708571,41.19,158.7,306.4,10,0.7,0.003,0.016,,,,,,,,,,,,,,slabs,
364800,1791191164800,56.617939,-4.708557,41.2,158.6,306.3,10,0.7,0.002,0.014,,,,,,,,,,,,,,slabs,
365000,1791191165000,56.61792,-4.708544,41.22,158.4,306.3,10,0.7,0.003,0.016,,,,,13.99,,,146,155,41.4,41,41.4,41.1,slabs,
365200,1791191165200,56.617901,-4.70853,41.24,158.3,306.3,10,0.7,0.003,0.014,,,,,,,,,,,,,,slabs,
365400,1791191165400,56.617882,-4.708516,41.26,158.1,306.2,10,0.7,0.003,0.016,,,,,,,,,,,,,,slabs,
365600,1791191165600,56.617862,-4.708502,41.27,158,306.2,10,0.7,0.002,0.014,,,,,,,,,,,,,,slabs,
365800,1791191165800,56.617843,-4.708488,41.29,157.8,306.2,10,0.7,0.003,0.016,,,,,,,,,,,,,,slabs,
366000,1791191166000,56.617824,-4.708474,41.31,157.7,306.2,10,0.7,0.003,0.014,,,,,13.99,,,150,158,41.4,41.2,41.4,41.2,slabs,
366200,1791191166200,56.617805,-4.70846,41.33,157.5,306.1,10,0.7,0.003,0.016,,,,,,,,,,,,,,slabs,
366400,1791191166400,56.617786,-4.708445,41.34,157.4,306.1,10,0.7,0.002,0.014,,,,,,,,,,,,,,slabs,
366600,1791191166600,56.617767,-4.708431,41.36,157.3,306.1,10,0.7,0.003,0.014,,,,,,,,,,,,,,slabs,
366800,1791191166800,56.617748,-4.708416,41.38,157.1,306,10,0.7,0.003,0.014,,,,,,,,,,,,,,slabs,
367000,1791191167000,56.617729,-4.708402,41.39,157,306,10,0.7,0.002,0.014,,,,,13.98,,,152,161,41.4,41.4,41.4,41.4,slabs,
367200,1791191167200,56.61771,-4.708387,41.41,156.8,306,10,0.7,0.002,0.014,,,,,,,,,,,,,,slabs,
367400,1791191167400,56.617691,-4.708372,41.43,156.7,306,10,0.7,0.003,0.014,,,,,,,,,,,,,,slabs,
367600,1791191167600,56.617672,-4.708357,41.44,156.5,305.9,10,0.7,0.002,0.016,,,,,,,,,,,,,,slabs,
367800,1791191167800,56.617653,-4.708342,41.46,156.4,305.9,10,0.7,0.002,0.014,,,,,,,,,,,,,,slabs,
368000,1791191168000,56.617634,-4.708327,41.47,156.2,305.9,10,0.7,0.002,0.016,,,,,13.98,,,148,157,41.4,41.5,41.4,41.5,slabs,
368200,1791191168200,56.617615,-4.708312,41.49,156.1,305.8,10,0.7,0.002,0.014,,,,,,,,,,,,,,slabs,
368400,1791191168400,56.617596,-4.708297,41.51,156,305.8,10,0.7,0.002,0.014,,,,,,,,,,,,,,slabs,
368600,1791191168600,56.617577,-4.708281,41.52,155.8,305.8,10,0.7,0.002,0.014,,,,,,,,,,,,,,slabs,
368800,1791191168800,56.617558,-4.708266,41.54,155.7,305.8,10,0.7,0.002,0.014,,,,,,,,,,,,,,slabs,
369000,1791191169000,56.617539,-4.70825,41.55,155.5,305.7,10,0.7,0.002,0.014,,,,,13.98,,,146,156,41.5,41.6,41.5,41.6,slabs,
369200,1791191169200,56.617521,-4.708235,41.57,155.4,305.7,10,0.7,0.002,0.014,,,,,,,,,,,,,,slabs,
369400,1791191169400,56.617502,-4.708219,41.58,155.2,305.7,10,0.7,0.002,0.016,,,,,,,,,,,,,,slabs,
369600,1791191169600,56.617483,-4.708203,41.6,155.1,305.6,10,0.7,0.002,0.014,,,,,,,,,,,,,,slabs,
369800,1791191169800,56.617464,-4.708187,41.61,155,305.6,10,0.7,0.002,0.014,,,,,,,,,,,,,,slabs,
370000,1791191170000,56.617445,-4.708171,41.62,154.8,305.6,10,0.7,0.002,0.014,,,,,13.97,,,151,160,41.5,41.8,41.5,41.8,slabs,
370200,1791191170200,56.617426,-4.708155,41.64,154.7,305.6,10,0.7,0.002,0.014,,,,,,,,,,,,,,slabs,
370400,1791191170400,56.617408,-4.708139,41.65,154.5,305.5,10,0.7,0.002,0.014,,,,,,,,,,,,,,slabs,
370600,1791191170600,56.617389,-4.708123,41.66,154.4,305.5,10,0.7,0.002,0.014,,,,,,,,,,,,,,slabs,
370800,1791191170800,56.61737,-4.708107,41.68,154.3,305.5,10,0.7,0.002,0.014,,,,,,,,,,,,,,slabs,
371000,1791191171000,56.617351,-4.70809,41.69,154.1,305.4,10,0.8,0.002,0.014,,,,,13.97,,,151,161,41.5,41.9,41.5,41.9,slabs,
371200,1791191171200,56.617333,-4.708074,41.7,154,305.4,10,0.8,0.002,0.014,,,,,,,,,,,,,,slabs,
371400,1791191171400,56.617314,-4.708057,41.72,153.9,305.4,10,0.8,0.002,0.012,,,,,,,,,,,,,,slabs,
371600,1791191171600,56.617295,-4.70804,41.73,153.7,305.4,10,0.8,0.002,0.014,,,,,,,,,,,,,,slabs,
371800,1791191171800,56.617277,-4.708024,41.74,153.6,305.3,10,0.8,0.002,0.014,,,,,,,,,,,,,,slabs,
372000,1791191172000,56.617258,-4.708007,41.75,153.4,305.3,10,0.8,0.002,0.014,,,,,13.96,,,146,156,41.5,42,41.5,42,slabs,
372200,1791191172200,56.617239,-4.70799,41.76,153.3,305.3,10,0.8,0.002,0.014,,,,,,,,,,,,,,slabs,
372400,1791191172400,56.617221,-4.707973,41.78,153.2,305.3,10,0.8,0.002,0.014,,,,,,,,,,,,,,slabs,
372600,1791191172600,56.617202,-4.707956,41.79,153,305.2,10,0.8,0.002,0.014,,,,,,,,,,,,,,slabs,
372800,1791191172800,56.617183,-4.707938,41.8,152.9,305.2,10,0.8,0.002,0.014,,,,,,,,,,,,,,slabs,
373000,1791191173000,56.617165,-4.707921,41.81,152.8,305.2,10,0.8,0.002,0.012,,,,,13.95,,,147,157,41.5,42.2,41.5,42.1,slabs,
373200,1791191173200,56.617146,-4.707904,41.82,152.6,305.1,10,0.8,0.002,0.014,,,,,,,,,,,,,,slabs,
373400,1791191173400,56.617128,-4.707886,41.83,152.5,305.1,10,0.8,0.001,0.014,,,,,,,,,,,,,,slabs,
373600,1791191173600,56.617109,-4.707869,41.84,152.4,305.1,10,0.8,0.001,0.012,,,,,,,,,,,,,,slabs,
373800,1791191173800,56.617091,-4.707851,41.85,152.2,305.1,10,0.8,0.001,0.014,,,,,,,,,,,,,,slabs,
374000,1791191174000,56.617072,-4.707834,41.86,152.1,305,10,0.8,0.001,0.014,,,,,13.95,,,151,162,41.4,42.3,41.5,42.2,slabs,
374200,1791191174200,56.617054,-4.707816,41.87,152,305,10,0.8,0.001,0.012,,,,,,,,,,,,,,slabs,
374400,1791191174400,56.617035,-4.707798,41.88,151.8,305,10,0.8,0.001,0.014,,,,,,,,,,,,,,slabs,
374600,1791191174600,56.617017,-4.70778,41.88,151.7,304.9,10,0.8,0.001,0.014,,,,,,,,,,,,,,slabs,
374800,1791191174800,56.616999,-4.707762,41.89,151.6,304.9,10,0.8,0.001,0.012,,,,,,,,,,,,,,slabs,
375000,1791191175000,56.61698,-4.707744,41.9,151.4,304.9,10,0.8,0.001,0.014,,,,,13.94,,,149,160,41.4,42.4,41.5,42.3,slabs,
375200,1791191175200,56.616962,-4.707726,41.91,151.3,304.9,10,0.8,0.001,0.014,,,,,,,,,,,,,,slabs,
375400,1791191175400,56.616943,-4.707707,41.92,151.2,304.8,10,0.8,0.001,0.012,,,,,,,,,,,,,,slabs,
375600,1791191175600,56.616925,-4.707689,41.92,151.1,304.8,10,0.8,0.001,0.012,,,,,,,,,,,,,,slabs,
375800,1791191175800,56.616907,-4.707671,41.93,150.9,304.8,10,0.8,0.001,0.015,,,,,,,,,,,,,,slabs,
376000,1791191176000,56.616889,-4.707652,41.94,150.8,304.8,10,0.8,0.001,0.012,,,,,13.94,,,145,156,41.4,42.4,41.5,42.3,slabs,
376200,1791191176200,56.61687,-4.707634,41.94,150.7,304.7,10,0.8,0.001,0.012,,,,,,,,,,,,,,slabs,
376400,1791191176400,56.616852,-4.707615,41.95,150.5,304.7,10,0.8,0.001,0.015,,,,,,,,,,,,,,slabs,
376600,1791191176600,56.616834,-4.707596,41.95,150.4,304.7,10,0.8,0.001,0.015,,,,,,,,,,,,,,slabs,
376800,1791191176800,56.616816,-4.707578,41.96,150.3,304.6,10,0.8,0.001,0.012,,,,,,,,,,,,,,slabs,
377000,1791191177000,56.616797,-4.707559,41.96,150.2,304.6,10,0.8,0.001,0.012,,,,,13.93,,,148,159,41.4,42.5,41.5,42.4,slabs,
377200,1791191177200,56.616779,-4.70754,41.97,150,304.6,10,0.8,0.001,0.015,,,,,,,,,,,,,,slabs,
377400,1791191177400,56.616761,-4.707521,41.97,149.9,304.6,10,0.8,0.001,0.012,,,,,,,,,,,,,,slabs,
377600,1791191177600,56.616743,-4.707502,41.98,149.8,304.5,10,0.8,0.001,0.012,,,,,,,,,,,,,,slabs,
377800,1791191177800,56.616725,-4.707482,41.98,149.7,304.5,10,0.8,0.001,0.012,,,,,,,,,,,,,,slabs,
378000,1791191178000,56.616707,-4.707463,41.98,149.5,304.5,10,0.8,0.001,0.015,,,,,13.93,,,151,162,41.4,42.6,41.5,42.4,slabs,
378200,1791191178200,56.616689,-4.707444,41.99,149.4,304.5,10,0.8,0.001,0.012,,,,,,,,,,,,,,slabs,
378400,1791191178400,56.616671,-4.707424,41.99,149.3,304.4,10,0.8,0.001,0.012,,,,,,,,,,,,,,slabs,
378600,1791191178600,56.616653,-4.707405,41.99,149.2,304.4,10,0.8,0,0.012,,,,,,,,,,,,,,slabs,
378800,1791191178800,56.616635,-4.707385,41.99,149,304.4,10,0.8,0,0.015,,,,,,,,,,,,,,slabs,
379000,1791191179000,56.616617,-4.707366,42,148.9,304.3,10,0.8,0.001,0.012,,,,,13.92,,,147,159,41.4,42.6,41.5,42.5,slabs,
379200,1791191179200,56.616599,-4.707346,42,148.8,304.3,10,0.8,0,0.012,,,,,,,,,,,,,,slabs,
379400,1791191179400,56.616581,-4.707326,42,148.7,304.3,10,0.8,0,0.012,,,,,,,,,,,,,,slabs,
379600,1791191179600,56.616563,-4.707307,42,148.6,304.3,10,0.8,0,0.012,,,,,,,,,,,,,,slabs,
379800,1791191179800,56.616545,-4.707287,42,148.4,304.2,10,0.8,0,0.012,,,,,,,,,,,,,,slabs,
380000,1791191180000,56.616527,-4.707267,42,148.3,304.2,10,0.8,0,0.012,,,,,13.92,,,145,157,41.4,42.6,41.5,42.5,slabs,
380200,1791191180200,56.616509,-4.707247,42.01,148.2,304.2,10,0.8,0,0.012,,,,,,,,,,,,,,slabs,
380400,1791191180400,56.616492,-4.707227,42.04,148.1,304.2,10,0.8,0.001,0.012,,,,,,,,,,,,,,slabs,
380600,1791191180600,56.616474,-4.707207,42.08,148,304.1,10,0.8,0.002,0.012,,,,,,,,,,,,,,slabs,
380800,1791191180800,56.616456,-4.707186,42.15,147.8,304.1,10,0.8,0.004,0.012,,,,,,,,,,,,,,slabs,
381000,1791191181000,56.616438,-4.707166,42.23,147.7,304.1,10,0.8,0.007,0.012,,,,,13.92,,,149,161,41.6,42.9,41.7,42.7,slabs,
381200,1791191181200,56.61642,-4.707145,42.34,147.6,304.1,10,0.8,0.009,0.013,,,,,,,,,,,,,,slabs,
381400,1791191181400,56.616402,-4.707125,42.46,147.5,304,10,0.8,0.012,0.013,,,,,,,,,,,,,,slabs,
381600,1791191181600,56.616384,-4.707104,42.6,147.4,304,10,0.8,0.015,0.013,,,,,,,,,,,,,,slabs,
381800,1791191181800,56.616367,-4.707083,42.75,147.2,304,10,0.8,0.017,0.013,,,,,,,,,,,,,,slabs,
382000,1791191182000,56.616349,-4.707062,42.93,147.1,304,10,0.8,0.02,0.013,,,,,13.91,,,150,162,42.3,43.6,42.4,43.4,slabs,
382200,1791191182200,56.616331,-4.707041,43.12,147,303.9,10,0.8,0.022,0.013,,,,,,,,,,,,,,slabs,
382400,1791191182400,56.616312,-4.70702,43.33,146.9,303.9,10,0.8,0.025,0.013,,,,,,,,,,,,,,slabs,
382600,1791191182600,56.616294,-4.706998,43.56,146.8,303.9,10,0.8,0.027,0.013,,,,,,,,,,,,,,slabs,
382800,1791191182800,56.616276,-4.706976,43.81,146.6,303.8,10,0.8,0.03,0.013,,,,,,,,,,,,,,slabs,
383000,1791191183000,56.616258,-4.706954,44.07,146.5,303.8,10,0.8,0.032,0.013,,,,,13.91,,,145,157,43.4,44.7,43.5,44.6,slabs,
383200,1791191183200,56.616239,-4.706932,44.35,146.4,303.8,10,0.8,0.035,0.013,,,,,,,,,,,,,,slabs,
383400,1791191183400,56.616221,-4.70691,44.65,146.3,303.8,10,0.8,0.037,0.013,,,,,,,,,,,,,,slabs,
383600,1791191183600,56.616202,-4.706887,44.96,146.2,303.7,10,0.8,0.04,0.013,,,,,,,,,,,,,,slabs,
383800,1791191183800,56.616184,-4.706865,45.29,146,303.7,10,0.8,0.042,0.013,,,,,,,,,,,,,,slabs,
384000,1791191184000,56.616165,-4.706842,45.63,145.9,303.7,10,0.8,0.044,0.013,,,,,13.91,,,146,158,45,46.3,45.1,46.2,slabs,
384200,1791191184200,56.616146,-4.706818,45.99,145.8,303.7,10,0.8,0.046,0.013,,,,,,,,,,,,,,slabs,
384400,1791191184400,56.616127,-4.706795,46.36,145.7,303.6,10,0.8,0.048,0.013,,,,,,,,,,,,,,slabs,
384600,1791191184600,56.616108,-4.706771,46.75,145.5,303.6,10,0.8,0.051,0.016,,,,,,,,,,,,,,slabs,
384800,1791191184800,56.616088,-4.706747,47.15,145.4,303.6,10,0.8,0.053,0.014,,,,,,,,,,,,,,slabs,
385000,1791191185000,56.616069,-4.706722,47.56,145.3,303.5,10,0.8,0.055,0.014,,,,,13.91,,,150,162,46.9,48.2,47,48.1,slabs,
385200,1791191185200,56.616049,-4.706698,47.99,145.2,303.5,10,0.8,0.057,0.014,,,,,,,,,,,,,,slabs,
385400,1791191185400,56.616029,-4.706673,48.44,145,303.5,10,0.8,0.059,0.016,,,,,,,,,,,,,,slabs,
385600,1791191185600,56.61601,-4.706647,48.89,144.9,303.5,10,0.8,0.061,0.014,,,,,,,,,,,,,,slabs,
385800,1791191185800,56.61599,-4.706622,49.35,144.8,303.4,10,0.8,0.062,0.014,,,,,,,,,,,,,,slabs,
386000,1791191186000,56.615969,-4.706596,49.83,144.7,303.4,10,0.8,0.064,0.014,,,,,13.91,,,149,161,49.2,50.5,49.3,50.4,slabs,
386200,1791191186200,56.615949,-4.70657,50.32,144.5,303.4,10,0.8,0.066,0.017,,,,,,,,,,,,,,slabs,
386400,1791191186400,56.615928,-4.706543,50.82,144.4,303.3,10,0.8,0.067,0.015,,,,,,,,,,,,,,slabs,
386600,1791191186600,56.615908,-4.706516,51.33,144.3,303.3,10,0.8,0.069,0.015,,,,,,,,,,,,,,slabs,
386800,1791191186800,56.615887,-4.706489,51.85,144.1,303.3,10,0.8,0.071,0.018,,,,,,,,,,,,,,slabs,
387000,1791191187000,56.615866,-4.706461,52.37,144,303.2,10,0.8,0.072,0.018,,,,,13.91,,,145,157,51.7,53,51.9,52.9,slabs,
387200,1791191187200,56.615844,-4.706433,52.91,143.9,303.2,10,0.8,0.073,0.015,,,,,,,,,,,,,,slabs,
387400,1791191187400,56.615823,-4.706404,53.45,143.7,303.2,10,0.8,0.074,0.018,,,,,,,,,,,,,,slabs,
387600,1791191187600,56.615801,-4.706376,54.01,143.6,303.2,10,0.8,0.076,0.018,,,,,,,,,,,,,,slabs,
387800,1791191187800,56.61578,-4.706346,54.56,143.5,303.1,10,0.8,0.077,0.016,,,,,,,,,,,,,,slabs,
388000,1791191188000,56.615758,-4.706317,55.13,143.3,303.1,11,0.8,0.078,0.019,,,,,13.91,,,147,159,54.5,55.8,54.6,55.6,slabs,
388200,1791191188200,56.615735,-4.706287,55.7,143.2,303.1,11,0.8,0.079,0.019,,,,,,,,,,,,,,slabs,
388400,1791191188400,56.615713,-4.706256,56.27,143.1,303,11,0.8,0.08,0.016,,,,,,,,,,,,,,slabs,
388600,1791191188600,56.61569,-4.706225,56.86,142.9,303,11,0.8,0.081,0.019,,,,,,,,,,,,,,slabs,
388800,1791191188800,56.615668,-4.706194,57.44,142.8,303,11,0.8,0.082,0.019,,,,,,,,,,,,,,slabs,
389000,1791191189000,56.615645,-4.706162,58.03,142.6,302.9,11,0.8,0.082,0.02,,,,,13.92,,,151,162,57.4,58.6,57.5,58.5,slabs,
389200,1791191189200,56.615622,-4.70613,58.62,142.5,302.9,11,0.8,0.083,0.02,,,,,,,,,,,,,,slabs,
389400,1791191189400,56.615598,-4.706098,59.21,142.4,302.9,11,0.8,0.083,0.02,,,,,,,,,,,,,,slabs,
389600,1791191189600,56.615575,-4.706065,59.81,142.2,302.8,11,0.8,0.084,0.02,,,,,,,,,,,,,,slabs,
389800,1791191189800,56.615551,-4.706031,60.4,142.1,302.8,11,0.8,0.084,0.02,,,,,,,,,,,,,,slabs,
390000,1791191190000,56.615527,-4.705997,61,141.9,302.8,11,0.8,0.084,0.021,,,,,13.92,,,147,159,60.4,61.6,60.6,61.4,slabs,
390200,1791191190200,56.615503,-4.705963,61.6,141.8,302.7,11,0.8,0.084,0.021,,,,,,,,,,,,,,slabs,
390400,1791191190400,56.615479,-4.705928,62.19,141.6,302.7,11,0.8,0.084,0.024,,,,,,,,,,,,,,slabs,
390600,1791191190600,56.615454,-4.705893,62.79,141.5,302.7,11,0.8,0.084,0.021,,,,,,,,,,,,,,slabs,
390800,1791191190800,56.61543,-4.705857,63.38,141.3,302.6,11,0.8,0.084,0.024,,,,,,,,,,,,,,slabs,
391000,1791191191000,56.615405,-4.705821,63.97,141.2,302.6,11,0.8,0.084,0.022,,,,,13.92,,,145,156,63.5,64.5,63.6,64.4,slabs,
391200,1791191191200,56.61538,-4.705785,64.56,141,302.6,11,0.8,0.084,0.025,,,,,,,,,,,,,,slabs,
391400,1791191191400,56.615355,-4.705748,65.14,140.9,302.5,11,0.8,0.084,0.022,,,,,,,,,,,,,,slabs,
391600,1791191191600,56.61533,-4.70571,65.73,140.7,302.5,11,0.8,0.083,0.025,,,,,,,,,,,,,,slabs,
391800,1791191191800,56.615304,-4.705672,66.3,140.6,302.4,11,0.8,0.083,0.022,,,,,,,,,,,,,,slabs,
392000,1791191192000,56.615278,-4.705634,66.87,140.4,302.4,11,0.8,0.082,0.026,,,,,13.93,,,149,160,66.5,67.3,66.5,67.2,slabs,
392200,1791191192200,56.615253,-4.705595,67.44,140.3,302.4,11,0.8,0.082,0.023,,,,,,,,,,,,,,slabs,
392400,1791191192400,56.615227,-4.705556,67.99,140.1,302.3,11,0.8,0.081,0.026,,,,,,,,,,,,,,slabs,
392600,1791191192600,56.615201,-4.705516,68.55,140,302.3,11,0.8,0.08,0.023,,,,,,,,,,,,,,slabs,
392800,1791191192800,56.615174,-4.705476,69.09,139.8,302.3,11,0.8,0.079,0.027,,,,,,,,,,,,,,slabs,
393000,1791191193000,56.615148,-4.705435,69.63,139.7,302.2,11,0.8,0.078,0.024,,,,,13.93,,,151,161,69.3,70,69.4,69.9,slabs,
393200,1791191193200,56.615121,-4.705394,70.15,139.5,302.2,11,0.8,0.077,0.027,,,,,,,,,,,,,,slabs,
393400,1791191193400,56.615095,-4.705353,70.67,139.4,302.2,11,0.8,0.076,0.024,,,,,,,,,,,,,,slabs,
393600,1791191193600,56.615068,-4.705311,71.18,139.2,302.1,11,0.8,0.074,0.028,,,,,,,,,,,,,,slabs,
393800,1791191193800,56.615041,-4.705268,71.68,139,302.1,11,0.8,0.073,0.028,,,,,,,,,,,,,,slabs,
394000,1791191194000,56.615014,-4.705226,72.17,138.9,302,11,0.8,0.072,0.028,,,,,13.94,,,147,157,71.9,72.4,72,72.3,slabs,
394200,1791191194200,56.614986,-4.705182,72.65,138.7,302,11,0.8,0.071,0.028,,,,,,,,,,,,,,slabs,
394400,1791191194400,56.614959,-4.705139,73.11,138.6,302,11,0.8,0.069,0.028,,,,,,,,,,,,,,slabs,
394600,1791191194600,56.614932,-4.705095,73.56,138.4,301.9,11,0.8,0.067,0.029,,,,,,,,,,,,,,slabs,
394800,1791191194800,56.614904,-4.70505,74.01,138.3,301.9,11,0.8,0.066,0.025,,,,,,,,,,,,,,slabs,
395000,1791191195000,56.614876,-4.705005,74.44,138.1,301.9,11,0.8,0.064,0.029,,,,,13.95,,,147,156,74.3,74.5,74.4,74.5,slabs,
395200,1791191195200,56.614849,-4.70496,74.85,138,301.8,11,0.8,0.062,0.026,,,,,,,,,,,,,,slabs,
395400,1791191195400,56.614821,-4.704915,75.25,137.8,301.8,11,0.8,0.061,0.029,,,,,,,,,,,,,,slabs,
395600,1791191195600,56.614793,-4.704869,75.64,137.6,301.7,11,0.8,0.059,0.03,,,,,,,,,,,,,,slabs,
395800,1791191195800,56.614765,-4.704822,76.01,137.5,301.7,11,0.8,0.057,0.03,,,,,,,,,,,,,,slabs,
396000,1791191196000,56.614737,-4.704775,76.37,137.3,301.7,11,0.8,0.055,0.03,,,,,13.95,,,151,160,76.4,76.4,76.4,76.4,slabs,
396200,1791191196200,56.614709,-4.704728,76.71,137.2,301.6,11,0.8,0.053,0.03,,,,,,,,,,,,,,slabs,
396400,1791191196400,56.614681,-4.704681,77.04,137,301.6,11,0.8,0.051,0.03,,,,,,,,,,,,,,slabs,
396600,1791191196600,56.614653,-4.704633,77.35,136.9,301.6,11,0.8,0.048,0.026,,,,,,,,,,,,,,slabs,
396800,1791191196800,56.614625,-4.704585,77.65,136.7,301.5,11,0.8,0.046,0.03,,,,,,,,,,,,,,slabs,
397000,1791191197000,56.614596,-4.704537,77.93,136.5,301.5,11,0.8,0.044,0.031,,,,,13.96,,,151,159,78.1,77.8,78,77.8,slabs,
397200,1791191197200,56.614568,-4.704488,78.19,136.4,301.5,11,0.8,0.042,0.031,,,,,,,,,,,,,,slabs,
397400,1791191197400,56.61454,-4.704439,78.44,136.2,301.4,11,0.8,0.04,0.031,,,,,,,,,,,,,,slabs,
397600,1791191197600,56.614512,-4.704389,78.67,136.1,301.4,11,0.8,0.037,0.031,,,,,,,,,,,,,,slabs,
397800,1791191197800,56.614483,-4.70434,78.88,135.9,301.3,11,0.8,0.035,0.031,,,,,,,,,,,,,,slabs,
398000,1791191198000,56.614455,-4.70429,79.07,135.8,301.3,11,0.8,0.032,0.027,,,,,13.96,,,147,155,79.4,78.8,79.3,78.8,slabs,
398200,1791191198200,56.614427,-4.70424,79.25,135.6,301.3,11,0.8,0.03,0.031,,,,,,,,,,,,,,slabs,
398400,1791191198400,56.614398,-4.704189,79.4,135.4,301.2,11,0.8,0.027,0.031,,,,,,,,,,,,,,slabs,
398600,1791191198600,56.61437,-4.704139,79.54,135.3,301.2,11,0.8,0.025,0.031,,,,,,,,,,,,,,slabs,
398800,1791191198800,56.614342,-4.704088,79.66,135.1,301.2,11,0.8,0.022,0.031,,,,,,,,,,,,,,slabs,
399000,1791191199000,56.614314,-4.704037,79.77,135,301.1,11,0.8,0.02,0.031,,,,,13.97,,,149,156,80.2,79.4,80.1,79.4,slabs,
399200,1791191199200,56.614286,-4.703986,79.85,134.8,301.1,11,0.8,0.017,0.031,,,,,,,,,,,,,,slabs,
399400,1791191199400,56.614258,-4.703934,79.92,134.7,301.1,11,0.8,0.015,0.028,,,,,,,,,,,,,,slabs,
399600,1791191199600,56.61423,-4.703883,79.96,134.5,301,11,0.8,0.012,0.032,,,,,,,,,,,,,,slabs,
399800,1791191199800,56.614202,-4.703831,79.99,134.4,301,11,0.8,0.009,0.028,,,,,,,,,,,,,,slabs,
400000,1791191200000,56.614174,-4.703779,80,134.2,301,11,0.8,0.007,0.032,,,,,13.97,,,153,160,80.5,79.5,80.4,79.6,slabs,
400200,1791191200200,56.614146,-4.703727,80,134.1,300.9,11,0.8,0.004,0.028,,,,,,,,,,,,,,slabs,
400400,1791191200400,56.614118,-4.703675,80,133.9,300.9,11,0.8,0.002,0.032,,,,,,,,,,,,,,slabs,
400600,1791191200600,56.61409,-4.703622,80,133.8,300.9,11,0.8,0.001,0.028,,,,,,,,,,,,,,slabs,
400800,1791191200800,56.614063,-4.70357,80,133.6,300.8,11,0.8,0,0.032,,,,,,,,,,,,,,slabs,
401000,1791191201000,56.614035,-4.703518,80,133.5,300.8,11,0.8,0,0.028,,,,,13.98,,,150,157,80.7,79.4,80.5,79.5,slabs,
401200,1791191201200,56.614008,-4.703465,80.01,133.3,300.8,11,0.8,0,0.032,,,,,,,,,,,,,,slabs,
401400,1791191201400,56.61398,-4.703412,80.01,133.2,300.7,11,0.8,0,0.028,,,,,,,,,,,,,,slabs,
401600,1791191201600,56.613953,-4.703359,80.01,133.1,300.7,11,0.8,0,0.028,,,,,,,,,,,,,,slabs,
401800,1791191201800,56.613926,-4.703306,80.01,132.9,300.7,11,0.8,0,0.028,,,,,,,,,,,,,,slabs,
402000,1791191202000,56.613899,-4.703253,80.02,132.8,300.6,11,0.8,0.001,0.028,,,,,13.98,,,147,154,80.8,79.3,80.6,79.4,slabs,
402200,1791191202200,56.613872,-4.7032,80.02,132.6,300.6,11,0.8,0,0.028,,,,,,,,,,,,,,slabs,
402400,1791191202400,56.613845,-4.703146,80.02,132.5,300.6,11,0.8,0,0.028,,,,,,,,,,,,,,slabs,
402600,1791191202600,56.613818,-4.703093,80.03,132.3,300.5,11,0.8,0.001,0.032,,,,,,,,,,,,,,slabs,
402800,1791191202800,56.613791,-4.703039,80.03,132.2,300.5,11,0.8,0.001,0.028,,,,,,,,,,,,,,slabs,
403000,1791191203000,56.613764,-4.702985,80.04,132.1,300.5,11,0.8,0.001,0.028,,,,,13.98,,,151,157,80.9,79.2,80.7,79.4,slabs,
403200,1791191203200,56.613737,-4.702931,80.04,131.9,300.4,11,0.8,0.001,0.028,,,,,,,,,,,,,,slabs,
403400,1791191203400,56.61371,-4.702877,80.05,131.8,300.4,11,0.8,0.001,0.028,,,,,,,,,,,,,,slabs,
403600,1791191203600,56.613684,-4.702823,80.05,131.7,300.4,11,0.8,0.001,0.024,,,,,,,,,,,,,,slabs,
403800,1791191203800,56.613657,-4.702769,80.06,131.5,300.4,11,0.8,0.001,0.028,,,,,,,,,,,,,,slabs,
404000,1791191204000,56.613631,-4.702714,80.07,131.4,300.3,11,0.8,0.001,0.028,,,,,13.99,,,153,159,81,79.1,80.8,79.3,slabs,
404200,1791191204200,56.613604,-4.70266,80.07,131.2,300.3,11,0.8,0.001,0.028,,,,,,,,,,,,,,slabs,
404400,1791191204400,56.613578,-4.702605,80.08,131.1,300.3,11,0.8,0.001,0.028,,,,,,,,,,,,,,slabs,
404600,1791191204600,56.613552,-4.70255,80.09,131,300.2,11,0.8,0.001,0.028,,,,,,,,,,,,,,slabs,
404800,1791191204800,56.613526,-4.702495,80.09,130.8,300.2,11,0.8,0.001,0.028,,,,,,,,,,,,,,slabs,
405000,1791191205000,56.6135,-4.70244,80.1,130.7,300.2,11,0.8,0.001,0.028,,,,,13.99,,,149,155,81.1,79.1,80.9,79.3,slabs,
405200,1791191205200,56.613474,-4.702385,80.11,130.6,300.2,11,0.8,0.001,0.024,,,,,,,,,,,,,,slabs,
405400,1791191205400,56.613448,-4.70233,80.12,130.4,300.1,11,0.8,0.001,0.028,,,,,,,,,,,,,,slabs,
405600,1791191205600,56.613422,-4.702275,80.13,130.3,300.1,11,0.8,0.001,0.028,,,,,,,,,,,,,,slabs,
405800,1791191205800,56.613396,-4.702219,80.14,130.2,300.1,11,0.8,0.001,0.024,,,,,,,,,,,,,,slabs,
406000,1791191206000,56.61337,-4.702164,80.15,130,300.1,11,0.8,0.001,0.028,,,,,13.99,,,148,154,81.2,79.1,81,79.3,slabs,
406200,1791191206200,56.613344,-4.702108,80.16,129.9,300,11,0.8,0.001,0.028,,,,,,,,,,,,,,slabs,
406400,1791191206400,56.613319,-4.702052,80.17,129.8,300,11,0.8,0.001,0.024,,,,,,,,,,,,,,slabs,
406600,1791191206600,56.613293,-4.701996,80.18,129.6,300,11,0.8,0.001,0.028,,,,,,,,,,,,,,slabs,
406800,1791191206800,56.613268,-4.70194,80.19,129.5,299.9,11,0.8,0.001,0.028,,,,,,,,,,,,,,slabs,
407000,1791191207000,56.613242,-4.701884,80.2,129.4,299.9,11,0.8,0.001,0.024,,,,,13.99,,,153,158,81.3,79.1,81.1,79.3,slabs,
407200,1791191207200,56.613217,-4.701828,80.21,129.3,299.9,11,0.8,0.001,0.024,,,,,,,,,,,,,,slabs,
407400,1791191207400,56.613191,-4.701771,80.22,129.1,299.9,11,0.8,0.001,0.028,,,,,,,,,,,,,,slabs,
407600,1791191207600,56.613166,-4.701715,80.23,129,299.8,11,0.8,0.001,0.024,,,,,,,,,,,,,,slabs,
407800,1791191207800,56.613141,-4.701658,80.25,128.9,299.8,11,0.8,0.002,0.024,,,,,,,,,,,,,,slabs,
408000,1791191208000,56.613116,-4.701601,80.26,128.7,299.8,11,0.8,0.002,0.028,,,,,13.99,,,153,158,81.4,79.1,81.2,79.3,slabs,
408200,1791191208200,56.613091,-4.701545,80.27,128.6,299.8,11,0.8,0.002,0.028,,,,,,,,,,,,,,slabs,
408400,1791191208400,56.613066,-4.701488,80.29,128.5,299.8,11,0.8,0.002,0.024,,,,,,,,,,,,,,slabs,
408600,1791191208600,56.613041,-4.701431,80.3,128.4,299.7,11,0.8,0.002,0.024,,,,,,,,,,,,,,slabs,
408800,1791191208800,56.613016,-4.701374,80.31,128.2,299.7,11,0.8,0.002,0.028,,,,,,,,,,,,,,slabs,
409000,1791191209000,56.612991,-4.701316,80.33,128.1,299.7,11,0.8,0.002,0.024,,,,,13.99,,,148,153,81.5,79.1,81.3,79.4,slabs,
409200,1791191209200,56.612967,-4.701259,80.34,128,299.7,11,0.8,0.002,0.024,,,,,,,,,,,,,,slabs,
409400,1791191209400,56.612942,-4.701201,80.36,127.9,299.6,11,0.8,0.002,0.024,,,,,,,,,,,,,,slabs,
409600,1791191209600,56.612917,-4.701144,80.37,127.7,299.6,11,0.8,0.002,0.028,,,,,,,,,,,,,,slabs,
409800,1791191209800,56.612893,-4.701086,80.39,127.6,299.6,11,0.8,0.002,0.024,,,,,,,,,,,,,,slabs,
410000,1791191210000,56.612868,-4.701028,80.4,127.5,299.6,11,0.8,0.002,0.024,,,,,13.99,,,150,155,81.6,79.2,81.4,79.4,slabs,
410200,1791191210200,56.612844,-4.700971,80.42,127.4,299.6,11,0.8,0.002,0.024,,,,,,,,,,,,,,slabs,
410400,1791191210400,56.61282,-4.700913,80.43,127.3,299.5,11,0.8,0.002,0.024,,,,,,,,,,,,,,slabs,
410600,1791191210600,56.612795,-4.700854,80.45,127.1,299.5,11,0.8,0.002,0.024,,,,,,,,,,,,,,slabs,
410800,1791191210800,56.612771,-4.700796,80.47,127,299.5,11,0.8,0.002,0.024,,,,,,,,,,,,,,slabs,
411000,1791191211000,56.612747,-4.700738,80.48,126.9,299.5,11,0.8,0.002,0.024,,,,,13.98,,,154,159,81.7,79.3,81.4,79.5,slabs,
411200,1791191211200,56.612723,-4.700679,80.5,126.8,299.5,11,0.8,0.002,0.024,,,,,,,,,,,,,,slabs,
411400,1791191211400,56.612699,-4.700621,80.52,126.6,299.4,11,0.8,0.003,0.028,,,,,,,,,,,,,,slabs,
411600,1791191211600,56.612675,-4.700562,80.54,126.5,299.4,11,0.8,0.003,0.024,,,,,,,,,,,,,,slabs,
411800,1791191211800,56.612651,-4.700504,80.55,126.4,299.4,11,0.8,0.002,0.024,,,,,,,,,,,,,,slabs,
412000,1791191212000,56.612627,-4.700445,80.57,126.3,299.4,11,0.8,0.003,0.024,,,,,13.98,,,151,157,81.8,79.4,81.5,79.6,slabs,
412200,1791191212200,56.612603,-4.700386,80.59,126.2,299.4,11,0.8,0.003,0.024,,,,,,,,,,,,,,slabs,
412400,1791191212400,56.61258,-4.700327,80.61,126,299.3,11,0.8,0.003,0.024,,,,,,,,,,,,,,slabs,
412600,1791191212600,56.612556,-4.700268,80.63,125.9,299.3,11,0.8,0.003,0.024,,,,,,,,,,,,,,slabs,
412800,1791191212800,56.612532,-4.700208,80.65,125.8,299.3,11,0.8,0.003,0.024,,,,,,,,,,,,,,slabs,
413000,1791191213000,56.612509,-4.700149,80.67,125.7,299.3,11,0.8,0.003,0.024,,,,,13.98,,,148,153,81.8,79.5,81.6,79.8,slabs,
413200,1791191213200,56.612485,-4.700089,80.69,125.6,299.3,11,0.8,0.003,0.024,,,,,,,,,,,,,,slabs,
413400,1791191213400,56.612462,-4.70003,80.71,125.5,299.3,11,0.8,0.003,0.02,,,,,,,,,,,,,,slabs,
413600,1791191213600,56.612439,-4.69997,80.73,125.3,299.2,11,0.8,0.003,0.024,,,,,,,,,,,,,,slabs,
413800,1791191213800,56.612415,-4.69991,80.75,125.2,299.2,11,0.8,0.003,0.024,,,,,,,,,,,,,,slabs,
414000,1791191214000,56.612392,-4.699851,80.77,125.1,299.2,11,0.8,0.003,0.024,,,,,13.97,,,151,156,81.9,79.7,81.6,79.9,slabs,
414200,1791191214200,56.612369,-4.699791,80.79,125,299.2,11,0.8,0.003,0.024,,,,,,,,,,,,,,slabs,
414400,1791191214400,56.612346,-4.699731,80.81,124.9,299.2,11,0.8,0.003,0.024,,,,,,,,,,,,,,slabs,
414600,1791191214600,56.612323,-4.69967,80.83,124.8,299.2,11,0.8,0.003,0.02,,,,,,,,,,,,,,slabs,
414800,1791191214800,56.6123,-4.69961,80.86,124.6,299.1,11,0.8,0.003,0.024,,,,,,,,,,,,,,slabs,
415000,1791191215000,56.612277,-4.69955,80.88,124.5,299.1,11,0.8,0.003,0.024,,,,,13.97,,,154,159,81.9,79.8,81.7,80.1,slabs,
415200,1791191215200,56.612254,-4.699489,80.9,124.4,299.1,11,0.8,0.003,0.024,,,,,,,,,,,,,,slabs,
415400,1791191215400,56.612231,-4.699429,80.92,124.3,299.1,11,0.8,0.003,0.024,,,,,,,,,,,,,,slabs,
415600,1791191215600,56.612208,-4.699368,80.95,124.2,299.1,11,0.8,0.003,0.024,,,,,,,,,,,,,,slabs,
415800,1791191215800,56.612186,-4.699307,80.97,124.1,299.1,11,0.8,0.003,0.02,,,,,,,,,,,,,,slabs,
416000,1791191216000,56.612163,-4.699246,80.99,124,299.1,11,0.8,0.003,0.02,,,,,13.96,,,150,155,81.9,80,81.8,80.2,slabs,
416200,1791191216200,56.612141,-4.699185,81.02,123.8,299,11,0.8,0.003,0.024,,,,,,,,,,,,,,slabs,
416400,1791191216400,56.612118,-4.699124,81.04,123.7,299,11,0.8,0.003,0.024,,,,,,,,,,,,,,slabs,
416600,1791191216600,56.612096,-4.699063,81.06,123.6,299,11,0.8,0.003,0.024,,,,,,,,,,,,,,slabs,
416800,1791191216800,56.612073,-4.699002,81.09,123.5,299,11,0.8,0.003,0.024,,,,,,,,,,,,,,slabs,
417000,1791191217000,56.612051,-4.69894,81.11,123.4,299,11,0.8,0.003,0.024,,,,,13.95,,,148,154,82,80.2,81.8,80.4,slabs,
417200,1791191217200,56.612029,-4.698879,81.14,123.3,299,11,0.8,0.003,0.02,,,,,,,,,,,,,,slabs,
417400,1791191217400,56.612006,-4.698817,81.16,123.2,299,11,0.8,0.003,0.02,,,,,,,,,,,,,,slabs,
417600,1791191217600,56.611984,-4.698756,81.19,123.1,299,11,0.8,0.004,0.02,,,,,,,,,,,,,,slabs,
417800,1791191217800,56.611962,-4.698694,81.21,122.9,298.9,11,0.8,0.003,0.024,,,,,,,,,,,,,,slabs,
418000,1791191218000,56.61194,-4.698632,81.24,122.8,298.9,11,0.8,0.004,0.024,,,,,13.95,,,152,158,82,80.5,81.8,80.6,slabs,
418200,1791191218200,56.611918,-4.69857,81.26,122.7,298.9,11,0.8,0.003,0.024,,,,,,,,,,,,,,slabs,
418400,1791191218400,56.611896,-4.698508,81.29,122.6,298.9,11,0.8,0.004,0.024,,,,,,,,,,,,,,slabs,
418600,1791191218600,56.611874,-4.698446,81.31,122.5,298.9,11,0.8,0.003,0.024,,,,,,,,,,,,,,slabs,
418800,1791191218800,56.611853,-4.698384,81.34,122.4,298.9,11,0.8,0.004,0.02,,,,,,,,,,,,,,slabs,
419000,1791191219000,56.611831,-4.698321,81.37,122.3,298.9,11,0.8,0.004,0.02,,,,,13.94,,,152,159,82,80.7,81.9,80.8,slabs,
419200,1791191219200,56.611809,-4.698259,81.39,122.2,298.9,11,0.8,0.004,0.02,,,,,,,,,,,,,,slabs,
419400,1791191219400,56.611788,-4.698196,81.42,122.1,298.9,11,0.8,0.004,0.02,,,,,,,,,,,,,,slabs,
419600,1791191219600,56.611766,-4.698134,81.45,121.9,298.9,11,0.8,0.004,0.024,,,,,,,,,,,,,,slabs,
419800,1791191219800,56.611745,-4.698071,81.47,121.8,298.8,11,0.8,0.004,0.024,,,,,,,,,,,,,,slabs,
420000,1791191220000,56.611723,-4.698008,81.5,121.7,298.8,11,0.8,0.004,0.024,,,,,13.94,,,148,155,82,81,81.9,81.1,slabs,
420200,1791191220200,56.611702,-4.697945,81.53,121.6,298.8,11,0.8,0.004,0.024,,,,,,,,,,,,,,slabs,
420400,1791191220400,56.61168,-4.697882,81.55,121.5,298.8,11,0.8,0.004,0.024,,,,,,,,,,,,,,slabs,
420600,1791191220600,56.611659,-4.697819,81.58,121.4,298.8,11,0.8,0.004,0.02,,,,,,,,,,,,,,slabs,
420800,1791191220800,56.611638,-4.697756,81.61,121.3,298.8,11,0.8,0.004,0.02,,,,,,,,,,,,,,slabs,
421000,1791191221000,56.611617,-4.697693,81.64,121.2,298.8,11,0.8,0.004,0.02,,,,,13.93,,,148,156,82.1,81.2,82,81.3,slabs,
421200,1791191221200,56.611596,-4.697629,81.67,121.1,298.8,11,0.8,0.004,0.02,,,,,,,,,,,,,,slabs,
421400,1791191221400,56.611575,-4.697566,81.69,121,298.8,11,0.8,0.004,0.02,,,,,,,,,,,,,,slabs,
421600,1791191221600,56.611554,-4.697502,81.72,120.9,298.8,11,0.8,0.004,0.02,,,,,,,,,,,,,,slabs,
421800,1791191221800,56.611533,-4.697439,81.75,120.7,298.8,11,0.8,0.004,0.024,,,,,,,,,,,,,,slabs,
422000,1791191222000,56.611512,-4.697375,81.78,120.6,298.8,11,0.8,0.004,0.024,,,,,13.93,,,152,160,82.1,81.5,82,81.6,slabs,
422200,1791191222200,56.611491,-4.697311,81.81,120.5,298.8,11,0.8,0.004,0.024,,,,,,,,,,,,,,slabs,
422400,1791191222400,56.611471,-4.697247,81.84,120.4,298.8,11,0.8,0.004,0.024,,,,,,,,,,,,,,slabs,
422600,1791191222600,56.61145,-4.697183,81.87,120.3,298.7,11,0.8,0.004,0.024,,,,,,,,,,,,,,slabs,
422800,1791191222800,56.611429,-4.697119,81.9,120.2,298.7,11,0.8,0.004,0.02,,,,,,,,,,,,,,slabs,
423000,1791191223000,56.611409,-4.697055,81.92,120.1,298.7,11,0.8,0.004,0.02,,,,,13.92,,,150,159,82.1,81.8,82,81.8,slabs,
423200,1791191223200,56.611388,-4.69699,81.95,120,298.7,11,0.8,0.004,0.02,,,,,,,,,,,,,,slabs,
423400,1791191223400,56.611368,-4.696926,81.98,119.9,298.7,11,0.8,0.004,0.02,,,,,,,,,,,,,,slabs,
423600,1791191223600,56.611347,-4.696861,82.01,119.8,298.7,11,0.8,0.004,0.02,,,,,,,,,,,,,,slabs,
423800,1791191223800,56.611327,-4.696797,82.04,119.7,298.7,11,0.8,0.004,0.02,,,,,,,,,,,,,,slabs,
424000,1791191224000,56.611307,-4.696732,82.07,119.6,298.7,11,0.9,0.004,0.02,,,,,13.92,,,146,155,82.1,82.1,82.1,82.1,slabs,
424200,1791191224200,56.611287,-4.696667,82.1,119.5,298.7,11,0.9,0.004,0.02,,,,,,,,,,,,,,slabs,
424400,1791191224400,56.611267,-4.696602,82.13,119.3,298.7,11,0.9,0.004,0.024,,,,,,,,,,,,,,slabs,
424600,1791191224600,56.611247,-4.696537,82.16,119.2,298.7,11,0.9,0.004,0.024,,,,,,,,,,,,,,slabs,
424800,1791191224800,56.611227,-4.696472,82.19,119.1,298.7,11,0.9,0.004,0.024,,,,,,,,,,,,,,slabs,
425000,1791191225000,56.611207,-4.696407,82.22,119,298.7,11,0.9,0.004,0.024,,,,,13.92,,,149,158,82.1,82.3,82.1,82.3,slabs,
425200,1791191225200,56.611187,-4.696342,82.25,118.9,298.7,11,0.9,0.004,0.024,,,,,,,,,,,,,,slabs,
425400,1791191225400,56.611167,-4.696277,82.28,118.8,298.7,11,0.9,0.004,0.02,,,,,,,,,,,,,,slabs,
425600,1791191225600,56.611147,-4.696211,82.31,118.7,298.7,11,0.9,0.004,0.02,,,,,,,,,,,,,,slabs,
425800,1791191225800,56.611127,-4.696146,82.35,118.6,298.7,11,0.9,0.005,0.02,,,,,,,,,,,,,,slabs,
426000,1791191226000,56.611108,-4.69608,82.38,118.5,298.7,11,0.9,0.005,0.02,,,,,13.91,,,152,161,82.1,82.6,82.2,82.6,slabs,
426200,1791191226200,56.611088,-4.696014,82.41,118.4,298.7,11,0.9,0.005,0.02,,,,,,,,,,,,,,slabs,
426400,1791191226400,56.611069,-4.695949,82.44,118.3,298.7,11,0.9,0.005,0.02,,,,,,,,,,,,,,slabs,
426600,1791191226600,56.611049,-4.695883,82.47,118.2,298.7,11,0.9,0.005,0.02,,,,,,,,,,,,,,slabs,
426800,1791191226800,56.61103,-4.695817,82.5,118.1,298.7,11,0.9,0.004,0.02,,,,,,,,,,,,,,slabs,
427000,1791191227000,56.61101,-4.695751,82.53,118,298.7,11,0.9,0.004,0.02,,,,,13.91,,,148,158,82.1,82.9,82.2,82.8,slabs,
427200,1791191227200,56.610991,-4.695685,82.56,117.9,298.7,11,0.9,0.004,0.02,,,,,,,,,,,,,,slabs,
427400,1791191227400,56.610972,-4.695618,82.59,117.8,298.7,11,0.9,0.004,0.02,,,,,,,,,,,,,,slabs,
427600,1791191227600,56.610953,-4.695552,82.62,117.6,298.7,11,0.9,0.004,0.024,,,,,,,,,,,,,,slabs,
427800,1791191227800,56.610933,-4.695486,82.66,117.5,298.7,11,0.9,0.005,0.024,,,,,,,,,,,,,,slabs,
428000,1791191228000,56.610914,-4.695419,82.69,117.4,298.7,11,0.9,0.005,0.025,,,,,13.91,,,145,156,82.2,83.2,82.3,83.1,slabs,
428200,1791191228200,56.610895,-4.695352,82.72,117.3,298.7,11,0.9,0.005,0.025,,,,,,,,,,,,,,slabs,
428400,1791191228400,56.610876,-4.695286,82.75,117.2,298.7,11,0.9,0.005,0.025,,,,,,,,,,,,,,slabs,
428600,1791191228600,56.610858,-4.695219,82.78,117.1,298.7,11,0.9,0.005,0.02,,,,,,,,,,,,,,slabs,
428800,1791191228800,56.610839,-4.695152,82.81,117,298.7,11,0.9,0.004,0.02,,,,,,,,,,,,,,slabs,
429000,1791191229000,56.61082,-4.695085,82.84,116.9,298.7,11,0.9,0.004,0.02,,,,,13.91,,,149,160,82.2,83.5,82.3,83.4,slabs,
429200,1791191229200,56.610801,-4.695018,82.87,116.8,298.7,11,0.9,0.004,0.02,,,,,,,,,,,,,,slabs,
429400,1791191229400,56.610783,-4.694951,82.91,116.7,298.7,11,0.9,0.005,0.02,,,,,,,,,,,,,,slabs,
429600,1791191229600,56.610764,-4.694884,82.94,116.6,298.7,11,0.9,0.005,0.02,,,,,,,,,,,,,,slabs,
429800,1791191229800,56.610746,-4.694816,82.97,116.5,298.7,11,0.9,0.005,0.02,,,,,,,,,,,,,,slabs,
430000,1791191230000,56.610727,-4.694749,83,116.4,298.7,11,0.9,0.005,0.02,,,,,13.91,,,150,162,82.2,83.8,82.4,83.6,slabs,
430200,1791191230200,56.610709,-4.694682,83.03,116.3,298.7,11,0.9,0.005,0.021,,,,,,,,,,,,,,slabs,
430400,1791191230400,56.61069,-4.694614,83.06,116.2,298.7,11,0.9,0.004,0.021,,,,,,,,,,,,,,slabs,
430600,1791191230600,56.610672,-4.694546,83.09,116.1,298.7,11,0.9,0.004,0.021,,,,,,,,,,,,,,slabs,
430800,1791191230800,56.610654,-4.694479,83.13,116,298.7,11,0.9,0.005,0.021,,,,,,,,,,,,,,slabs,
431000,1791191231000,56.610636,-4.694411,83.16,115.9,298.7,11,0.9,0.005,0.021,,,,,13.91,,,146,157,82.3,84,82.5,83.8,slabs,
431200,1791191231200,56.610618,-4.694343,83.19,115.8,298.7,11,0.9,0.005,0.021,,,,,,,,,,,,,,slabs,
431400,1791191231400,56.6106,-4.694275,83.22,115.7,298.7,11,0.9,0.005,0.021,,,,,,,,,,,,,,slabs,
431600,1791191231600,56.610582,-4.694207,83.25,115.5,298.7,11,0.9,0.005,0.025,,,,,,,,,,,,,,slabs,
431800,1791191231800,56.610564,-4.694139,83.28,115.4,298.7,11,0.9,0.004,0.025,,,,,,,,,,,,,,slabs,
432000,1791191232000,56.610546,-4.69407,83.31,115.3,298.8,11,0.9,0.004,0.025,,,,,13.91,,,145,158,82.4,84.3,82.5,84.1,slabs,
432200,1791191232200,56.610528,-4.694002,83.34,115.2,298.8,11,0.9,0.004,0.025,,,,,,,,,,,,,,slabs,
432400,1791191232400,56.61051,-4.693934,83.38,115.1,298.8,11,0.9,0.005,0.025,,,,,,,,,,,,,,slabs,
432600,1791191232600,56.610493,-4.693865,83.41,115,298.8,11,0.9,0.005,0.021,,,,,,,,,,,,,,slabs,
432800,1791191232800,56.610475,-4.693797,83.44,114.9,298.8,11,0.9,0.005,0.021,,,,,,,,,,,,,,slabs,
433000,1791191233000,56.610458,-4.693728,83.47,114.8,298.8,11,0.9,0.005,0.021,,,,,13.92,,,150,162,82.4,84.5,82.6,84.3,slabs,
433200,1791191233200,56.61044,-4.693659,83.5,114.7,298.8,11,0.9,0.005,0.021,,,,,,,,,,,,,,slabs,
433400,1791191233400,56.610423,-4.69359,83.53,114.6,298.8,11,0.9,0.004,0.021,,,,,,,,,,,,,,slabs,
433600,1791191233600,56.610405,-4.693521,83.56,114.5,298.8,11,0.9,0.004,0.021,,,,,,,,,,,,,,slabs,
433800,1791191233800,56.610388,-4.693452,83.59,114.4,298.8,11,0.9,0.004,0.021,,,,,,,,,,,,,,slabs,
434000,1791191234000,56.610371,-4.693383,83.62,114.3,298.8,11,0.9,0.004,0.021,,,,,13.92,,,149,161,82.5,84.7,82.7,84.5,slabs,
434200,1791191234200,56.610354,-4.693314,83.65,114.2,298.8,11,0.9,0.004,0.021,,,,,,,,,,,,,,slabs,
434400,1791191234400,56.610337,-4.693245,83.69,114.1,298.8,11,0.9,0.005,0.021,,,,,,,,,,,,,,slabs,
434600,1791191234600,56.61032,-4.693175,83.72,114,298.8,11,0.9,0.005,0.021,,,,,,,,,,,,,,slabs,
434800,1791191234800,56.610303,-4.693106,83.75,113.9,298.8,11,0.9,0.005,0.021,,,,,,,,,,,,,,slabs,
435000,1791191235000,56.610286,-4.693037,83.78,113.8,298.8,11,0.9,0.005,0.021,,,,,13.92,,,144,157,82.6,85,82.8,84.7,slabs,
435200,1791191235200,56.610269,-4.692967,83.81,113.7,298.9,11,0.9,0.005,0.021,,,,,,,,,,,,,,slabs,
435400,1791191235400,56.610252,-4.692897,83.84,113.5,298.9,11,0.9,0.004,0.025,,,,,,,,,,,,,,slabs,
435600,1791191235600,56.610236,-4.692828,83.87,113.4,298.9,11,0.9,0.004,0.025,,,,,,,,,,,,,,slabs,
435800,1791191235800,56.610219,-4.692758,83.9,113.3,298.9,11,0.9,0.004,0.025,,,,,,,,,,,,,,slabs,
436000,1791191236000,56.610202,-4.692688,83.93,113.2,298.9,11,0.9,0.004,0.025,,,,,13.93,,,146,159,82.7,85.1,83,84.9,slabs,
436200,1791191236200,56.610186,-4.692618,83.96,113.1,298.9,11,0.9,0.004,0.025,,,,,,,,,,,,,,slabs,
436400,1791191236400,56.610169,-4.692548,83.99,113,298.9,11,0.9,0.004,0.021,,,,,,,,,,,,,,slabs,
436600,1791191236600,56.610153,-4.692478,84.02,112.9,298.9,11,0.9,0.004,0.021,,,,,,,,,,,,,,slabs,
436800,1791191236800,56.610137,-4.692407,84.05,112.8,298.9,11,0.9,0.004,0.021,,,,,,,,,,,,,,slabs,
437000,1791191237000,56.610121,-4.692337,84.08,112.7,298.9,11,0.9,0.004,0.021,,,,,13.93,,,150,163,82.8,85.3,83.1,85.1,slabs,
437200,1791191237200,56.610104,-4.692267,84.1,112.6,298.9,11,0.9,0.004,0.021,,,,,,,,,,,,,,slabs,
437400,1791191237400,56.610088,-4.692196,84.13,112.5,299,11,0.9,0.004,0.021,,,,,,,,,,,,,,slabs,
437600,1791191237600,56.610072,-4.692126,84.16,112.4,299,11,0.9,0.004,0.021,,,,,,,,,,,,,,slabs,
437800,1791191237800,56.610056,-4.692055,84.19,112.3,299,11,0.9,0.004,0.021,,,,,,,,,,,,,,slabs,
438000,1791191238000,56.61004,-4.691984,84.22,112.2,299,11,0.9,0.004,0.021,,,,,13.94,,,147,160,83,85.5,83.2,85.2,slabs,
438200,1791191238200,56.610024,-4.691914,84.25,112.1,299,11,0.9,0.004,0.021,,,,,,,,,,,,,,slabs,
438400,1791191238400,56.610009,-4.691843,84.28,112,299,11,0.9,0.004,0.021,,,,,,,,,,,,,,slabs,
438600,1791191238600,56.609993,-4.691772,84.31,111.9,299,11,0.9,0.004,0.021,,,,,,,,,,,,,,slabs,
438800,1791191238800,56.609977,-4.691701,84.33,111.8,299,11,0.9,0.004,0.021,,,,,,,,,,,,,,slabs,
439000,1791191239000,56.609962,-4.69163,84.36,111.6,299,11,0.9,0.004,0.025,,,,,13.95,,,144,157,83.1,85.6,83.4,85.4,slabs,
439200,1791191239200,56.609946,-4.691559,84.39,111.5,299.1,11,0.9,0.004,0.025,,,,,,,,,,,,,,slabs,
439400,1791191239400,56.609931,-4.691487,84.42,111.4,299.1,11,0.9,0.004,0.025,,,,,,,,,,,,,,slabs,
439600,1791191239600,56.609915,-4.691416,84.45,111.3,299.1,11,0.9,0.004,0.025,,,,,,,,,,,,,,slabs,
439800,1791191239800,56.6099,-4.691345,84.47,111.2,299.1,11,0.9,0.004,0.025,,,,,,,,,,,,,,slabs,
440000,1791191240000,56.609885,-4.691273,84.5,111.1,299.1,11,0.9,0.004,0.021,,,,,13.95,,,148,161,83.3,85.7,83.5,85.5,slabs,
440200,1791191240200,56.60987,-4.691202,84.53,111,299.1,11,0.9,0.004,0.021,,,,,,,,,,,,,,slabs,
440400,1791191240400,56.609855,-4.69113,84.55,110.9,299.1,11,0.9,0.004,0.021,,,,,,,,,,,,,,slabs,
440600,1791191240600,56.60984,-4.691058,84.58,110.8,299.1,11,0.9,0.004,0.021,,,,,,,,,,,,,,slabs,
440800,1791191240800,56.609825,-4.690987,84.61,110.7,299.2,11,0.9,0.004,0.021,,,,,,,,,,,,,,slabs,
441000,1791191241000,56.60981,-4.690915,84.63,110.6,299.2,11,0.9,0.004,0.021,,,,,13.96,,,150,163,83.4,85.8,83.7,85.6,slabs,
441200,1791191241200,56.609795,-4.690843,84.66,110.5,299.2,11,0.9,0.004,0.021,,,,,,,,,,,,,,slabs,
441400,1791191241400,56.60978,-4.690771,84.69,110.4,299.2,11,0.9,0.004,0.021,,,,,,,,,,,,,,slabs,
441600,1791191241600,56.609765,-4.690699,84.71,110.3,299.2,11,0.9,0.004,0.021,,,,,,,,,,,,,,slabs,
441800,1791191241800,56.609751,-4.690627,84.74,110.2,299.2,11,0.9,0.004,0.021,,,,,,,,,,,,,,slabs,
442000,1791191242000,56.609736,-4.690555,84.76,110,299.2,11,0.9,0.004,0.025,,,,,13.96,,,146,158,83.6,85.9,83.8,85.7,slabs,
442200,1791191242200,56.609722,-4.690482,84.79,109.9,299.2,11,0.9,0.004,0.025,,,,,,,,,,,,,,slabs,
442400,1791191242400,56.609707,-4.69041,84.81,109.8,299.3,11,0.9,0.003,0.025,,,,,,,,,,,,,,slabs,
442600,1791191242600,56.609693,-4.690338,84.84,109.7,299.3,11,0.9,0.004,0.025,,,,,,,,,,,,,,slabs,
442800,1791191242800,56.609679,-4.690265,84.86,109.6,299.3,11,0.9,0.003,0.025,,,,,,,,,,,,,,slabs,
443000,1791191243000,56.609665,-4.690193,84.89,109.5,299.3,11,0.9,0.004,0.021,,,,,13.97,,,145,157,83.8,86,84,85.8,slabs,
443200,1791191243200,56.60965,-4.69012,84.91,109.4,299.3,11,0.9,0.003,0.021,,,,,,,,,,,,,,slabs,
443400,1791191243400,56.609636,-4.690047,84.94,109.3,299.3,11,0.9,0.004,0.021,,,,,,,,,,,,,,slabs,
443600,1791191243600,56.609622,-4.689975,84.96,109.2,299.3,11,0.9,0.003,0.021,,,,,,,,,,,,,,slabs,
443800,1791191243800,56.609608,-4.689902,84.98,109.1,299.4,11,0.9,0.003,0.021,,,,,,,,,,,,,,slabs,
444000,1791191244000,56.609595,-4.689829,85.01,109,299.4,11,0.9,0.003,0.021,,,,,13.97,,,150,162,84,86,84.2,85.8,slabs,
444200,1791191244200,56.609581,-4.689756,85.03,108.9,299.4,11,0.9,0.003,0.021,,,,,,,,,,,,,,slabs,
444400,1791191244400,56.609567,-4.689683,85.05,108.7,299.4,11,0.9,0.003,0.025,,,,,,,,,,,,,,slabs,
444600,1791191244600,56.609554,-4.68961,85.08,108.6,299.4,11,0.9,0.003,0.025,,,,,,,,,,,,,,slabs,
444800,1791191244800,56.60954,-4.689537,85.1,108.5,299.4,11,0.9,0.003,0.025,,,,,,,,,,,,,,slabs,
445000,1791191245000,56.609526,-4.689463,85.12,108.4,299.4,11,0.9,0.003,0.025,,,,,13.98,,,149,161,84.2,86.1,84.4,85.9,slabs,
445200,1791191245200,56.609513,-4.68939,85.14,108.3,299.5,11,0.9,0.003,0.025,,,,,,,,,,,,,,slabs,
445400,1791191245400,56.6095,-4.689317,85.17,108.2,299.5,11,0.9,0.003,0.021,,,,,,,,,,,,,,slabs,
445600,1791191245600,56.609487,-4.689243,85.19,108.1,299.5,11,0.9,0.003,0.021,,,,,,,,,,,,,,slabs,
445800,1791191245800,56.609473,-4.68917,85.21,108,299.5,11,0.9,0.003,0.021,,,,,,,,,,,,,,slabs,
446000,1791191246000,56.60946,-4.689096,85.23,107.9,299.5,11,0.9,0.003,0.021,,,,,13.98,,,145,157,84.4,86.1,84.6,85.9,slabs,
446200,1791191246200,56.609447,-4.689023,85.25,107.8,299.5,11,0.9,0.003,0.021,,,,,,,,,,,,,,slabs,
446400,1791191246400,56.609434,-4.688949,85.27,107.7,299.5,11,0.9,0.003,0.021,,,,,,,,,,,,,,slabs,
446600,1791191246600,56.609421,-4.688875,85.29,107.5,299.6,11,0.9,0.003,0.025,,,,,,,,,,,,,,slabs,
446800,1791191246800,56.609409,-4.688802,85.31,107.4,299.6,11,0.9,0.003,0.025,,,,,,,,,,,,,,slabs,
447000,1791191247000,56.609396,-4.688728,85.33,107.3,299.6,11,0.9,0.003,0.025,,,,,13.98,,,147,158,84.6,86.1,84.8,85.9,slabs,
447200,1791191247200,56.609383,-4.688654,85.35,107.2,299.6,11,0.9,0.003,0.025,,,,,,,,,,,,,,slabs,
447400,1791191247400,56.609371,-4.68858,85.37,107.1,299.6,11,0.9,0.003,0.025,,,,,,,,,,,,,,slabs,
447600,1791191247600,56.609358,-4.688506,85.39,107,299.6,11,0.9,0.003,0.021,,,,,,,,,,,,,,slabs,
447800,1791191247800,56.609346,-4.688432,85.41,106.9,299.7,11,0.9,0.003,0.021,,,,,,,,,,,,,,slabs,
448000,1791191248000,56.609333,-4.688358,85.43,106.8,299.7,11,0.9,0.003,0.021,,,,,13.99,,,151,162,84.8,86,84.9,85.9,slabs,
448200,1791191248200,56.609321,-4.688283,85.45,106.7,299.7,11,0.9,0.003,0.021,,,,,,,,,,,,,,slabs,
448400,1791191248400,56.609309,-4.688209,85.46,106.6,299.7,11,0.9,0.003,0.021,,,,,,,,,,,,,,slabs,
448600,1791191248600,56.609297,-4.688135,85.48,106.4,299.7,11,0.9,0.003,0.025,,,,,,,,,,,,,,slabs,
448800,1791191248800,56.609285,-4.68806,85.5,106.3,299.7,11,0.9,0.003,0.025,,,,,,,,,,,,,,slabs,
449000,1791191249000,56.609273,-4.687986,85.52,106.2,299.8,11,0.9,0.003,0.025,,,,,13.99,,,149,159,85,86,85.1,85.9,slabs,
449200,1791191249200,56.609261,-4.687911,85.53,106.1,299.8,11,0.9,0.002,0.025,,,,,,,,,,,,,,slabs,
449400,1791191249400,56.609249,-4.687837,85.55,106,299.8,11,0.9,0.003,0.025,,,,,,,,,,,,,,slabs,
449600,1791191249600,56.609237,-4.687762,85.57,105.9,299.8,11,0.9,0.003,0.021,,,,,,,,,,,,,,slabs,
449800,1791191249800,56.609225,-4.687688,85.58,105.8,299.8,11,0.9,0.002,0.021,,,,,,,,,,,,,,slabs,
450000,1791191250000,56.609214,-4.687613,85.6,105.7,299.8,11,0.9,0.002,0.021,,,,,13.99,,,145,156,85.3,85.9,85.3,85.9,slabs,
450200,1791191250200,56.609202,-4.687538,85.61,105.5,299.9,11,0.9,0.002,0.025,,,,,,,,,,,,,,slabs,
450400,1791191250400,56.609191,-4.687463,85.63,105.4,299.9,11,0.9,0.002,0.025,,,,,,,,,,,,,,slabs,
450600,1791191250600,56.60918,-4.687388,85.64,105.3,299.9,11,0.9,0.002,0.025,,,,,,,,,,,,,,slabs,
450800,1791191250800,56.609168,-4.687313,85.66,105.2,299.9,11,0.9,0.002,0.025,,,,,,,,,,,,,,slabs,
451000,1791191251000,56.609157,-4.687238,85.67,105.1,299.9,11,0.9,0.002,0.025,,,,,13.99,,,149,159,85.5,85.9,85.5,85.8,slabs,
451200,1791191251200,56.609146,-4.687163,85.69,105,299.9,11,0.9,0.002,0.021,,,,,,,,,,,,,,slabs,
451400,1791191251400,56.609135,-4.687088,85.7,104.9,300,11,0.9,0.002,0.021,,,,,,,,,,,,,,slabs,
451600,1791191251600,56.609124,-4.687013,85.71,104.8,300,11,0.9,0.002,0.021,,,,,,,,,,,,,,slabs,
451800,1791191251800,56.609113,-4.686938,85.73,104.6,300,11,0.9,0.002,0.025,,,,,,,,,,,,,,slabs,
452000,1791191252000,56.609102,-4.686863,85.74,104.5,300,11,0.9,0.002,0.025,,,,,13.99,,,152,161,85.7,85.8,85.7,85.8,slabs,
452200,1791191252200,56.609092,-4.686787,85.75,104.4,300,11,0.9,0.002,0.025,,,,,,,,,,,,,,slabs,
452400,1791191252400,56.609081,-4.686712,85.77,104.3,300,11,0.9,0.002,0.025,,,,,,,,,,,,,,slabs,
452600,1791191252600,56.60907,-4.686637,85.78,104.2,300.1,11,0.9,0.002,0.025,,,,,,,,,,,,,,slabs,
452800,1791191252800,56.60906,-4.686561,85.79,104.1,300.1,11,0.9,0.002,0.021,,,,,,,,,,,,,,slabs,
453000,1791191253000,56.60905,-4.686486,85.8,104,300.1,11,0.9,0.002,0.021,,,,,13.99,,,148,157,85.9,85.7,85.9,85.7,slabs,
453200,1791191253200,56.609039,-4.68641,85.81,103.9,300.1,11,0.9,0.002,0.021,,,,,,,,,,,,,,slabs,
453400,1791191253400,56.609029,-4.686334,85.82,103.7,300.1,11,0.9,0.001,0.025,,,,,,,,,,,,,,slabs,
453600,1791191253600,56.609019,-4.686259,85.83,103.6,300.1,11,0.9,0.001,0.025,,,,,,,,,,,,,,slabs,
453800,1791191253800,56.609009,-4.686183,85.84,103.5,300.2,11,0.9,0.001,0.025,,,,,,,,,,,,,,slabs,
454000,1791191254000,56.608999,-4.686107,85.85,103.4,300.2,11,0.9,0.001,0.025,,,,,13.99,,,147,155,86.1,85.6,86,85.7,slabs,
454200,1791191254200,56.608989,-4.686032,85.86,103.3,300.2,11,0.9,0.001,0.025,,,,,,,,,,,,,,slabs,
454400,1791191254400,56.608979,-4.685956,85.87,103.2,300.2,11,0.9,0.001,0.021,,,,,,,,,,,,,,slabs,
454600,1791191254600,56.608969,-4.68588,85.88,103,300.2,11,0.9,0.001,0.025,,,,,,,,,,,,,,slabs,
454800,1791191254800,56.60896,-4.685804,85.89,102.9,300.3,11,0.9,0.001,0.025,,,,,,,,,,,,,,slabs,
455000,1791191255000,56.60895,-4.685728,85.9,102.8,300.3,11,0.9,0.001,0.025,,,,,13.98,,,151,159,86.3,85.5,86.2,85.6,slabs,
455200,1791191255200,56.608941,-4.685652,85.91,102.7,300.3,11,0.9,0.001,0.025,,,,,,,,,,,,,,slabs,
455400,1791191255400,56.608931,-4.685576,85.91,102.6,300.3,11,0.9,0.001,0.025,,,,,,,,,,,,,,slabs,
455600,1791191255600,56.608922,-4.6855,85.92,102.5,300.3,11,0.9,0.001,0.021,,,,,,,,,,,,,,slabs,
455800,1791191255800,56.608913,-4.685424,85.93,102.4,300.3,11,0.9,0.001,0.021,,,,,,,,,,,,,,slabs,
456000,1791191256000,56.608904,-4.685348,85.93,102.2,300.4,11,0.9,0.001,0.025,,,,,13.98,,,152,159,86.4,85.4,86.3,85.5,slabs,
456200,1791191256200,56.608894,-4.685272,85.94,102.1,300.4,11,0.9,0.001,0.025,,,,,,,,,,,,,,slabs,
456400,1791191256400,56.608886,-4.685195,85.95,102,300.4,11,0.9,0.001,0.025,,,,,,,,,,,,,,slabs,
456600,1791191256600,56.608877,-4.685119,85.95,101.9,300.4,11,0.9,0.001,0.025,,,,,,,,,,,,,,slabs,
456800,1791191256800,56.608868,-4.685043,85.96,101.8,300.4,11,0.9,0.001,0.025,,,,,,,,,,,,,,slabs,
457000,1791191257000,56.608859,-4.684966,85.96,101.7,300.4,11,0.9,0.001,0.021,,,,,13.98,,,148,155,86.6,85.3,86.5,85.5,slabs,
457200,1791191257200,56.60885,-4.68489,85.97,101.5,300.5,11,0.9,0.001,0.025,,,,,,,,,,,,,,slabs,
457400,1791191257400,56.608842,-4.684814,85.97,101.4,300.5,11,0.9,0.001,0.025,,,,,,,,,,,,,,slabs,
457600,1791191257600,56.608833,-4.684737,85.98,101.3,300.5,11,0.9,0.001,0.025,,,,,,,,,,,,,,slabs,
457800,1791191257800,56.608825,-4.684661,85.98,101.2,300.5,11,0.9,0.001,0.026,,,,,,,,,,,,,,slabs,
458000,1791191258000,56.608817,-4.684584,85.98,101.1,300.5,11,0.9,0.001,0.026,,,,,13.97,,,149,155,86.7,85.2,86.6,85.4,slabs,
458200,1791191258200,56.608809,-4.684508,85.99,100.9,300.5,11,0.9,0.001,0.026,,,,,,,,,,,,,,slabs,
458400,1791191258400,56.6088,-4.684431,85.99,100.8,300.6,11,0.9,0.001,0.026,,,,,,,,,,,,,,slabs,
458600,1791191258600,56.608792,-4.684354,85.99,100.7,300.6,11,0.9,0,0.026,,,,,,,,,,,,,,slabs,
458800,1791191258800,56.608784,-4.684278,85.99,100.6,300.6,11,0.9,0,0.026,,,,,,,,,,,,,,slabs,
459000,1791191259000,56.608777,-4.684201,86,100.5,300.6,11,0.9,0.001,0.026,,,,,13.97,,,153,159,86.9,85.1,86.7,85.3,slabs,
459200,1791191259200,56.608769,-4.684124,86,100.4,300.6,11,0.9,0,0.021,,,,,,,,,,,,,,slabs,
459400,1791191259400,56.608761,-4.684048,86,100.2,300.7,11,0.9,0,0.026,,,,,,,,,,,,,,slabs,
459600,1791191259600,56.608753,-4.683971,86,100.1,300.7,11,0.9,0,0.026,,,,,,,,,,,,,,slabs,
459800,1791191259800,56.608746,-4.683894,86,100,300.7,11,0.9,0,0.026,,,,,,,,,,,,,,slabs,
460000,1791191260000,56.608739,-4.683817,86,99.9,300.7,11,0.9,0,0.026,,,,,13.96,,,151,157,87,85,86.8,85.2,slabs,
460200,1791191260200,56.608731,-4.68374,86,99.8,300.7,11,0.9,0,0.026,,,,,,,,,,,,,,slabs,
460400,1791191260400,56.608724,-4.683663,86,99.6,300.7,11,0.9,0,0.026,,,,,,,,,,,,,,slabs,
460600,1791191260600,56.608717,-4.683586,86,99.5,300.8,11,0.9,0,0.026,,,,,,,,,,,,,,slabs,
460800,1791191260800,56.60871,-4.683509,86,99.4,300.8,11,0.9,0,0.026,,,,,,,,,,,,,,slabs,
461000,1791191261000,56.608703,-4.683432,86,99.3,300.8,11,0.9,0,0.026,,,,,13.95,,,148,153,87.1,84.9,86.8,85.2,slabs,
461200,1791191261200,56.608696,-4.683355,86,99.2,300.8,11,0.9,0,0.026,,,,,,,,,,,,,,slabs,
461400,1791191261400,56.608689,-4.683278,86,99,300.8,11,0.9,0,0.026,,,,,,,,,,,,,,slabs,
461600,1791191261600,56.608682,-4.683201,85.99,98.9,300.8,11,0.9,0,0.026,,,,,,,,,,,,,,slabs,
461800,1791191261800,56.608676,-4.683124,85.99,98.8,300.9,11,0.9,0,0.026,,,,,,,,,,,,,,slabs,
462000,1791191262000,56.608669,-4.683047,85.99,98.7,300.9,11,0.9,0,0.026,,,,,13.95,,,151,156,87.1,84.9,86.9,85.1,slabs,
462200,1791191262200,56.608663,-4.68297,85.99,98.6,300.9,11,0.9,0,0.026,,,,,,,,,,,,,,slabs,
462400,1791191262400,56.608656,-4.682893,85.99,98.4,300.9,11,0.9,0,0.026,,,,,,,,,,,,,,slabs,
462600,1791191262600,56.60865,-4.682816,85.98,98.3,300.9,11,0.9,0,0.026,,,,,,,,,,,,,,slabs,
462800,1791191262800,56.608644,-4.682739,85.98,98.2,300.9,11,0.9,0,0.026,,,,,,,,,,,,,,slabs,
463000,1791191263000,56.608638,-4.682661,85.98,98.1,301,11,0.9,0,0.026,,,,,13.94,,,154,159,87.2,84.8,86.9,85,slabs,
463200,1791191263200,56.608632,-4.682584,85.98,98,301,11,0.9,0,0.026,,,,,,,,,,,,,,slabs,
463400,1791191263400,56.608626,-4.682507,85.97,97.8,301,11,0.9,-0.001,0.026,,,,,,,,,,,,,,slabs,
463600,1791191263600,56.60862,-4.68243,85.97,97.7,301,11,0.9,0,0.026,,,,,,,,,,,,,,slabs,
463800,1791191263800,56.608614,-4.682352,85.96,97.6,301,11,0.9,-0.001,0.026,,,,,,,,,,,,,,slabs,
464000,1791191264000,56.608609,-4.682275,85.96,97.5,301,11,0.9,-0.001,0.026,,,,,13.94,,,150,155,87.2,84.7,87,85,slabs,
464200,1791191264200,56.608603,-4.682198,85.96,97.3,301,11,0.9,-0.001,0.03,,,,,,,,,,,,,,slabs,
464400,1791191264400,56.608598,-4.68212,85.95,97.2,301.1,11,0.9,-0.001,0.025,,,,,,,,,,,,,,slabs,
464600,1791191264600,56.608592,-4.682043,85.95,97.1,301.1,11,0.9,-0.001,0.025,,,,,,,,,,,,,,slabs,
464800,1791191264800,56.608587,-4.681966,85.94,97,301.1,11,0.9,-0.001,0.025,,,,,,,,,,,,,,slabs,
465000,1791191265000,56.608582,-4.681888,85.94,96.9,301.1,11,0.9,-0.001,0.025,,,,,13.93,,,148,153,87.2,84.7,87,84.9,slabs,
465200,1791191265200,56.608577,-4.681811,85.93,96.7,301.1,11,0.9,-0.001,0.025,,,,,,,,,,,,,,slabs,
465400,1791191265400,56.608572,-4.681734,85.93,96.6,301.1,11,0.9,-0.001,0.025,,,,,,,,,,,,,,slabs,
465600,1791191265600,56.608567,-4.681656,85.92,96.5,301.2,11,0.9,-0.001,0.025,,,,,,,,,,,,,,slabs,
465800,1791191265800,56.608562,-4.681579,85.92,96.4,301.2,11,0.9,-0.001,0.025,,,,,,,,,,,,,,slabs,
466000,1791191266000,56.608557,-4.681501,85.91,96.2,301.2,11,0.9,-0.001,0.03,,,,,13.93,,,152,157,87.2,84.6,86.9,84.9,slabs,
466200,1791191266200,56.608553,-4.681424,85.91,96.1,301.2,11,0.9,-0.001,0.025,,,,,,,,,,,,,,slabs,
466400,1791191266400,56.608548,-4.681346,85.9,96,301.2,11,0.9,-0.001,0.025,,,,,,,,,,,,,,slabs,
466600,1791191266600,56.608544,-4.681269,85.89,95.9,301.2,11,0.9,-0.001,0.025,,,,,,,,,,,,,,slabs,
466800,1791191266800,56.608539,-4.681191,85.89,95.7,301.2,11,0.9,-0.001,0.03,,,,,,,,,,,,,,slabs,
467000,1791191267000,56.608535,-4.681114,85.88,95.6,301.3,11,0.9,-0.001,0.025,,,,,13.92,,,153,158,87.2,84.6,86.9,84.9,slabs,
467200,1791191267200,56.608531,-4.681036,85.87,95.5,301.3,11,0.9,-0.001,0.025,,,,,,,,,,,,,,slabs,
467400,1791191267400,56.608527,-4.680959,85.87,95.4,301.3,11,0.9,-0.001,0.025,,,,,,,,,,,,,,slabs,
467600,1791191267600,56.608523,-4.680881,85.86,95.2,301.3,11,0.9,-0.001,0.03,,,,,,,,,,,,,,slabs,
467800,1791191267800,56.608519,-4.680804,85.85,95.1,301.3,11,0.9,-0.001,0.025,,,,,,,,,,,,,,slabs,
468000,1791191268000,56.608515,-4.680726,85.85,95,301.3,11,0.9,-0.001,0.025,,,,,13.92,,,149,154,87.1,84.6,86.9,84.8,slabs,
468200,1791191268200,56.608511,-4.680648,85.84,94.9,301.3,11,0.9,-0.001,0.025,,,,,,,,,,,,,,slabs,
468400,1791191268400,56.608508,-4.680571,85.83,94.7,301.4,11,0.9,-0.001,0.03,,,,,,,,,,,,,,slabs,
468600,1791191268600,56.608504,-4.680493,85.82,94.6,301.4,11,0.9,-0.001,0.025,,,,,,,,,,,,,,slabs,
468800,1791191268800,56.608501,-4.680416,85.81,94.5,301.4,11,0.9,-0.001,0.025,,,,,,,,,,,,,,slabs,
469000,1791191269000,56.608498,-4.680338,85.81,94.4,301.4,11,0.9,-0.001,0.025,,,,,13.92,,,149,154,87,84.6,86.8,84.8,slabs,
469200,1791191269200,56.608494,-4.68026,85.8,94.2,301.4,11,0.9,-0.001,0.03,,,,,,,,,,,,,,slabs,
469400,1791191269400,56.608491,-4.680183,85.79,94.1,301.4,11,0.9,-0.001,0.025,,,,,,,,,,,,,,slabs,
469600,1791191269600,56.608488,-4.680105,85.78,94,301.4,11,0.9,-0.001,0.025,,,,,,,,,,,,,,slabs,
469800,1791191269800,56.608485,-4.680028,85.77,93.9,301.4,11,0.9,-0.001,0.025,,,,,,,,,,,,,,slabs,
470000,1791191270000,56.608482,-4.67995,85.76,93.7,301.5,11,0.9,-0.001,0.03,,,,,13.91,,,153,159,87,84.6,86.7,84.8,slabs,
470200,1791191270200,56.60848,-4.679872,85.75,93.6,301.5,11,0.9,-0.001,0.025,,,,,,,,,,,,,,slabs,
470400,1791191270400,56.608477,-4.679795,85.74,93.5,301.5,11,0.9,-0.001,0.025,,,,,,,,,,,,,,slabs,
470600,1791191270600,56.608474,-4.679717,85.73,93.4,301.5,11,0.9,-0.001,0.025,,,,,,,,,,,,,,slabs,
470800,1791191270800,56.608472,-4.679639,85.72,93.2,301.5,11,0.9,-0.001,0.03,,,,,,,,,,,,,,slabs,
471000,1791191271000,56.608469,-4.679562,85.71,93.1,301.5,11,0.9,-0.001,0.025,,,,,13.91,,,152,157,86.8,84.6,86.6,84.8,slabs,
471200,1791191271200,56.608467,-4.679484,85.7,93,301.5,11,0.9,-0.001,0.025,,,,,,,,,,,,,,slabs,
471400,1791191271400,56.608465,-4.679406,85.69,92.9,301.5,11,0.9,-0.001,0.025,,,,,,,,,,,,,,slabs,
471600,1791191271600,56.608463,-4.679329,85.68,92.7,301.6,11,0.9,-0.001,0.03,,,,,,,,,,,,,,slabs,
471800,1791191271800,56.608461,-4.679251,85.67,92.6,301.6,11,0.9,-0.001,0.025,,,,,,,,,,,,,,slabs,
472000,1791191272000,56.608459,-4.679174,85.66,92.5,301.6,11,0.9,-0.001,0.025,,,,,13.91,,,148,153,86.7,84.6,86.5,84.8,slabs,
472200,1791191272200,56.608457,-4.679096,85.65,92.4,301.6,11,0.9,-0.001,0.025,,,,,,,,,,,,,,slabs,
472400,1791191272400,56.608455,-4.679018,85.64,92.2,301.6,11,0.9,-0.001,0.03,,,,,,,,,,,,,,slabs,
472600,1791191272600,56.608454,-4.678941,85.63,92.1,301.6,11,0.9,-0.001,0.025,,,,,,,,,,,,,,slabs,
472800,1791191272800,56.608452,-4.678863,85.62,92,301.6,11,0.9,-0.001,0.025,,,,,,,,,,,,,,slabs,
473000,1791191273000,56.608451,-4.678785,85.61,91.8,301.6,11,0.9,-0.001,0.03,,,,,13.91,,,150,156,86.6,84.6,86.4,84.8,slabs,
473200,1791191273200,56.608449,-4.678708,85.59,91.7,301.6,11,0.9,-0.002,0.03,,,,,,,,,,,,,,slabs,
473400,1791191273400,56.608448,-4.67863,85.58,91.6,301.7,11,0.9,-0.002,0.025,,,,,,,,,,,,,,slabs,
473600,1791191273600,56.608447,-4.678553,85.57,91.5,301.7,11,0.9,-0.002,0.025,,,,,,,,,,,,,,slabs,
473800,1791191273800,56.608446,-4.678475,85.56,91.3,301.7,11,0.9,-0.002,0.03,,,,,,,,,,,,,,slabs,
474000,1791191274000,56.608445,-4.678397,85.55,91.2,301.7,11,0.9,-0.002,0.025,,,,,13.91,,,153,160,86.4,84.7,86.2,84.9,slabs,
474200,1791191274200,56.608444,-4.67832,85.53,91.1,301.7,11,0.9,-0.002,0.025,,,,,,,,,,,,,,slabs,
474400,1791191274400,56.608443,-4.678242,85.52,91,301.7,11,0.9,-0.002,0.025,,,,,,,,,,,,,,slabs,
474600,1791191274600,56.608443,-4.678165,85.51,90.8,301.7,11,0.9,-0.002,0.03,,,,,,,,,,,,,,slabs,
474800,1791191274800,56.608442,-4.678087,85.5,90.7,301.7,11,0.9,-0.002,0.025,,,,,,,,,,,,,,slabs,
475000,1791191275000,56.608442,-4.67801,85.48,90.6,301.7,11,0.9,-0.002,0.025,,,,,13.91,,,150,156,86.2,84.7,86.1,84.9,slabs,
475200,1791191275200,56.608441,-4.677932,85.47,90.4,301.7,11,0.9,-0.002,0.03,,,,,,,,,,,,,,slabs,
475400,1791191275400,56.608441,-4.677855,85.46,90.3,301.7,11,0.9,-0.002,0.03,,,,,,,,,,,,,,slabs,
475600,1791191275600,56.608441,-4.677777,85.44,90.2,301.8,11,0.9,-0.002,0.025,,,,,,,,,,,,,,slabs,
475800,1791191275800,56.60844,-4.6777,85.43,90.1,301.8,11,0.9,-0.002,0.025,,,,,,,,,,,,,,slabs,
476000,1791191276000,56.60844,-4.677622,85.42,89.9,301.8,11,0.9,-0.002,0.03,,,,,13.91,,,147,154,86.1,84.8,85.9,84.9,slabs,
476200,1791191276200,56.608441,-4.677545,85.4,89.8,301.8,11,0.9,-0.002,0.025,,,,,,,,,,,,,,slabs,
476400,1791191276400,56.608441,-4.677467,85.39,89.7,301.8,11,0.9,-0.002,0.025,,,,,,,,,,,,,,slabs,
476600,1791191276600,56.608441,-4.67739,85.37,89.6,301.8,11,0.9,-0.002,0.025,,,,,,,,,,,,,,slabs,
476800,1791191276800,56.608441,-4.677312,85.36,89.4,301.8,11,0.9,-0.002,0.03,,,,,,,,,,,,,,slabs,
477000,1791191277000,56.608442,-4.677235,85.35,89.3,301.8,11,0.7,-0.002,0.025,,,,,13.92,,,151,158,85.9,84.8,85.8,84.9,slabs,
477200,1791191277200,56.608442,-4.677157,85.33,89.2,301.8,11,0.7,-0.002,0.025,,,,,,,,,,,,,,slabs,
477400,1791191277400,56.608443,-4.67708,85.32,89,301.8,11,0.7,-0.002,0.03,,,,,,,,,,,,,,slabs,
477600,1791191277600,56.608444,-4.677003,85.3,88.9,301.8,11,0.7,-0.002,0.03,,,,,,,,,,,,,,slabs,
477800,1791191277800,56.608445,-4.676925,85.29,88.8,301.8,11,0.7,-0.002,0.025,,,,,,,,,,,,,,slabs,
478000,1791191278000,56.608446,-4.676848,85.27,88.7,301.9,11,0.7,-0.002,0.025,,,,,13.92,,,152,160,85.6,84.9,85.6,85,slabs,
478200,1791191278200,56.608447,-4.676771,85.26,88.5,301.9,11,0.7,-0.002,0.03,,,,,,,,,,,,,,slabs,
478400,1791191278400,56.608448,-4.676693,85.25,88.4,301.9,11,0.7,-0.002,0.025,,,,,,,,,,,,,,slabs,
478600,1791191278600,56.608449,-4.676616,85.23,88.3,301.9,11,0.7,-0.002,0.025,,,,,,,,,,,,,,slabs,
478800,1791191278800,56.60845,-4.676539,85.22,88.1,301.9,11,0.7,-0.002,0.03,,,,,,,,,,,,,,slabs,
479000,1791191279000,56.608452,-4.676462,85.2,88,301.9,11,0.7,-0.002,0.029,,,,,13.92,,,148,156,85.4,85,85.4,85,slabs,
479200,1791191279200,56.608453,-4.676384,85.18,87.9,301.9,11,0.7,-0.002,0.025,,,,,,,,,,,,,,slabs,
479400,1791191279400,56.608455,-4.676307,85.17,87.8,301.9,11,0.7,-0.002,0.025,,,,,,,,,,,,,,slabs,
479600,1791191279600,56.608456,-4.67623,85.15,87.6,301.9,11,0.7,-0.002,0.029,,,,,,,,,,,,,,slabs,
479800,1791191279800,56.608458,-4.676153,85.14,87.5,301.9,11,0.7,-0.002,0.025,,,,,,,,,,,,,,slabs,
480000,1791191280000,56.60846,-4.676076,85.12,87.4,301.9,11,0.7,-0.002,0.025,,,,,13.93,,,147,156,85.2,85,85.2,85,slabs,
480200,1791191280200,56.608462,-4.675998,85.11,87.2,301.9,11,0.7,-0.002,0.029,,,,,,,,,,,,,,slabs,
480400,1791191280400,56.608464,-4.675921,85.09,87.1,301.9,11,0.7,-0.002,0.029,,,,,,,,,,,,,,slabs,
480600,1791191280600,56.608466,-4.675844,85.08,87,301.9,11,0.7,-0.002,0.025,,,,,,,,,,,,,,slabs,
480800,1791191280800,56.608469,-4.675767,85.06,86.9,301.9,11,0.7,-0.002,0.025,,,,,,,,,,,,,,slabs,
481000,1791191281000,56.608471,-4.67569,85.04,86.7,301.9,11,0.7,-0.002,0.029,,,,,13.93,,,151,160,85,85.1,85,85.1,slabs,
481200,1791191281200,56.608473,-4.675613,85.03,86.6,301.9,11,0.7,-0.002,0.025,,,,,,,,,,,,,,slabs,
481400,1791191281400,56.608476,-4.675536,85.01,86.5,301.9,11,0.7,-0.002,0.025,,,,,,,,,,,,,,slabs,
481600,1791191281600,56.608479,-4.675459,85,86.3,302,11,0.7,-0.002,0.029,,,,,,,,,,,,,,slabs,
481800,1791191281800,56.608481,-4.675382,84.98,86.2,302,11,0.7,-0.002,0.029,,,,,,,,,,,,,,slabs,
482000,1791191282000,56.608484,-4.675305,84.96,86.1,302,11,0.7,-0.002,0.025,,,,,13.94,,,150,160,84.8,85.2,84.8,85.1,slabs,
482200,1791191282200,56.608487,-4.675228,84.95,86,302,11,0.7,-0.002,0.025,,,,,,,,,,,,,,slabs,
482400,1791191282400,56.60849,-4.675152,84.93,85.8,302,11,0.7,-0.002,0.029,,,,,,,,,,,,,,slabs,
482600,1791191282600,56.608493,-4.675075,84.91,85.7,302,11,0.7,-0.003,0.025,,,,,,,,,,,,,,slabs,
482800,1791191282800,56.608496,-4.674998,84.9,85.6,302,11,0.7,-0.002,0.025,,,,,,,,,,,,,,slabs,
483000,1791191283000,56.6085,-4.674921,84.88,85.4,302,11,0.7,-0.002,0.029,,,,,13.95,,,146,156,84.6,85.2,84.6,85.1,slabs,
483200,1791191283200,56.608503,-4.674845,84.86,85.3,302,11,0.7,-0.003,0.029,,,,,,,,,,,,,,slabs,
483400,1791191283400,56.608507,-4.674768,84.85,85.2,302,11,0.7,-0.002,0.025,,,,,,,,,,,,,,slabs,
483600,1791191283600,56.60851,-4.674691,84.83,85.1,302,11,0.7,-0.002,0.025,,,,,,,,,,,,,,slabs,
483800,1791191283800,56.608514,-4.674614,84.81,84.9,302,11,0.7,-0.003,0.029,,,,,,,,,,,,,,slabs,
484000,1791191284000,56.608518,-4.674538,84.8,84.8,302,11,0.7,-0.002,0.025,,,,,13.95,,,147,158,84.3,85.3,84.4,85.2,slabs,
484200,1791191284200,56.608521,-4.674461,84.78,84.7,302,11,0.7,-0.002,0.025,,,,,,,,,,,,,,slabs,
484400,1791191284400,56.608525,-4.674385,84.76,84.5,302,11,0.7,-0.003,0.029,,,,,,,,,,,,,,slabs,
484600,1791191284600,56.608529,-4.674308,84.75,84.4,302,11,0.7,-0.002,0.029,,,,,,,,,,,,,,slabs,
484800,1791191284800,56.608534,-4.674232,84.73,84.3,302,11,0.7,-0.002,0.025,,,,,,,,,,,,,,slabs,
485000,1791191285000,56.608538,-4.674155,84.71,84.2,302,12,0.7,-0.003,0.025,,,,,13.96,,,151,162,84.1,85.3,84.2,85.2,slabs,
485200,1791191285200,56.608542,-4.674079,84.7,84,302,12,0.7,-0.002,0.029,,,,,,,,,,,,,,slabs,
485400,1791191285400,56.608547,-4.674002,84.68,83.9,302,12,0.7,-0.002,0.025,,,,,,,,,,,,,,slabs,
485600,1791191285600,56.608551,-4.673926,84.66,83.8,302,12,0.7,-0.003,0.025,,,,,,,,,,,,,,slabs,
485800,1791191285800,56.608556,-4.67385,84.65,83.6,302,12,0.7,-0.002,0.029,,,,,,,,,,,,,,slabs,
486000,1791191286000,56.60856,-4.673773,84.63,83.5,302,12,0.7,-0.002,0.029,,,,,13.96,,,148,159,83.9,85.3,84.1,85.2,slabs,
486200,1791191286200,56.608565,-4.673697,84.61,83.4,302,12,0.7,-0.003,0.025,,,,,,,,,,,,,,slabs,
486400,1791191286400,56.60857,-4.673621,84.59,83.3,302,12,0.7,-0.003,0.025,,,,,,,,,,,,,,slabs,
486600,1791191286600,56.608575,-4.673545,84.58,83.1,302,12,0.7,-0.002,0.029,,,,,,,,,,,,,,slabs,
486800,1791191286800,56.60858,-4.673469,84.56,83,302,12,0.7,-0.003,0.025,,,,,,,,,,,,,,slabs,
487000,1791191287000,56.608585,-4.673392,84.54,82.9,302,12,0.7,-0.003,0.025,,,,,13.97,,,145,156,83.7,85.4,83.9,85.2,slabs,
487200,1791191287200,56.608591,-4.673316,84.53,82.7,302,12,0.7,-0.002,0.029,,,,,,,,,,,,,,slabs,
487400,1791191287400,56.608596,-4.67324,84.51,82.6,302,12,0.7,-0.002,0.029,,,,,,,,,,,,,,slabs,
487600,1791191287600,56.608601,-4.673164,84.49,82.5,302,12,0.7,-0.003,0.025,,,,,,,,,,,,,,slabs,
487800,1791191287800,56.608607,-4.673088,84.47,82.4,302,12,0.7,-0.003,0.025,,,,,,,,,,,,,,slabs,
488000,1791191288000,56.608613,-4.673012,84.46,82.2,302,12,0.7,-0.002,0.029,,,,,13.97,,,148,160,83.5,85.4,83.7,85.2,slabs,
488200,1791191288200,56.608618,-4.672936,84.44,82.1,302,12,0.7,-0.003,0.025,,,,,,,,,,,,,,slabs,
488400,1791191288400,56.608624,-4.672861,84.42,82,302,12,0.7,-0.003,0.025,,,,,,,,,,,,,,slabs,
488600,1791191288600,56.60863,-4.672785,84.41,81.9,302,12,0.7,-0.002,0.025,,,,,,,,,,,,,,slabs,
488800,1791191288800,56.608636,-4.672709,84.39,81.7,302,12,0.7,-0.002,0.029,,,,,,,,,,,,,,slabs,
489000,1791191289000,56.608642,-4.672633,84.37,81.6,302,12,0.7,-0.003,0.025,,,,,13.98,,,150,162,83.4,85.4,83.6,85.2,slabs,
489200,1791191289200,56.608648,-4.672558,84.35,81.5,302,12,0.7,-0.003,0.025,,,,,,,,,,,,,,slabs,
489400,1791191289400,56.608654,-4.672482,84.34,81.4,302,12,0.7,-0.002,0.025,,,,,,,,,,,,,,slabs,
489600,1791191289600,56.608661,-4.672406,84.32,81.2,302,12,0.7,-0.003,0.029,,,,,,,,,,,,,,slabs,
489800,1791191289800,56.608667,-4.672331,84.3,81.1,302,12,0.7,-0.003,0.025,,,,,,,,,,,,,,slabs,
490000,1791191290000,56.608674,-4.672255,84.29,81,302,12,0.7,-0.002,0.025,,,,,13.98,,,146,158,83.2,85.4,83.4,85.2,slabs,
490200,1791191290200,56.60868,-4.67218,84.27,80.8,302,12,0.7,-0.002,0.029,,,,,,,,,,,,,,slabs,
490400,1791191290400,56.608687,-4.672104,84.25,80.7,302,12,0.7,-0.003,0.029,,,,,,,,,,,,,,slabs,
490600,1791191290600,56.608694,-4.672029,84.24,80.6,302,12,0.7,-0.002,0.025,,,,,,,,,,,,,,slabs,
490800,1791191290800,56.608701,-4.671953,84.22,80.5,302,12,0.7,-0.002,0.025,,,,,,,,,,,,,,slabs,
491000,1791191291000,56.608708,-4.671878,84.2,80.3,302,12,0.7,-0.003,0.029,,,,,13.98,,,145,157,83.1,85.4,83.3,85.1,slabs,
491200,1791191291200,56.608715,-4.671803,84.19,80.2,302,12,0.7,-0.002,0.025,,,,,,,,,,,,,,slabs,
491400,1791191291400,56.608722,-4.671728,84.17,80.1,302,12,0.7,-0.002,0.025,,,,,,,,,,,,,,slabs,
491600,1791191291600,56.608729,-4.671652,84.15,80,301.9,12,0.7,-0.003,0.025,,,,,,,,,,,,,,slabs,
491800,1791191291800,56.608737,-4.671577,84.14,79.8,301.9,12,0.7,-0.002,0.029,,,,,,,,,,,,,,slabs,
492000,1791191292000,56.608744,-4.671502,84.12,79.7,301.9,12,0.7,-0.002,0.025,,,,,13.99,,,149,162,82.9,85.3,83.2,85.1,slabs,
492200,1791191292200,56.608752,-4.671427,84.1,79.6,301.9,12,0.7,-0.003,0.025,,,,,,,,,,,,,,slabs,
492400,1791191292400,56.608759,-4.671352,84.09,79.5,301.9,12,0.7,-0.002,0.025,,,,,,,,,,,,,,slabs,
492600,1791191292600,56.608767,-4.671277,84.07,79.3,301.9,12,0.7,-0.002,0.029,,,,,,,,,,,,,,slabs,
492800,1791191292800,56.608775,-4.671202,84.05,79.2,301.9,12,0.7,-0.003,0.025,,,,,,,,,,,,,,slabs,
493000,1791191293000,56.608783,-4.671127,84.04,79.1,301.9,12,0.7,-0.002,0.025,,,,,13.99,,,149,162,82.8,85.3,83,85,slabs,
493200,1791191293200,56.608791,-4.671052,84.02,79,301.9,12,0.7,-0.002,0.025,,,,,,,,,,,,,,slabs,
493400,1791191293400,56.608799,-4.670978,84,78.8,301.9,12,0.7,-0.003,0.029,,,,,,,,,,,,,,slabs,
493600,1791191293600,56.608807,-4.670903,83.99,78.7,301.9,12,0.7,-0.002,0.025,,,,,,,,,,,,,,slabs,
493800,1791191293800,56.608815,-4.670828,83.97,78.6,301.9,12,0.7,-0.002,0.025,,,,,,,,,,,,,,slabs,
494000,1791191294000,56.608823,-4.670754,83.96,78.5,301.9,12,0.7,-0.002,0.025,,,,,13.99,,,144,157,82.7,85.2,83,85,slabs,
494200,1791191294200,56.608832,-4.670679,83.94,78.3,301.9,12,0.7,-0.002,0.029,,,,,,,,,,,,,,slabs,
494400,1791191294400,56.60884,-4.670604,83.92,78.2,301.9,12,0.7,-0.002,0.025,,,,,,,,,,,,,,slabs,
494600,1791191294600,56.608849,-4.67053,83.91,78.1,301.9,12,0.7,-0.002,0.025,,,,,,,,,,,,,,slabs,
494800,1791191294800,56.608857,-4.670455,83.89,78,301.9,12,0.7,-0.002,0.025,,,,,,,,,,,,,,slabs,
495000,1791191295000,56.608866,-4.670381,83.88,77.9,301.9,12,0.7,-0.002,0.025,,,,,13.99,,,146,159,82.6,85.1,82.9,84.9,slabs,
495200,1791191295200,56.608875,-4.670307,83.86,77.7,301.8,12,0.7,-0.002,0.025,,,,,,,,,,,,,,slabs,
495400,1791191295400,56.608884,-4.670232,83.85,77.6,301.8,12,0.7,-0.002,0.025,,,,,,,,,,,,,,slabs,
495600,1791191295600,56.608893,-4.670158,83.83,77.5,301.8,12,0.7,-0.002,0.025,,,,,,,,,,,,,,slabs,
495800,1791191295800,56.608902,-4.670084,83.82,77.4,301.8,12,0.7,-0.002,0.025,,,,,,,,,,,,,,slabs,
496000,1791191296000,56.608911,-4.67001,83.8,77.2,301.8,12,0.7,-0.002,0.029,,,,,13.99,,,150,163,82.6,85,82.8,84.8,slabs,
496200,1791191296200,56.60892,-4.669936,83.78,77.1,301.8,12,0.7,-0.002,0.025,,,,,,,,,,,,,,slabs,
496400,1791191296400,56.60893,-4.669861,83.77,77,301.8,12,0.7,-0.002,0.025,,,,,,,,,,,,,,slabs,
496600,1791191296600,56.608939,-4.669787,83.75,76.9,301.8,12,0.7,-0.002,0.025,,,,,,,,,,,,,,slabs,
496800,1791191296800,56.608949,-4.669713,83.74,76.7,301.8,12,0.7,-0.002,0.029,,,,,,,,,,,,,,slabs,
497000,1791191297000,56.608958,-4.66964,83.73,76.6,301.8,12,0.7,-0.002,0.025,,,,,13.99,,,148,161,82.5,84.9,82.8,84.7,slabs,
497200,1791191297200,56.608968,-4.669566,83.71,76.5,301.8,12,0.7,-0.002,0.025,,,,,,,,,,,,,,slabs,
497400,1791191297400,56.608978,-4.669492,83.7,76.4,301.8,12,0.7,-0.002,0.025,,,,,,,,,,,,,,slabs,
497600,1791191297600,56.608988,-4.669418,83.68,76.3,301.8,12,0.7,-0.002,0.025,,,,,,,,,,,,,,slabs,
497800,1791191297800,56.608998,-4.669344,83.67,76.1,301.7,12,0.7,-0.002,0.025,,,,,,,,,,,,,,slabs,
498000,1791191298000,56.609008,-4.669271,83.65,76,301.7,12,0.7,-0.002,0.025,,,,,13.99,,,144,157,82.5,84.8,82.7,84.6,slabs,
498200,1791191298200,56.609018,-4.669197,83.64,75.9,301.7,12,0.7,-0.002,0.025,,,,,,,,,,,,,,slabs,
498400,1791191298400,56.609028,-4.669123,83.63,75.8,301.7,12,0.7,-0.002,0.025,,,,,,,,,,,,,,slabs,
498600,1791191298600,56.609038,-4.66905,83.61,75.7,301.7,12,0.7,-0.002,0.025,,,,,,,,,,,,,,slabs,
498800,1791191298800,56.609049,-4.668976,83.6,75.5,301.7,12,0.7,-0.002,0.025,,,,,,,,,,,,,,slabs,
499000,1791191299000,56.609059,-4.668903,83.58,75.4,301.7,12,0.7,-0.002,0.025,,,,,13.98,,,147,160,82.5,84.7,82.7,84.5,slabs,
499200,1791191299200,56.60907,-4.66883,83.57,75.3,301.7,12,0.7,-0.002,0.025,,,,,,,,,,,,,,slabs,
499400,1791191299400,56.60908,-4.668756,83.56,75.2,301.7,12,0.7,-0.002,0.025,,,,,,,,,,,,,,slabs,
499600,1791191299600,56.609091,-4.668683,83.54,75.1,301.7,12,0.7,-0.002,0.025,,,,,,,,,,,,,,slabs,
499800,1791191299800,56.609102,-4.66861,83.53,74.9,301.6,12,0.7,-0.002,0.025,,,,,,,,,,,,,,slabs,
500000,1791191300000,56.609112,-4.668537,83.52,74.8,301.6,12,0.7,-0.002,0.025,,,,,13.98,,,150,163,82.5,84.6,82.7,84.4,slabs,
500200,1791191300200,56.609123,-4.668464,83.5,74.7,301.6,12,0.7,-0.002,0.025,,,,,,,,,,,,,,slabs,
500400,1791191300400,56.609134,-4.668391,83.49,74.6,301.6,12,0.7,-0.002,0.025,,,,,,,,,,,,,,slabs,
500600,1791191300600,56.609146,-4.668318,83.48,74.5,301.6,12,0.7,-0.002,0.025,,,,,,,,,,,,,,slabs,
500800,1791191300800,56.609157,-4.668245,83.47,74.3,301.6,12,0.7,-0.002,0.025,,,,,,,,,,,,,,slabs,
501000,1791191301000,56.609168,-4.668172,83.45,74.2,301.6,12,0.7,-0.002,0.025,,,,,13.98,,,146,159,82.5,84.4,82.7,84.2,slabs,
501200,1791191301200,56.609179,-4.668099,83.44,74.1,301.6,12,0.7,-0.002,0.025,,,,,,,,,,,,,,slabs,
501400,1791191301400,56.609191,-4.668026,83.43,74,301.6,12,0.7,-0.002,0.025,,,,,,,,,,,,,,slabs,
501600,1791191301600,56.609202,-4.667953,83.42,73.9,301.6,12,0.7,-0.002,0.025,,,,,,,,,,,,,,slabs,
501800,1791191301800,56.609214,-4.667881,83.41,73.8,301.5,12,0.7,-0.002,0.021,,,,,,,,,,,,,,slabs,
502000,1791191302000,56.609225,-4.667808,83.39,73.6,301.5,12,0.7,-0.002,0.025,,,,,13.97,,,145,157,82.5,84.3,82.7,84.1,slabs,
502200,1791191302200,56.609237,-4.667736,83.38,73.5,301.5,12,0.7,-0.002,0.025,,,,,,,,,,,,,,slabs,
502400,1791191302400,56.609249,-4.667663,83.37,73.4,301.5,12,0.7,-0.002,0.025,,,,,,,,,,,,,,slabs,
502600,1791191302600,56.609261,-4.667591,83.36,73.3,301.5,12,0.7,-0.002,0.025,,,,,,,,,,,,,,slabs,
502800,1791191302800,56.609273,-4.667518,83.35,73.2,301.5,12,0.7,-0.002,0.025,,,,,,,,,,,,,,slabs,
503000,1791191303000,56.609285,-4.667446,83.34,73.1,301.5,12,0.7,-0.001,0.021,,,,,13.97,,,149,161,82.6,84.1,82.7,84,slabs,
503200,1791191303200,56.609297,-4.667374,83.33,72.9,301.5,12,0.7,-0.001,0.025,,,,,,,,,,,,,,slabs,
503400,1791191303400,56.609309,-4.667301,83.32,72.8,301.4,12,0.7,-0.001,0.025,,,,,,,,,,,,,,slabs,
503600,1791191303600,56.609322,-4.667229,83.31,72.7,301.4,12,0.7,-0.001,0.025,,,,,,,,,,,,,,slabs,
503800,1791191303800,56.609334,-4.667157,83.3,72.6,301.4,12,0.7,-0.001,0.025,,,,,,,,,,,,,,slabs,
504000,1791191304000,56.609346,-4.667085,83.29,72.5,301.4,12,0.7,-0.001,0.025,,,,,13.96,,,150,161,82.6,83.9,82.8,83.8,slabs,
504200,1791191304200,56.609359,-4.667013,83.28,72.4,301.4,12,0.7,-0.001,0.021,,,,,,,,,,,,,,slabs,
504400,1791191304400,56.609372,-4.666941,83.27,72.2,301.4,12,0.7,-0.001,0.025,,,,,,,,,,,,,,slabs,
504600,1791191304600,56.609384,-4.666869,83.26,72.1,301.4,12,0.7,-0.001,0.025,,,,,,,,,,,,,,slabs,
504800,1791191304800,56.609397,-4.666797,83.25,72,301.4,12,0.7,-0.001,0.025,,,,,,,,,,,,,,slabs,
505000,1791191305000,56.60941,-4.666725,83.24,71.9,301.3,12,0.7,-0.001,0.025,,,,,13.95,,,146,157,82.7,83.8,82.8,83.7,slabs,
505200,1791191305200,56.609423,-4.666654,83.23,71.8,301.3,12,0.7,-0.001,0.025,,,,,,,,,,,,,,slabs,
505400,1791191305400,56.609436,-4.666582,83.22,71.7,301.3,12,0.7,-0.001,0.021,,,,,,,,,,,,,,slabs,
505600,1791191305600,56.609449,-4.66651,83.21,71.6,301.3,12,0.7,-0.001,0.021,,,,,,,,,,,,,,slabs,
505800,1791191305800,56.609462,-4.666439,83.2,71.4,301.3,12,0.7,-0.001,0.025,,,,,,,,,,,,,,slabs,
506000,1791191306000,56.609475,-4.666367,83.19,71.3,301.3,12,0.7,-0.001,0.025,,,,,13.95,,,147,157,82.8,83.6,82.9,83.5,slabs,
506200,1791191306200,56.609489,-4.666296,83.19,71.2,301.3,12,0.7,-0.001,0.025,,,,,,,,,,,,,,slabs,
506400,1791191306400,56.609502,-4.666224,83.18,71.1,301.3,12,0.7,-0.001,0.025,,,,,,,,,,,,,,slabs,
506600,1791191306600,56.609515,-4.666153,83.17,71,301.2,12,0.7,-0.001,0.025,,,,,,,,,,,,,,slabs,
506800,1791191306800,56.609529,-4.666081,83.16,70.9,301.2,12,0.7,-0.001,0.021,,,,,,,,,,,,,,slabs,
507000,1791191307000,56.609543,-4.66601,83.15,70.8,301.2,12,0.7,-0.001,0.021,,,,,13.94,,,151,161,82.9,83.4,82.9,83.4,slabs,
507200,1791191307200,56.609556,-4.665939,83.15,70.7,301.2,12,0.7,-0.001,0.021,,,,,,,,,,,,,,slabs,
507400,1791191307400,56.60957,-4.665868,83.14,70.5,301.2,12,0.7,-0.001,0.025,,,,,,,,,,,,,,slabs,
507600,1791191307600,56.609584,-4.665797,83.13,70.4,301.2,12,0.7,-0.001,0.025,,,,,,,,,,,,,,slabs,
507800,1791191307800,56.609598,-4.665726,83.13,70.3,301.2,12,0.7,-0.001,0.025,,,,,,,,,,,,,,slabs,
508000,1791191308000,56.609612,-4.665655,83.12,70.2,301.1,12,0.7,-0.001,0.025,,,,,13.94,,,150,159,83,83.2,83,83.2,slabs,
508200,1791191308200,56.609626,-4.665584,83.11,70.1,301.1,12,0.7,-0.001,0.025,,,,,,,,,,,,,,slabs,
508400,1791191308400,56.60964,-4.665513,83.11,70,301.1,12,0.7,-0.001,0.021,,,,,,,,,,,,,,slabs,
508600,1791191308600,56.609654,-4.665442,83.1,69.9,301.1,12,0.7,-0.001,0.021,,,,,,,,,,,,,,slabs,
508800,1791191308800,56.609669,-4.665371,83.09,69.8,301.1,12,0.7,-0.001,0.021,,,,,,,,,,,,,,slabs,
509000,1791191309000,56.609683,-4.665301,83.09,69.7,301.1,12,0.7,-0.001,0.021,,,,,13.93,,,146,155,83.1,83.1,83.1,83.1,slabs,
509200,1791191309200,56.609697,-4.66523,83.08,69.6,301,12,0.7,-0.001,0.021,,,,,,,,,,,,,,slabs,
509400,1791191309400,56.609712,-4.665159,83.08,69.4,301,12,0.7,-0.001,0.025,,,,,,,,,,,,,,slabs,
509600,1791191309600,56.609726,-4.665089,83.07,69.3,301,12,0.7,-0.001,0.025,,,,,,,,,,,,,,slabs,
509800,1791191309800,56.609741,-4.665018,83.07,69.2,301,12,0.7,-0.001,0.025,,,,,,,,,,,,,,slabs,
510000,1791191310000,56.609756,-4.664948,83.06,69.1,301,12,0.7,-0.001,0.025,,,,,13.93,,,149,158,83.2,82.9,83.2,82.9,slabs,
510200,1791191310200,56.609771,-4.664878,83.06,69,301,12,0.7,-0.001,0.025,,,,,,,,,,,,,,slabs,
510400,1791191310400,56.609785,-4.664807,83.05,68.9,301,12,0.7,-0.001,0.021,,,,,,,,,,,,,,slabs,
510600,1791191310600,56.6098,-4.664737,83.05,68.8,300.9,12,0.7,-0.001,0.021,,,,,,,,,,,,,,slabs,
510800,1791191310800,56.609815,-4.664667,83.04,68.7,300.9,12,0.7,-0.001,0.021,,,,,,,,,,,,,,slabs,
511000,1791191311000,56.60983,-4.664597,83.04,68.6,300.9,12,0.7,-0.001,0.021,,,,,13.92,,,152,161,83.3,82.8,83.3,82.8,slabs,
511200,1791191311200,56.609846,-4.664526,83.04,68.5,300.9,12,0.7,-0.001,0.021,,,,,,,,,,,,,,slabs,
511400,1791191311400,56.609861,-4.664456,83.03,68.4,300.9,12,0.7,-0.001,0.021,,,,,,,,,,,,,,slabs,
511600,1791191311600,56.609876,-4.664386,83.03,68.2,300.9,12,0.7,-0.001,0.025,,,,,,,,,,,,,,slabs,
511800,1791191311800,56.609892,-4.664316,83.02,68.1,300.8,12,0.7,-0.001,0.025,,,,,,,,,,,,,,slabs,
512000,1791191312000,56.609907,-4.664247,83.02,68,300.8,12,0.7,-0.001,0.025,,,,,13.92,,,149,157,83.4,82.6,83.4,82.7,slabs,
512200,1791191312200,56.609923,-4.664177,83.02,67.9,300.8,12,0.7,-0.001,0.025,,,,,,,,,,,,,,slabs,
512400,1791191312400,56.609938,-4.664107,83.02,67.8,300.8,12,0.7,0,0.025,,,,,,,,,,,,,,slabs,
512600,1791191312600,56.609954,-4.664037,83.01,67.7,300.8,12,0.7,-0.001,0.021,,,,,,,,,,,,,,slabs,
512800,1791191312800,56.60997,-4.663968,83.01,67.6,300.8,12,0.7,0,0.021,,,,,,,,,,,,,,slabs,
513000,1791191313000,56.609985,-4.663898,83.01,67.5,300.8,12,0.7,0,0.021,,,,,13.92,,,147,154,83.6,82.5,83.4,82.6,slabs,
513200,1791191313200,56.610001,-4.663828,83.01,67.4,300.7,12,0.7,0,0.021,,,,,,,,,,,,,,slabs,
513400,1791191313400,56.610017,-4.663759,83.01,67.3,300.7,12,0.7,0,0.021,,,,,,,,,,,,,,slabs,
513600,1791191313600,56.610033,-4.66369,83,67.2,300.7,12,0.7,0,0.021,,,,,,,,,,,,,,slabs,
513800,1791191313800,56.610049,-4.66362,83,67.1,300.7,12,0.7,0,0.021,,,,,,,,,,,,,,slabs,
514000,1791191314000,56.610065,-4.663551,83,67,300.7,12,0.7,0,0.021,,,,,13.91,,,151,158,83.7,82.3,83.5,82.5,slabs,
514200,1791191314200,56.610082,-4.663481,83,66.9,300.7,12,0.7,0,0.021,,,,,,,,,,,,,,slabs,
514400,1791191314400,56.610098,-4.663412,83,66.8,300.6,12,0.7,0,0.021,,,,,,,,,,,,,,slabs,
514600,1791191314600,56.610114,-4.663343,83,66.7,300.6,12,0.7,0,0.021,,,,,,,,,,,,,,slabs,
514800,1791191314800,56.610131,-4.663274,83,66.6,300.6,12,0.7,0,0.021,,,,,,,,,,,,,,slabs,
515000,1791191315000,56.610147,-4.663205,83,66.5,300.6,12,0.7,0,0.021,,,,,13.91,,,153,159,83.8,82.2,83.6,82.4,slabs,
515200,1791191315200,56.610164,-4.663136,82.98,66.4,300.6,12,0.7,-0.001,0.021,,,,,,,,,,,,,,slabs,
515400,1791191315400,56.61018,-4.663067,82.92,66.2,300.6,12,0.7,-0.002,0.025,,,,,,,,,,,,,,slabs,
515600,1791191315600,56.610197,-4.662998,82.82,66.1,300.5,12,0.7,-0.005,0.025,,,,,,,,,,,,,,slabs,
515800,1791191315800,56.610214,-4.66293,82.67,66,300.5,12,0.7,-0.009,0.025,,,,,,,,,,,,,,slabs,
516000,1791191316000,56.61023,-4.662861,82.49,65.9,300.5,12,0.7,-0.014,0.025,,,,,13.91,,,148,155,83.4,81.6,83.2,81.8,slabs,
516200,1791191316200,56.610247,-4.662793,82.26,65.8,300.5,12,0.7,-0.02,0.025,,,,,,,,,,,,,,slabs,
516400,1791191316400,56.610264,-4.662725,82,65.7,300.5,12,0.7,-0.026,0.02,,,,,,,,,,,,,,slabs,
516600,1791191316600,56.610281,-4.662657,81.7,65.6,300.5,12,0.7,-0.032,0.02,,,,,,,,,,,,,,slabs,
516800,1791191316800,56.610298,-4.66259,81.35,65.5,300.4,12,0.7,-0.037,0.02,,,,,,,,,,,,,,slabs,
517000,1791191317000,56.610314,-4.662523,80.97,65.4,300.4,12,0.7,-0.043,0.02,,,,,13.91,,,149,154,81.9,80,81.7,80.2,slabs,
517200,1791191317200,56.610331,-4.662456,80.55,65.3,300.4,12,0.7,-0.048,0.02,,,,,,,,,,,,,,slabs,
517400,1791191317400,56.610348,-4.66239,80.09,65.2,300.4,12,0.7,-0.054,0.02,,,,,,,,,,,,,,slabs,
517600,1791191317600,56.610365,-4.662324,79.59,65.1,300.4,12,0.7,-0.06,0.02,,,,,,,,,,,,,,slabs,
517800,1791191317800,56.610381,-4.662259,79.05,65,300.4,12,0.7,-0.065,0.02,,,,,,,,,,,,,,slabs,
518000,1791191318000,56.610398,-4.662194,78.48,65,300.3,12,0.7,-0.071,0.016,,,,,13.91,,,153,159,79.5,77.5,79.3,77.7,slabs,
518200,1791191318200,56.610414,-4.66213,77.87,64.9,300.3,12,0.7,-0.076,0.016,,,,,,,,,,,,,,slabs,
518400,1791191318400,56.610431,-4.662066,77.22,64.8,300.3,12,0.7,-0.081,0.016,,,,,,,,,,,,,,slabs,
518600,1791191318600,56.610447,-4.662003,76.54,64.7,300.3,12,0.7,-0.086,0.015,,,,,,,,,,,,,,slabs,
518800,1791191318800,56.610464,-4.661941,75.82,64.6,300.3,12,0.7,-0.091,0.015,,,,,,,,,,,,,,slabs,
519000,1791191319000,56.61048,-4.661879,75.07,64.5,300.3,12,0.7,-0.097,0.019,,,,,13.91,,,152,158,76.1,74.1,75.9,74.3,slabs,
519200,1791191319200,56.610496,-4.661818,74.29,64.4,300.2,12,0.7,-0.101,0.019,,,,,,,,,,,,,,slabs,
519400,1791191319400,56.610512,-4.661757,73.48,64.3,300.2,12,0.7,-0.106,0.019,,,,,,,,,,,,,,slabs,
519600,1791191319600,56.610528,-4.661698,72.63,64.2,300.2,12,0.7,-0.111,0.018,,,,,,,,,,,,,,slabs,
519800,1791191319800,56.610543,-4.661639,71.75,64.1,300.2,12,0.7,-0.115,0.018,,,,,,,,,,,,,,slabs,
520000,1791191320000,56.610559,-4.661581,70.84,64.1,300.2,12,0.7,-0.12,0.014,,,,,13.91,,,148,153,71.8,69.8,71.6,70,slabs,
520200,1791191320200,56.610574,-4.661523,69.91,64,300.2,12,0.7,-0.124,0.014,,,,,,,,,,,,,,slabs,
520400,1791191320400,56.610589,-4.661467,68.94,63.9,300.2,12,0.7,-0.129,0.014,,,,,,,,,,,,,,slabs,
520600,1791191320600,56.610604,-4.661411,67.95,63.8,300.1,12,0.7,-0.133,0.014,,,,,,,,,,,,,,slabs,
520800,1791191320800,56.610619,-4.661356,66.94,63.7,300.1,12,0.7,-0.136,0.014,,,,,,,,,,,,,,slabs,
521000,1791191321000,56.610634,-4.661302,65.89,63.6,300.1,12,0.7,-0.14,0.017,,,,,13.92,,,150,155,66.9,64.9,66.7,65.1,slabs,
521200,1791191321200,56.610648,-4.661249,64.83,63.6,300.1,12,0.7,-0.144,0.013,,,,,,,,,,,,,,slabs,
521400,1791191321400,56.610663,-4.661197,63.74,63.5,300.1,12,0.7,-0.147,0.013,,,,,,,,,,,,,,slabs,
521600,1791191321600,56.610677,-4.661145,62.63,63.4,300.1,12,0.7,-0.151,0.013,,,,,,,,,,,,,,slabs,
521800,1791191321800,56.610691,-4.661095,61.49,63.3,300.1,12,0.7,-0.154,0.013,,,,,,,,,,,,,,slabs,
522000,1791191322000,56.610704,-4.661046,60.34,63.3,300.1,12,0.7,-0.157,0.009,,,,,13.92,,,154,159,61.2,59.4,61.1,59.6,slabs,
522200,1791191322200,56.610718,-4.660997,59.17,63.2,300,12,0.7,-0.16,0.012,,,,,,,,,,,,,,slabs,
522400,1791191322400,56.610731,-4.66095,57.98,63.1,300,12,0.7,-0.163,0.012,,,,,,,,,,,,,,slabs,
522600,1791191322600,56.610744,-4.660903,56.78,63.1,300,12,0.7,-0.166,0.009,,,,,,,,,,,,,,slabs,
522800,1791191322800,56.610757,-4.660858,55.56,63,300,12,0.7,-0.168,0.009,,,,,,,,,,,,,,slabs,
523000,1791191323000,56.610769,-4.660814,54.32,62.9,300,12,0.7,-0.171,0.011,,,,,13.92,,,151,156,55.1,53.5,55,53.7,slabs,
523200,1791191323200,56.610781,-4.66077,53.08,62.9,300,12,0.7,-0.173,0.008,,,,,,,,,,,,,,slabs,
523400,1791191323400,56.610793,-4.660728,51.82,62.8,300,12,0.7,-0.174,0.008,,,,,,,,,,,,,,slabs,
523600,1791191323600,56.610805,-4.660687,50.55,62.8,300,12,0.7,-0.176,0.008,,,,,,,,,,,,,,slabs,
523800,1791191323800,56.610816,-4.660646,49.28,62.7,300,12,0.7,-0.178,0.008,,,,,,,,,,,,,,slabs,
524000,1791191324000,56.610827,-4.660607,47.99,62.6,299.9,12,0.7,-0.179,0.008,,,,,13.93,,,148,153,48.7,47.3,48.6,47.4,slabs,
524200,1791191324200,56.610838,-4.660569,46.7,62.6,299.9,12,0.7,-0.181,0.007,,,,,,,,,,,,,,slabs,
524400,1791191324400,56.610849,-4.660532,45.41,62.5,299.9,12,0.7,-0.182,0.007,,,,,,,,,,,,,,slabs,
524600,1791191324600,56.610859,-4.660496,44.11,62.5,299.9,12,0.7,-0.182,0.007,,,,,,,,,,,,,,slabs,
524800,1791191324800,56.610869,-4.660461,42.8,62.4,299.9,12,0.7,-0.184,0.007,,,,,,,,,,,,,,slabs,
525000,1791191325000,56.610879,-4.660427,41.5,62.4,299.9,12,0.7,-0.184,0.004,,,,,13.93,,,151,157,42.1,40.9,42,41,slabs,
525200,1791191325200,56.610888,-4.660394,40.2,62.3,299.9,12,0.7,-0.184,0.006,,,,,,,,,,,,,,slabs,
525400,1791191325400,56.610897,-4.660362,38.89,62.3,299.9,12,0.7,-0.185,0.004,,,,,,,,,,,,,,slabs,
525600,1791191325600,56.610906,-4.660332,37.59,62.3,299.9,12,0.7,-0.185,0.004,,,,,,,,,,,,,,slabs,
525800,1791191325800,56.610915,-4.660302,36.3,62.2,299.9,12,0.7,-0.184,0.004,,,,,,,,,,,,,,slabs,
526000,1791191326000,56.610923,-4.660273,35.01,62.2,299.9,12,0.7,-0.184,0.004,,,,,13.94,,,153,159,35.5,34.5,35.4,34.6,slabs,
526200,1791191326200,56.610931,-4.660246,33.72,62.1,299.9,12,0.7,-0.184,0.004,,,,,,,,,,,,,,slabs,
526400,1791191326400,56.610939,-4.660219,32.45,62.1,299.9,12,0.7,-0.182,0.004,,,,,,,,,,,,,,slabs,
526600,1791191326600,56.610946,-4.660194,31.18,62.1,299.8,12,0.7,-0.182,0.003,,,,,,,,,,,,,,slabs,
526800,1791191326800,56.610954,-4.660169,29.92,62,299.8,12,0.7,-0.181,0.003,,,,,,,,,,,,,,slabs,
527000,1791191327000,56.61096,-4.660146,28.68,62,299.8,12,0.7,-0.179,0.003,,,,,13.95,,,149,156,29.1,28.3,29,28.4,slabs,
527200,1791191327200,56.610967,-4.660123,27.44,62,299.8,12,0.7,-0.178,0.002,,,,,,,,,,,,,,slabs,
527400,1791191327400,56.610973,-4.660102,26.22,61.9,299.8,12,0.7,-0.176,0.003,,,,,,,,,,,,,,slabs,
527600,1791191327600,56.610979,-4.660081,25.02,61.9,299.8,12,0.7,-0.174,0.003,,,,,,,,,,,,,,slabs,
527800,1791191327800,56.610985,-4.660062,23.83,61.9,299.8,12,0.7,-0.173,0.001,,,,,,,,,,,,,,slabs,
528000,1791191328000,56.610991,-4.660043,22.66,61.8,299.8,12,0.7,-0.171,0.003,,,,,13.95,,,148,156,22.9,22.4,22.9,22.4,slabs,
528200,1791191328200,56.610996,-4.660026,21.51,61.8,299.8,12,0.7,-0.168,0.002,,,,,,,,,,,,,,slabs,
528400,1791191328400,56.611001,-4.660009,20.37,61.8,299.8,12,0.7,-0.166,0.001,,,,,,,,,,,,,,slabs,
528600,1791191328600,56.611005,-4.659993,19.26,61.8,299.8,12,0.7,-0.163,0.001,,,,,,,,,,,,,,slabs,
528800,1791191328800,56.61101,-4.659978,18.17,61.7,299.8,12,0.7,-0.16,0.002,,,,,,,,,,,,,,slabs,
529000,1791191329000,56.611014,-4.659964,17.11,61.7,299.8,12,0.7,-0.157,0.001,,,,,13.96,,,150,158,17.3,16.9,17.3,16.9,slabs,
529200,1791191329200,56.611018,-4.659951,16.06,61.7,299.8,12,0.7,-0.154,0.001,,,,,,,,,,,,,,slabs,
529400,1791191329400,56.611021,-4.659938,15.05,61.7,299.8,12,0.7,-0.151,0.001,,,,,,,,,,,,,,slabs,
529600,1791191329600,56.611025,-4.659927,14.06,61.7,299.8,12,0.7,-0.147,0.001,,,,,,,,,,,,,,slabs,
529800,1791191329800,56.611028,-4.659916,13.09,61.7,299.8,12,0.7,-0.144,0,,,,,,,,,,,,,,slabs,
530000,1791191330000,56.611031,-4.659906,12.16,61.6,299.8,12,0.8,-0.14,0.001,,,,,13.96,,,150,158,12.3,12,12.3,12.1,slabs,
530200,1791191330200,56.611034,-4.659896,11.25,61.6,299.8,12,0.8,-0.136,0.001,,,,,,,,,,,,,,slabs,
530400,1791191330400,56.611036,-4.659888,10.37,61.6,299.8,12,0.8,-0.133,0.001,,,,,,,,,,,,,,slabs,
530600,1791191330600,56.611039,-4.65988,9.52,61.6,299.8,12,0.8,-0.129,0.001,,,,,,,,,,,,,,slabs,
530800,1791191330800,56.611041,-4.659873,8.71,61.6,299.8,12,0.8,-0.124,0.001,,,,,,,,,,,,,,slabs,
531000,1791191331000,56.611043,-4.659866,7.93,61.6,299.8,12,0.8,-0.12,0,,,,,13.97,,,149,157,8,7.9,8,7.9,slabs,
531200,1791191331200,56.611045,-4.65986,7.18,61.6,299.8,12,0.8,-0.115,0,,,,,,,,,,,,,,slabs,
531400,1791191331400,56.611046,-4.659854,6.46,61.6,299.8,12,0.8,-0.111,0,,,,,,,,,,,,,,slabs,
531600,1791191331600,56.611048,-4.65985,5.78,61.6,299.8,12,0.8,-0.106,0,,,,,,,,,,,,,,slabs,
531800,1791191331800,56.611049,-4.659845,5.13,61.6,299.8,12,0.8,-0.101,0,,,,,,,,,,,,,,slabs,
532000,1791191332000,56.61105,-4.659841,4.52,61.6,299.8,12,0.8,-0.097,0,,,,,13.97,,,149,158,4.6,4.5,4.6,4.5,slabs,
532200,1791191332200,56.611051,-4.659838,3.95,61.6,299.8,12,0.8,-0.091,0,,,,,,,,,,,,,,slabs,
532400,1791191332400,56.611052,-4.659835,3.41,61.5,299.8,12,0.8,-0.086,0,,,,,,,,,,,,,,slabs,
532600,1791191332600,56.611053,-4.659833,2.91,61.5,299.8,12,0.8,-0.081,0,,,,,,,,,,,,,,slabs,
532800,1791191332800,56.611054,-4.65983,2.45,61.5,299.8,12,0.8,-0.076,0,,,,,,,,,,,,,,slabs,
533000,1791191333000,56.611054,-4.659829,2.03,61.5,299.8,12,0.8,-0.071,0,,,,,13.98,,,149,158,2,2,2,2,slabs,
533200,1791191333200,56.611054,-4.659827,1.65,61.5,299.8,12,0.8,-0.065,0,,,,,,,,,,,,,,slabs,
533400,1791191333400,56.611055,-4.659826,1.3,61.5,299.8,12,0.8,-0.06,0,,,,,,,,,,,,,,slabs,
533600,1791191333600,56.611055,-4.659825,1,61.5,299.8,12,0.8,-0.054,0,,,,,,,,,,,,,,slabs,
533800,1791191333800,56.611055,-4.659824,0.74,61.5,299.8,12,0.8,-0.048,0,,,,,,,,,,,,,,slabs,
534000,1791191334000,56.611055,-4.659824,0.51,61.5,299.8,12,0.8,-0.043,0,,,,,13.98,,,149,158,0.5,0.5,0.5,0.5,slabs,
534200,1791191334200,56.611056,-4.659824,0.33,61.5,299.8,12,0.8,-0.037,0,,,,,,,,,,,,,,slabs,
534400,1791191334400,56.611056,-4.659823,0.18,61.5,299.8,12,0.8,-0.032,0,,,,,,,,,,,,,,slabs,
534600,1791191334600,56.611056,-4.659823,0.08,61.5,299.8,12,0.8,-0.026,0,,,,,,,,,,,,,,slabs,
534800,1791191334800,56.611056,-4.659823,0.02,61.5,299.8,12,0.8,-0.02,0,,,,,,,,,,,,,,slabs,
535000,1791191335000,56.611056,-4.659823,0,61.5,299.8,12,0.8,-0.014,0,,,,,13.98,,,149,158,0,0,0,0,slabs,
535200,1791191335200,56.611056,-4.659823,0,61.5,299.8,12,0.8,-0.009,0,,,,,,,,,,,,,,slabs,
535400,1791191335400,56.611056,-4.659823,0,61.5,299.8,12,0.8,-0.005,0,,,,,,,,,,,,,,slabs,
535600,1791191335600,56.611056,-4.659823,0,61.5,299.8,12,0.8,-0.002,0,,,,,,,,,,,,,,slabs,
535800,1791191335800,56.611056,-4.659823,0,61.5,299.8,12,0.8,-0.001,0,,,,,,,,,,,,,,slabs,
536000,1791191336000,56.611056,-4.659823,0,61.5,299.8,12,0.8,0,0,,,,,13.99,,,149,158,0,0,0,0,slabs,
536200,1791191336200,56.611056,-4.659823,0,61.5,299.8,12,0.8,0,0,,,,,,,,,,,,,,slabs,
536400,1791191336400,56.611056,-4.659823,0,61.5,299.8,12,0.8,0,0,,,,,,,,,,,,,,slabs,
536600,1791191336600,56.611056,-4.659823,0,61.5,299.8,12,0.8,0,0,,,,,,,,,,,,,,slabs,
536800,1791191336800,56.611056,-4.659823,0,61.5,299.8,12,0.8,0,0,,,,,,,,,,,,,,slabs,
537000,1791191337000,56.611056,-4.659823,0,61.5,299.8,12,0.8,0,0,,,,,13.99,,,149,158,0,0,0,0,slabs,
537200,1791191337200,56.611056,-4.659823,0,61.5,299.8,12,0.8,0,0,,,,,,,,,,,,,,slabs,
537400,1791191337400,56.611056,-4.659823,0,61.5,299.8,12,0.8,0,0,,,,,,,,,,,,,,slabs,
537600,1791191337600,56.611056,-4.659823,0,61.5,299.8,12,0.8,0,0,,,,,,,,,,,,,,slabs,
537800,1791191337800,56.611056,-4.659823,0,61.5,299.8,12,0.8,0,0,,,,,,,,,,,,,,slabs,
538000,1791191338000,56.611056,-4.659823,0,61.5,299.8,12,0.8,0,0,,,,,13.99,,,149,158,0,0,0,0,slabs,
538200,1791191338200,56.611056,-4.659823,0,61.5,299.8,12,0.8,0,0,,,,,,,,,,,,,,slabs,
538400,1791191338400,56.611056,-4.659823,0,61.5,299.8,12,0.8,0,0,,,,,,,,,,,,,,slabs,
538600,1791191338600,56.611056,-4.659823,0,61.5,299.8,12,0.8,0,0,,,,,,,,,,,,,,slabs,
538800,1791191338800,56.611056,-4.659823,0,61.5,299.8,12,0.8,0,0,,,,,,,,,,,,,,slabs,
539000,1791191339000,56.611056,-4.659823,0,61.5,299.8,12,0.8,0,0,,,,,13.99,,,149,158,0,0,0,0,slabs,
539200,1791191339200,56.611056,-4.659823,0,61.5,299.8,12,0.8,0,0,,,,,,,,,,,,,,slabs,
539400,1791191339400,56.611056,-4.659823,0,61.5,299.8,12,0.8,0,0,,,,,,,,,,,,,,slabs,
539600,1791191339600,56.611056,-4.659823,0,61.5,299.8,12,0.8,0,0,,,,,,,,,,,,,,slabs,
539800,1791191339800,56.611056,-4.659823,0,61.5,299.8,12,0.8,0,0,,,,,,,,,,,,,,slabs,
540000,1791191340000,56.611056,-4.659823,0,61.5,299.8,12,0.8,0,0,,,,,13.99,,,149,158,0,0,0,0,slabs,
540200,1791191340200,56.611056,-4.659823,0,61.5,299.8,12,0.8,0,0,,,,,,,,,,,,,,slabs,
540400,1791191340400,56.611056,-4.659823,0,61.5,299.8,12,0.8,0,0,,,,,,,,,,,,,,slabs,
540600,1791191340600,56.611056,-4.659823,0,61.5,299.8,12,0.8,0,0,,,,,,,,,,,,,,slabs,
540800,1791191340800,56.611056,-4.659823,0,61.5,299.8,12,0.8,0,0,,,,,,,,,,,,,,slabs,
541000,1791191341000,56.611056,-4.659823,0,61.5,299.8,12,0.8,0,0,,,,,13.99,,,149,158,0,0,0,0,slabs,
541200,1791191341200,56.611056,-4.659823,0,61.5,299.8,12,0.8,0,0,,,,,,,,,,,,,,slabs,
541400,1791191341400,56.611056,-4.659823,0,61.5,299.8,12,0.8,0,0,,,,,,,,,,,,,,slabs,
541600,1791191341600,56.611056,-4.659823,0,61.5,299.8,12,0.8,0,0,,,,,,,,,,,,,,slabs,
541800,1791191341800,56.611056,-4.659823,0,61.5,299.8,12,0.8,0,0,,,,,,,,,,,,,,slabs,
542000,1791191342000,56.611056,-4.659823,0,61.5,299.8,12,0.8,0,0,,,,,13.99,,,149,158,0,0,0,0,slabs,
542200,1791191342200,56.611056,-4.659823,0,61.5,299.8,12,0.8,0,0,,,,,,,,,,,,,,slabs,
542400,1791191342400,56.611056,-4.659823,0,61.5,299.8,12,0.8,0,0,,,,,,,,,,,,,,slabs,
542600,1791191342600,56.611056,-4.659823,0,61.5,299.8,12,0.8,0,0,,,,,,,,,,,,,,slabs,
542800,1791191342800,56.611056,-4.659823,0,61.5,299.8,12,0.8,0,0,,,,,,,,,,,,,,slabs,
543000,1791191343000,56.611056,-4.659823,0,61.5,299.8,12,0.8,0,0,,,,,13.98,,,149,158,0,0,0,0,slabs,
543200,1791191343200,56.611056,-4.659823,0,61.5,299.8,12,0.8,0,0,,,,,,,,,,,,,,slabs,
543400,1791191343400,56.611056,-4.659823,0,61.5,299.8,12,0.8,0,0,,,,,,,,,,,,,,slabs,
543600,1791191343600,56.611056,-4.659823,0,61.5,299.8,12,0.8,0,0,,,,,,,,,,,,,,slabs,
543800,1791191343800,56.611056,-4.659823,0,61.5,299.8,12,0.8,0,0,,,,,,,,,,,,,,slabs,
544000,1791191344000,56.611056,-4.659823,0,61.5,299.8,12,0.8,0,0,,,,,13.98,,,149,158,0,0,0,0,slabs,
544200,1791191344200,56.611056,-4.659823,0,61.5,299.8,12,0.8,0,0,,,,,,,,,,,,,,slabs,
544400,1791191344400,56.611056,-4.659823,0,61.5,299.8,12,0.8,0,0,,,,,,,,,,,,,,slabs,
544600,1791191344600,56.611056,-4.659823,0,61.5,299.8,12,0.8,0,0,,,,,,,,,,,,,,slabs,
544800,1791191344800,56.611056,-4.659823,0,61.5,299.8,12,0.8,0,0,,,,,,,,,,,,,,slabs,
545000,1791191345000,56.611056,-4.659823,0,61.5,299.8,12,0.8,0,0,,,,,13.98,,,149,158,0,0,0,0,slabs,
545200,1791191345200,56.611056,-4.659823,0,61.5,299.8,12,0.8,0,0,,,,,,,,,,,,,,slabs,
545400,1791191345400,56.611056,-4.659823,0,61.5,299.8,12,0.8,0,0,,,,,,,,,,,,,,slabs,
545600,1791191345600,56.611056,-4.659823,0,61.5,299.8,12,0.8,0,0,,,,,,,,,,,,,,slabs,
545800,1791191345800,56.611056,-4.659823,0,61.5,299.8,12,0.8,0,0,,,,,,,,,,,,,,slabs,
546000,1791191346000,56.611056,-4.659823,0,61.5,299.8,12,0.8,0,0,,,,,13.97,,,149,158,0,0,0,0,slabs,
546200,1791191346200,56.611056,-4.659823,0,61.5,299.8,12,0.8,0,0,,,,,,,,,,,,,,slabs,
546400,1791191346400,56.611056,-4.659823,0,61.5,299.8,12,0.8,0,0,,,,,,,,,,,,,,slabs,
546600,1791191346600,56.611056,-4.659823,0,61.5,299.8,12,0.8,0,0,,,,,,,,,,,,,,slabs,
546800,1791191346800,56.611056,-4.659823,0,61.5,299.8,12,0.8,0,0,,,,,,,,,,,,,,slabs,
547000,1791191347000,56.611056,-4.659823,0,61.5,299.8,12,0.8,0,0,,,,,13.97,,,149,158,0,0,0,0,slabs,
547200,1791191347200,56.611056,-4.659823,0,61.5,299.8,12,0.8,0,0,,,,,,,,,,,,,,slabs,
547400,1791191347400,56.611056,-4.659823,0,61.5,299.8,12,0.8,0,0,,,,,,,,,,,,,,slabs,
547600,1791191347600,56.611056,-4.659823,0,61.5,299.8,12,0.8,0,0,,,,,,,,,,,,,,slabs,
547800,1791191347800,56.611056,-4.659823,0,61.5,299.8,12,0.8,0,0,,,,,,,,,,,,,,slabs,
548000,1791191348000,56.611056,-4.659823,0,61.5,299.8,12,0.8,0,0,,,,,13.96,,,149,158,0,0,0,0,slabs,
548200,1791191348200,56.611056,-4.659823,0,61.5,299.8,12,0.8,0,0,,,,,,,,,,,,,,slabs,
548400,1791191348400,56.611056,-4.659823,0,61.5,299.8,12,0.8,0,0,,,,,,,,,,,,,,slabs,
548600,1791191348600,56.611056,-4.659823,0,61.5,299.8,12,0.8,0,0,,,,,,,,,,,,,,slabs,
548800,1791191348800,56.611056,-4.659823,0,61.5,299.8,12,0.8,0,0,,,,,,,,,,,,,,slabs,
549000,1791191349000,56.611056,-4.659823,0,61.5,299.8,12,0.8,0,0,,,,,13.95,,,149,158,0,0,0,0,slabs,
549200,1791191349200,56.611056,-4.659823,0,61.5,299.8,12,0.8,0,0,,,,,,,,,,,,,,slabs,
549400,1791191349400,56.611056,-4.659823,0,61.5,299.8,12,0.8,0,0,,,,,,,,,,,,,,slabs,
549600,1791191349600,56.611056,-4.659823,0,61.5,299.8,12,0.8,0,0,,,,,,,,,,,,,,slabs,
549800,1791191349800,56.611056,-4.659823,0,61.5,299.8,12,0.8,0,0,,,,,,,,,,,,,,slabs,
550000,1791191350000,56.611056,-4.659823,0,61.5,299.8,12,0.8,0,0,,,,,13.95,,,149,158,0,0,0,0,slabs,
550200,1791191350200,56.611056,-4.659823,0,61.5,299.8,12,0.8,0,0,,,,,,,,,,,,,,slabs,
550400,1791191350400,56.611056,-4.659823,0,61.5,299.8,12,0.8,0,0,,,,,,,,,,,,,,slabs,
550600,1791191350600,56.611056,-4.659823,0,61.5,299.8,12,0.8,0,0,,,,,,,,,,,,,,slabs,
550800,1791191350800,56.611056,-4.659823,0,61.5,299.8,12,0.8,0,0,,,,,,,,,,,,,,slabs,
551000,1791191351000,56.611056,-4.659823,0,61.5,299.8,12,0.8,0,0,,,,,13.94,,,149,158,0,0,0,0,slabs,
551200,1791191351200,56.611056,-4.659823,0,61.5,299.8,12,0.8,0,0,,,,,,,,,,,,,,slabs,
551400,1791191351400,56.611056,-4.659823,0,61.5,299.8,12,0.8,0,0,,,,,,,,,,,,,,slabs,
551600,1791191351600,56.611056,-4.659823,0,61.5,299.8,12,0.8,0,0,,,,,,,,,,,,,,slabs,
551800,1791191351800,56.611056,-4.659823,0,61.5,299.8,12,0.8,0,0,,,,,,,,,,,,,,slabs,
552000,1791191352000,56.611056,-4.659823,0,61.5,299.8,12,0.8,0,0,,,,,13.94,,,149,158,0,0,0,0,slabs,
552200,1791191352200,56.611056,-4.659823,0,61.5,299.8,12,0.8,0,0,,,,,,,,,,,,,,slabs,
552400,1791191352400,56.611056,-4.659823,0,61.5,299.8,12,0.8,0,0,,,,,,,,,,,,,,slabs,
552600,1791191352600,56.611056,-4.659823,0,61.5,299.8,12,0.8,0,0,,,,,,,,,,,,,,slabs,
552800,1791191352800,56.611056,-4.659823,0,61.5,299.8,12,0.8,0,0,,,,,,,,,,,,,,slabs,
553000,1791191353000,56.611056,-4.659823,0,61.5,299.8,12,0.8,0,0,,,,,13.93,,,149,158,0,0,0,0,slabs,
553200,1791191353200,56.611056,-4.659823,0,61.5,299.8,12,0.8,0,0,,,,,,,,,,,,,,slabs,
553400,1791191353400,56.611056,-4.659823,0,61.5,299.8,12,0.8,0,0,,,,,,,,,,,,,,slabs,
553600,1791191353600,56.611056,-4.659823,0,61.5,299.8,12,0.8,0,0,,,,,,,,,,,,,,slabs,
553800,1791191353800,56.611056,-4.659823,0,61.5,299.8,12,0.8,0,0,,,,,,,,,,,,,,slabs,
554000,1791191354000,56.611056,-4.659823,0,61.5,299.8,12,0.8,0,0,,,,,13.93,,,149,158,0,0,0,0,slabs,
554200,1791191354200,56.611056,-4.659823,0,61.5,299.8,12,0.8,0,0,,,,,,,,,,,,,,slabs,
554400,1791191354400,56.611056,-4.659823,0,61.5,299.8,12,0.8,0,0,,,,,,,,,,,,,,slabs,
554600,1791191354600,56.611056,-4.659823,0,61.5,299.8,12,0.8,0,0,,,,,,,,,,,,,,slabs,
554800,1791191354800,56.611056,-4.659823,0,61.5,299.8,12,0.8,0,0,,,,,,,,,,,,,,slabs,
555000,1791191355000,56.611056,-4.659823,0,61.5,299.8,12,0.8,0,0,,,,,13.92,,,149,158,0,0,0,0,slabs,
555200,1791191355200,56.611056,-4.659823,0,61.5,299.8,12,0.8,0,0,,,,,,,,,,,,,,slabs,
555400,1791191355400,56.611056,-4.659823,0,61.5,299.8,12,0.8,0,0,,,,,,,,,,,,,,slabs,
555600,1791191355600,56.611056,-4.659823,0,61.5,299.8,12,0.8,0,0,,,,,,,,,,,,,,slabs,
555800,1791191355800,56.611056,-4.659823,0,61.5,299.8,12,0.8,0,0,,,,,,,,,,,,,,slabs,
556000,1791191356000,56.611056,-4.659823,0,61.5,299.8,12,0.8,0,0,,,,,13.92,,,149,158,0,0,0,0,slabs,
556200,1791191356200,56.611056,-4.659823,0,61.5,299.8,12,0.8,0,0,,,,,,,,,,,,,,slabs,
556400,1791191356400,56.611056,-4.659823,0,61.5,299.8,12,0.8,0,0,,,,,,,,,,,,,,slabs,
556600,1791191356600,56.611056,-4.659823,0,61.5,299.8,12,0.8,0,0,,,,,,,,,,,,,,slabs,
556800,1791191356800,56.611056,-4.659823,0,61.5,299.8,12,0.8,0,0,,,,,,,,,,,,,,slabs,
557000,1791191357000,56.611056,-4.659823,0,61.5,299.8,12,0.8,0,0,,,,,13.92,,,149,158,0,0,0,0,slabs,
557200,1791191357200,56.611056,-4.659823,0,61.5,299.8,12,0.8,0,0,,,,,,,,,,,,,,slabs,
557400,1791191357400,56.611056,-4.659823,0,61.5,299.8,12,0.8,0,0,,,,,,,,,,,,,,slabs,
557600,1791191357600,56.611056,-4.659823,0,61.5,299.8,12,0.8,0,0,,,,,,,,,,,,,,slabs,
557800,1791191357800,56.611056,-4.659823,0,61.5,299.8,12,0.8,0,0,,,,,,,,,,,,,,slabs,
558000,1791191358000,56.611056,-4.659823,0,61.5,299.8,12,0.8,0,0,,,,,13.91,,,149,158,0,0,0,0,slabs,
558200,1791191358200,56.611056,-4.659823,0,61.5,299.8,12,0.8,0,0,,,,,,,,,,,,,,slabs,
558400,1791191358400,56.611056,-4.659823,0,61.5,299.8,12,0.8,0,0,,,,,,,,,,,,,,slabs,
558600,1791191358600,56.611056,-4.659823,0,61.5,299.8,12,0.8,0,0,,,,,,,,,,,,,,slabs,
558800,1791191358800,56.611056,-4.659823,0,61.5,299.8,12,0.8,0,0,,,,,,,,,,,,,,slabs,
559000,1791191359000,56.611056,-4.659823,0,61.5,299.8,12,0.8,0,0,,,,,13.91,,,149,158,0,0,0,0,slabs,
559200,1791191359200,56.611056,-4.659823,0,61.5,299.8,12,0.8,0,0,,,,,,,,,,,,,,slabs,
559400,1791191359400,56.611056,-4.659823,0,61.5,299.8,12,0.8,0,0,,,,,,,,,,,,,,slabs,
559600,1791191359600,56.611056,-4.659823,0,61.5,299.8,12,0.8,0,0,,,,,,,,,,,,,,slabs,
559800,1791191359800,56.611056,-4.659823,0,61.5,299.8,12,0.8,0,0,,,,,,,,,,,,,,slabs,
560000,1791191360000,56.611056,-4.659823,0,61.5,299.8,12,0.8,0,0,,,,,13.91,,,149,158,0,0,0,0,slabs,
560200,1791191360200,56.611056,-4.659823,0.01,61.5,299.8,12,0.8,0,0,,,,,,,,,,,,,,slabs,
560400,1791191360400,56.611056,-4.659823,0.03,61.5,299.8,12,0.8,0.001,0,,,,,,,,,,,,,,slabs,
560600,1791191360600,56.611056,-4.659823,0.06,61.5,299.8,12,0.8,0.002,0,,,,,,,,,,,,,,slabs,
560800,1791191360800,56.611056,-4.659823,0.11,61.5,299.8,12,0.8,0.003,0,,,,,,,,,,,,,,slabs,
561000,1791191361000,56.611056,-4.659823,0.17,61.5,299.8,12,0.8,0.005,0,,,,,13.91,,,149,158,0.2,0.2,0.2,0.2,slabs,
561200,1791191361200,56.611056,-4.659823,0.24,61.5,299.8,12,0.8,0.007,0,,,,,,,,,,,,,,slabs,
561400,1791191361400,56.611056,-4.659823,0.33,61.5,299.8,12,0.8,0.008,0,,,,,,,,,,,,,,slabs,
561600,1791191361600,56.611056,-4.659822,0.43,61.5,299.8,12,0.8,0.01,0,,,,,,,,,,,,,,slabs,
561800,1791191361800,56.611056,-4.659822,0.55,61.5,299.8,12,0.8,0.012,0,,,,,,,,,,,,,,slabs,
562000,1791191362000,56.611056,-4.659821,0.68,61.5,299.8,12,0.8,0.014,0,,,,,13.91,,,149,158,0.7,0.7,0.7,0.7,slabs,
562200,1791191362200,56.611056,-4.659821,0.82,61.5,299.8,12,0.8,0.016,0,,,,,,,,,,,,,,slabs,
562400,1791191362400,56.611057,-4.65982,0.97,61.5,299.8,12,0.8,0.018,0,,,,,,,,,,,,,,slabs,
562600,1791191362600,56.611057,-4.659819,1.14,61.5,299.8,12,0.8,0.02,0,,,,,,,,,,,,,,slabs,
562800,1791191362800,56.611057,-4.659818,1.32,61.5,299.8,12,0.8,0.022,0,,,,,,,,,,,,,,slabs,
563000,1791191363000,56.611057,-4.659817,1.52,61.5,299.8,12,0.8,0.024,0,,,,,13.91,,,149,158,1.5,1.5,1.5,1.5,slabs,
563200,1791191363200,56.611058,-4.659816,1.72,61.5,299.8,12,0.8,0.025,0,,,,,,,,,,,,,,slabs,
563400,1791191363400,56.611058,-4.659814,1.94,61.5,299.8,12,0.8,0.027,0,,,,,,,,,,,,,,slabs,
563600,1791191363600,56.611059,-4.659813,2.18,61.5,299.8,12,0.8,0.029,0,,,,,,,,,,,,,,slabs,
563800,1791191363800,56.611059,-4.659811,2.42,61.5,299.8,12,0.8,0.031,0,,,,,,,,,,,,,,slabs,
564000,1791191364000,56.61106,-4.659809,2.68,61.5,299.8,12,0.8,0.033,0,,,,,13.91,,,149,158,2.7,2.7,2.7,2.7,slabs,
564200,1791191364200,56.611061,-4.659807,2.95,61.5,299.8,12,0.8,0.035,0,,,,,,,,,,,,,,slabs,
564400,1791191364400,56.611061,-4.659804,3.23,61.5,299.8,12,0.8,0.037,0,,,,,,,,,,,,,,slabs,
564600,1791191364600,56.611062,-4.659801,3.53,61.5,299.8,12,0.8,0.038,0,,,,,,,,,,,,,,slabs,
564800,1791191364800,56.611063,-4.659799,3.83,61.5,299.7,12,0.8,0.04,0,,,,,,,,,,,,,,slabs,
565000,1791191365000,56.611064,-4.659795,4.15,61.5,299.7,12,0.8,0.042,0,,,,,13.92,,,149,158,4.1,4.2,4.2,4.2,slabs,
565200,1791191365200,56.611065,-4.659792,4.48,61.5,299.7,12,0.8,0.043,0,,,,,,,,,,,,,,slabs,
565400,1791191365400,56.611066,-4.659788,4.83,61.5,299.7,12,0.8,0.045,0,,,,,,,,,,,,,,slabs,
565600,1791191365600,56.611067,-4.659784,5.18,61.5,299.7,12,0.8,0.047,0,,,,,,,,,,,,,,slabs,
565800,1791191365800,56.611069,-4.65978,5.54,61.5,299.7,12,0.8,0.048,0,,,,,,,,,,,,,,slabs,
566000,1791191366000,56.61107,-4.659775,5.92,61.5,299.7,12,0.8,0.05,0,,,,,13.92,,,149,158,5.9,5.9,5.9,5.9,slabs,
566200,1791191366200,56.611071,-4.65977,6.31,61.5,299.7,12,0.8,0.052,0,,,,,,,,,,,,,,slabs,
566400,1791191366400,56.611073,-4.659765,6.71,61.4,299.7,12,0.8,0.053,0,,,,,,,,,,,,,,slabs,
566600,1791191366600,56.611075,-4.65976,7.11,61.4,299.7,12,0.8,0.055,0,,,,,,,,,,,,,,slabs,
566800,1791191366800,56.611076,-4.659754,7.53,61.4,299.7,12,0.8,0.056,0,,,,,,,,,,,,,,slabs,
567000,1791191367000,56.611078,-4.659748,7.96,61.4,299.7,12,0.8,0.058,0,,,,,13.92,,,149,158,8,7.9,8,7.9,slabs,
567200,1791191367200,56.61108,-4.659741,8.4,61.4,299.7,12,0.8,0.059,0,,,,,,,,,,,,,,slabs,
567400,1791191367400,56.611082,-4.659734,8.85,61.4,299.7,12,0.8,0.061,0,,,,,,,,,,,,,,slabs,
567600,1791191367600,56.611084,-4.659727,9.31,61.4,299.7,12,0.8,0.062,0,,,,,,,,,,,,,,slabs,
567800,1791191367800,56.611087,-4.65972,9.78,61.4,299.7,12,0.8,0.064,0,,,,,,,,,,,,,,slabs,
568000,1791191368000,56.611089,-4.659712,10.26,61.4,299.7,12,0.8,0.065,0,,,,,13.93,,,148,157,10.3,10.2,10.3,10.2,slabs,
568200,1791191368200,56.611092,-4.659703,10.74,61.4,299.7,12,0.8,0.066,0,,,,,,,,,,,,,,slabs,
568400,1791191368400,56.611094,-4.659694,11.24,61.3,299.7,12,0.8,0.068,0,,,,,,,,,,,,,,slabs,
568600,1791191368600,56.611097,-4.659685,11.74,61.3,299.7,12,0.8,0.069,0.001,,,,,,,,,,,,,,slabs,
568800,1791191368800,56.6111,-4.659676,12.26,61.3,299.7,12,0.8,0.07,0.001,,,,,,,,,,,,,,slabs,
569000,1791191369000,56.611103,-4.659666,12.78,61.3,299.7,12,0.8,0.071,0.001,,,,,13.93,,,149,158,12.9,12.7,12.8,12.7,slabs,
569200,1791191369200,56.611106,-4.659655,13.31,61.3,299.7,12,0.8,0.073,0.001,,,,,,,,,,,,,,slabs,
569400,1791191369400,56.611109,-4.659645,13.84,61.3,299.7,12,0.8,0.074,0,,,,,,,,,,,,,,slabs,
569600,1791191369600,56.611113,-4.659633,14.39,61.3,299.7,12,0.8,0.075,0,,,,,,,,,,,,,,slabs,
569800,1791191369800,56.611116,-4.659622,14.94,61.2,299.7,12,0.8,0.076,0.001,,,,,,,,,,,,,,slabs,
570000,1791191370000,56.61112,-4.65961,15.5,61.2,299.7,12,0.8,0.077,0.001,,,,,13.94,,,150,159,15.6,15.4,15.6,15.4,slabs,
570200,1791191370200,56.611124,-4.659597,16.07,61.2,299.7,12,0.8,0.078,0.001,,,,,,,,,,,,,,slabs,
570400,1791191370400,56.611127,-4.659584,16.64,61.2,299.7,12,0.8,0.079,0.001,,,,,,,,,,,,,,slabs,
570600,1791191370600,56.611132,-4.659571,17.22,61.2,299.7,12,0.8,0.08,0.001,,,,,,,,,,,,,,slabs,
570800,1791191370800,56.611136,-4.659557,17.8,61.2,299.7,12,0.8,0.081,0,,,,,,,,,,,,,,slabs,
571000,1791191371000,56.61114,-4.659542,18.39,61.1,299.7,12,0.8,0.082,0.001,,,,,13.95,,,149,158,18.5,18.2,18.5,18.3,slabs,
571200,1791191371200,56.611145,-4.659527,18.99,61.1,299.7,12,0.8,0.083,0.001,,,,,,,,,,,,,,slabs,
571400,1791191371400,56.611149,-4.659512,19.59,61.1,299.7,12,0.8,0.084,0.001,,,,,,,,,,,,,,slabs,
571600,1791191371600,56.611154,-4.659496,20.19,61.1,299.7,12,0.8,0.084,0.001,,,,,,,,,,,,,,slabs,
571800,1791191371800,56.611159,-4.65948,20.81,61,299.7,12,0.8,0.085,0.002,,,,,,,,,,,,,,slabs,
572000,1791191372000,56.611164,-4.659463,21.42,61,299.7,12,0.8,0.086,0.001,,,,,13.95,,,148,156,21.6,21.2,21.6,21.3,slabs,
572200,1791191372200,56.611169,-4.659446,22.04,61,299.7,12,0.8,0.086,0.001,,,,,,,,,,,,,,slabs,
572400,1791191372400,56.611175,-4.659428,22.66,61,299.7,12,0.8,0.087,0.001,,,,,,,,,,,,,,slabs,
572600,1791191372600,56.61118,-4.65941,23.29,60.9,299.7,12,0.8,0.088,0.002,,,,,,,,,,,,,,slabs,
572800,1791191372800,56.611186,-4.659391,23.92,60.9,299.7,12,0.8,0.088,0.001,,,,,,,,,,,,,,slabs,
573000,1791191373000,56.611192,-4.659372,24.55,60.9,299.6,12,0.8,0.089,0.001,,,,,13.96,,,150,158,24.8,24.3,24.8,24.3,slabs,
573200,1791191373200,56.611198,-4.659352,25.19,60.9,299.6,12,0.8,0.089,0.001,,,,,,,,,,,,,,slabs,
573400,1791191373400,56.611204,-4.659332,25.83,60.8,299.6,12,0.8,0.09,0.002,,,,,,,,,,,,,,slabs,
573600,1791191373600,56.61121,-4.659312,26.47,60.8,299.6,12,0.8,0.09,0.001,,,,,,,,,,,,,,slabs,
573800,1791191373800,56.611217,-4.65929,27.11,60.8,299.6,12,0.8,0.09,0.001,,,,,,,,,,,,,,slabs,
574000,1791191374000,56.611224,-4.659269,27.76,60.8,299.6,12,0.8,0.091,0.001,,,,,13.96,,,152,159,28.1,27.4,28,27.5,slabs,
574200,1791191374200,56.611231,-4.659246,28.41,60.7,299.6,12,0.8,0.091,0.003,,,,,,,,,,,,,,slabs,
574400,1791191374400,56.611238,-4.659224,29.05,60.7,299.6,12,0.8,0.091,0.001,,,,,,,,,,,,,,slabs,
574600,1791191374600,56.611245,-4.6592,29.7,60.7,299.6,12,0.8,0.091,0.001,,,,,,,,,,,,,,slabs,
574800,1791191374800,56.611252,-4.659177,30.35,60.6,299.6,12,0.8,0.092,0.003,,,,,,,,,,,,,,slabs,
575000,1791191375000,56.61126,-4.659152,31,60.6,299.6,12,0.8,0.092,0.003,,,,,13.97,,,149,156,31.4,30.6,31.3,30.7,slabs,
575200,1791191375200,56.611267,-4.659128,31.65,60.6,299.6,12,0.8,0.092,0.001,,,,,,,,,,,,,,slabs,
575400,1791191375400,56.611275,-4.659102,32.3,60.5,299.6,12,0.8,0.092,0.003,,,,,,,,,,,,,,slabs,
575600,1791191375600,56.611283,-4.659077,32.95,60.5,299.6,12,0.8,0.092,0.003,,,,,,,,,,,,,,slabs,
575800,1791191375800,56.611291,-4.65905,33.59,60.4,299.6,12,0.8,0.092,0.003,,,,,,,,,,,,,,slabs,
576000,1791191376000,56.6113,-4.659024,34.24,60.4,299.6,12,0.8,0.092,0.003,,,,,13.97,,,148,155,34.7,33.8,34.6,33.9,slabs,
576200,1791191376200,56.611308,-4.658996,34.89,60.4,299.6,12,0.8,0.092,0.003,,,,,,,,,,,,,,slabs,
576400,1791191376400,56.611317,-4.658969,35.53,60.3,299.6,12,0.8,0.091,0.003,,,,,,,,,,,,,,slabs,
576600,1791191376600,56.611326,-4.65894,36.17,60.3,299.5,12,0.8,0.091,0.003,,,,,,,,,,,,,,slabs,
576800,1791191376800,56.611335,-4.658912,36.81,60.3,299.5,12,0.8,0.091,0.002,,,,,,,,,,,,,,slabs,
577000,1791191377000,56.611344,-4.658882,37.45,60.2,299.5,12,0.8,0.091,0.004,,,,,13.98,,,152,159,38,36.9,37.9,37,slabs,
577200,1791191377200,56.611353,-4.658853,38.08,60.2,299.5,12,0.8,0.09,0.004,,,,,,,,,,,,,,slabs,
577400,1791191377400,56.611363,-4.658822,38.71,60.1,299.5,12,0.8,0.09,0.004,,,,,,,,,,,,,,slabs,
577600,1791191377600,56.611373,-4.658792,39.34,60.1,299.5,12,0.8,0.09,0.004,,,,,,,,,,,,,,slabs,
577800,1791191377800,56.611382,-4.658761,39.96,60,299.5,12,0.8,0.089,0.006,,,,,,,,,,,,,,slabs,
578000,1791191378000,56.611392,-4.658729,40.58,60,299.5,12,0.8,0.089,0.004,,,,,13.98,,,152,159,41.2,40,41.1,40.1,slabs,
578200,1791191378200,56.611403,-4.658697,41.19,60,299.5,12,0.8,0.088,0.004,,,,,,,,,,,,,,slabs,
578400,1791191378400,56.611413,-4.658664,41.81,59.9,299.5,12,0.8,0.088,0.004,,,,,,,,,,,,,,slabs,
578600,1791191378600,56.611424,-4.658631,42.41,59.9,299.5,12,0.8,0.087,0.004,,,,,,,,,,,,,,slabs,
578800,1791191378800,56.611434,-4.658598,43.01,59.8,299.5,12,0.8,0.086,0.004,,,,,,,,,,,,,,slabs,
579000,1791191379000,56.611445,-4.658564,43.61,59.8,299.5,12,0.8,0.086,0.004,,,,,13.98,,,148,154,44.3,43,44.1,43.1,slabs,
579200,1791191379200,56.611456,-4.658529,44.2,59.7,299.5,12,0.8,0.085,0.006,,,,,,,,,,,,,,slabs,
579400,1791191379400,56.611467,-4.658494,44.78,59.7,299.4,12,0.8,0.084,0.004,,,,,,,,,,,,,,slabs,
579600,1791191379600,56.611479,-4.658459,45.36,59.6,299.4,12,0.8,0.084,0.007,,,,,,,,,,,,,,slabs,
579800,1791191379800,56.61149,-4.658423,45.93,59.6,299.4,12,0.8,0.083,0.004,,,,,,,,,,,,,,slabs,
580000,1791191380000,56.611502,-4.658387,46.5,59.5,299.4,12,0.8,0.082,0.007,,,,,13.99,,,149,155,47.2,45.8,47.1,45.9,slabs,
580200,1791191380200,56.611514,-4.658351,47.06,59.5,299.4,12,0.8,0.081,0.005,,,,,,,,,,,,,,slabs,
580400,1791191380400,56.611526,-4.658314,47.61,59.4,299.4,12,0.8,0.08,0.007,,,,,,,,,,,,,,slabs,
580600,1791191380600,56.611538,-4.658276,48.16,59.4,299.4,12,0.8,0.079,0.005,,,,,,,,,,,,,,slabs,
580800,1791191380800,56.61155,-4.658238,48.69,59.3,299.4,12,0.8,0.078,0.007,,,,,,,,,,,,,,slabs,
581000,1791191381000,56.611563,-4.6582,49.22,59.3,299.4,12,0.8,0.077,0.005,,,,,13.99,,,153,159,50,48.5,49.8,48.6,slabs,
581200,1791191381200,56.611575,-4.658162,49.74,59.2,299.4,12,0.8,0.076,0.007,,,,,,,,,,,,,,slabs,
581400,1791191381400,56.611588,-4.658123,50.26,59.2,299.4,12,0.8,0.075,0.005,,,,,,,,,,,,,,slabs,
581600,1791191381600,56.611601,-4.658083,50.76,59.1,299.4,12,0.8,0.074,0.007,,,,,,,,,,,,,,slabs,
581800,1791191381800,56.611614,-4.658044,51.26,59.1,299.3,12,0.8,0.073,0.005,,,,,,,,,,,,,,slabs,
582000,1791191382000,56.611627,-4.658004,51.74,59,299.3,10,0.8,0.071,0.007,,,,,13.99,,,151,157,52.5,51,52.3,51.1,slabs,
582200,1791191382200,56.611641,-4.657963,52.22,58.9,299.3,10,0.8,0.07,0.008,,,,,,,,,,,,,,slabs,
582400,1791191382400,56.611654,-4.657922,52.69,58.9,299.3,10,0.8,0.069,0.008,,,,,,,,,,,,,,slabs,
582600,1791191382600,56.611668,-4.657881,53.15,58.8,299.3,10,0.8,0.068,0.008,,,,,,,,,,,,,,slabs,
582800,1791191382800,56.611682,-4.65784,53.6,58.8,299.3,10,0.8,0.066,0.008,,,,,,,,,,,,,,slabs,
583000,1791191383000,56.611696,-4.657798,54.04,58.7,299.3,10,0.9,0.065,0.008,,,,,13.99,,,148,153,54.8,53.3,54.6,53.4,slabs,
583200,1791191383200,56.61171,-4.657756,54.47,58.7,299.3,10,0.9,0.064,0.005,,,,,,,,,,,,,,slabs,
583400,1791191383400,56.611724,-4.657714,54.89,58.6,299.3,10,0.9,0.062,0.008,,,,,,,,,,,,,,slabs,
583600,1791191383600,56.611738,-4.657671,55.29,58.5,299.3,10,0.9,0.061,0.008,,,,,,,,,,,,,,slabs,
583800,1791191383800,56.611753,-4.657628,55.69,58.5,299.3,10,0.9,0.059,0.008,,,,,,,,,,,,,,slabs,
584000,1791191384000,56.611767,-4.657585,56.08,58.4,299.2,10,0.9,0.058,0.008,,,,,13.99,,,151,157,56.8,55.3,56.7,55.5,slabs,
584200,1791191384200,56.611782,-4.657542,56.46,58.4,299.2,10,0.9,0.056,0.008,,,,,,,,,,,,,,slabs,
584400,1791191384400,56.611797,-4.657498,56.82,58.3,299.2,10,0.9,0.055,0.008,,,,,,,,,,,,,,slabs,
584600,1791191384600,56.611812,-4.657454,57.17,58.2,299.2,10,0.9,0.053,0.008,,,,,,,,,,,,,,slabs,
584800,1791191384800,56.611827,-4.65741,57.52,58.2,299.2,10,0.9,0.052,0.008,,,,,,,,,,,,,,slabs,
585000,1791191385000,56.611842,-4.657365,57.85,58.1,299.2,10,0.9,0.05,0.008,,,,,13.99,,,154,159,58.6,57.1,58.4,57.3,slabs,
585200,1791191385200,56.611857,-4.65732,58.17,58.1,299.2,10,0.9,0.048,0.009,,,,,,,,,,,,,,slabs,
585400,1791191385400,56.611873,-4.657276,58.47,58,299.2,10,0.9,0.047,0.009,,,,,,,,,,,,,,slabs,
585600,1791191385600,56.611888,-4.65723,58.77,57.9,299.2,10,0.9,0.045,0.009,,,,,,,,,,,,,,slabs,
585800,1791191385800,56.611904,-4.657185,59.05,57.9,299.2,10,0.9,0.043,0.009,,,,,,,,,,,,,,slabs,
586000,1791191386000,56.611919,-4.65714,59.32,57.8,299.2,10,0.9,0.042,0.009,,,,,13.99,,,150,156,60,58.6,59.9,58.8,slabs,
586200,1791191386200,56.611935,-4.657094,59.58,57.8,299.1,10,0.9,0.04,0.009,,,,,,,,,,,,,,slabs,
586400,1791191386400,56.611951,-4.657048,59.82,57.7,299.1,10,0.9,0.038,0.009,,,,,,,,,,,,,,slabs,
586600,1791191386600,56.611967,-4.657002,60.06,57.6,299.1,10,0.9,0.037,0.009,,,,,,,,,,,,,,slabs,
586800,1791191386800,56.611983,-4.656956,60.28,57.6,299.1,10,0.9,0.035,0.009,,,,,,,,,,,,,,slabs,
587000,1791191387000,56.611999,-4.65691,60.48,57.5,299.1,10,0.9,0.033,0.009,,,,,13.98,,,148,154,61.1,59.9,61,60,slabs,
587200,1791191387200,56.612016,-4.656864,60.68,57.4,299.1,10,0.9,0.031,0.012,,,,,,,,,,,,,,slabs,
587400,1791191387400,56.612032,-4.656817,60.86,57.4,299.1,10,0.9,0.029,0.009,,,,,,,,,,,,,,slabs,
587600,1791191387600,56.612048,-4.656771,61.03,57.3,299.1,10,0.9,0.027,0.009,,,,,,,,,,,,,,slabs,
587800,1791191387800,56.612065,-4.656724,61.18,57.2,299.1,10,0.9,0.025,0.012,,,,,,,,,,,,,,slabs,
588000,1791191388000,56.612081,-4.656677,61.32,57.2,299.1,10,0.9,0.024,0.009,,,,,13.98,,,152,158,61.9,60.8,61.8,60.9,slabs,
588200,1791191388200,56.612098,-4.656631,61.45,57.1,299.1,10,0.9,0.022,0.009,,,,,,,,,,,,,,slabs,
588400,1791191388400,56.612115,-4.656584,61.57,57.1,299.1,10,0.9,0.02,0.009,,,,,,,,,,,,,,slabs,
588600,1791191388600,56.612131,-4.656537,61.67,57,299,10,0.9,0.018,0.009,,,,,,,,,,,,,,slabs,
588800,1791191388800,56.612148,-4.65649,61.76,56.9,299,10,0.9,0.016,0.009,,,,,,,,,,,,,,slabs,
589000,1791191389000,56.612165,-4.656443,61.83,56.9,299,10,0.9,0.014,0.009,,,,,13.98,,,152,159,62.3,61.4,62.2,61.5,slabs,
589200,1791191389200,56.612182,-4.656396,61.89,56.8,299,10,0.9,0.012,0.009,,,,,,,,,,,,,,slabs,
589400,1791191389400,56.612199,-4.656349,61.94,56.7,299,10,0.9,0.01,0.012,,,,,,,,,,,,,,slabs,
589600,1791191389600,56.612216,-4.656302,61.97,56.7,299,10,0.9,0.008,0.009,,,,,,,,,,,,,,slabs,
589800,1791191389800,56.612233,-4.656255,61.99,56.6,299,10,0.9,0.007,0.009,,,,,,,,,,,,,,slabs,
590000,1791191390000,56.61225,-4.656208,62,56.6,299,10,0.9,0.005,0.009,,,,,13.97,,,148,155,62.4,61.6,62.3,61.7,slabs,
590200,1791191390200,56.612267,-4.656161,62,56.5,299,10,0.9,0.003,0.009,,,,,,,,,,,,,,slabs,
590400,1791191390400,56.612284,-4.656114,62,56.4,299,10,0.9,0.002,0.009,,,,,,,,,,,,,,slabs,
590600,1791191390600,56.612301,-4.656067,62,56.4,299,10,0.9,0.001,0.009,,,,,,,,,,,,,,slabs,
590800,1791191390800,56.612318,-4.656021,62,56.3,299,10,0.9,0,0.009,,,,,,,,,,,,,,slabs,
591000,1791191391000,56.612335,-4.655974,62,56.2,299,10,0.9,0,0.012,,,,,13.97,,,148,156,62.3,61.7,62.2,61.8,slabs,
591200,1791191391200,56.612353,-4.655927,61.99,56.2,298.9,10,0.9,0,0.009,,,,,,,,,,,,,,slabs,
591400,1791191391400,56.61237,-4.65588,61.99,56.1,298.9,10,0.9,0,0.009,,,,,,,,,,,,,,slabs,
591600,1791191391600,56.612387,-4.655834,61.99,56,298.9,10,0.9,0,0.012,,,,,,,,,,,,,,slabs,
591800,1791191391800,56.612404,-4.655787,61.99,56,298.9,10,0.9,0,0.009,,,,,,,,,,,,,,slabs,
592000,1791191392000,56.612422,-4.65574,61.98,55.9,298.9,10,0.9,-0.001,0.009,,,,,13.96,,,152,160,62.2,61.8,62.1,61.8,slabs,
592200,1791191392200,56.612439,-4.655694,61.98,55.9,298.9,10,0.9,0,0.009,,,,,,,,,,,,,,slabs,
592400,1791191392400,56.612456,-4.655647,61.98,55.8,298.9,10,0.9,0,0.009,,,,,,,,,,,,,,slabs,
592600,1791191392600,56.612474,-4.655601,61.97,55.7,298.9,10,0.9,-0.001,0.009,,,,,,,,,,,,,,slabs,
592800,1791191392800,56.612491,-4.655554,61.97,55.7,298.9,10,0.9,-0.001,0.009,,,,,,,,,,,,,,slabs,
593000,1791191393000,56.612509,-4.655508,61.96,55.6,298.9,10,0.9,-0.001,0.009,,,,,13.95,,,150,159,62,61.9,62,61.9,slabs,
593200,1791191393200,56.612526,-4.655462,61.96,55.5,298.9,10,0.9,-0.001,0.012,,,,,,,,,,,,,,slabs,
593400,1791191393400,56.612544,-4.655415,61.95,55.5,298.9,10,0.9,-0.001,0.009,,,,,,,,,,,,,,slabs,
593600,1791191393600,56.612561,-4.655369,61.95,55.4,298.9,10,0.9,-0.001,0.009,,,,,,,,,,,,,,slabs,
593800,1791191393800,56.612579,-4.655323,61.94,55.4,298.9,10,0.9,-0.001,0.009,,,,,,,,,,,,,,slabs,
594000,1791191394000,56.612596,-4.655276,61.94,55.3,298.9,10,0.9,-0.001,0.009,,,,,13.95,,,146,155,61.9,62,61.9,62,slabs,
594200,1791191394200,56.612614,-4.65523,61.93,55.2,298.8,10,0.9,-0.001,0.009,,,,,,,,,,,,,,slabs,
594400,1791191394400,56.612632,-4.655184,61.92,55.2,298.8,10,0.9,-0.001,0.009,,,,,,,,,,,,,,slabs,
594600,1791191394600,56.612649,-4.655138,61.92,55.1,298.8,10,0.9,-0.001,0.009,,,,,,,,,,,,,,slabs,
594800,1791191394800,56.612667,-4.655092,61.91,55.1,298.8,10,0.9,-0.001,0.009,,,,,,,,,,,,,,slabs,
595000,1791191395000,56.612685,-4.655046,61.9,55,298.8,10,0.9,-0.001,0.009,,,,,13.94,,,148,158,61.8,62,61.8,62,slabs,
595200,1791191395200,56.612702,-4.655,61.89,54.9,298.8,10,0.9,-0.001,0.009,,,,,,,,,,,,,,slabs,
595400,1791191395400,56.61272,-4.654954,61.89,54.9,298.8,10,0.9,-0.001,0.009,,,,,,,,,,,,,,slabs,
595600,1791191395600,56.612738,-4.654908,61.88,54.8,298.8,10,0.9,-0.001,0.009,,,,,,,,,,,,,,slabs,
595800,1791191395800,56.612756,-4.654862,61.87,54.7,298.8,10,0.9,-0.001,0.012,,,,,,,,,,,,,,slabs,
596000,1791191396000,56.612773,-4.654816,61.86,54.7,298.8,10,0.9,-0.001,0.009,,,,,13.94,,,152,161,61.6,62.1,61.7,62,slabs,
596200,1791191396200,56.612791,-4.654771,61.85,54.6,298.8,10,0.9,-0.001,0.009,,,,,,,,,,,,,,slabs,
596400,1791191396400,56.612809,-4.654725,61.84,54.6,298.8,10,0.9,-0.001,0.009,,,,,,,,,,,,,,slabs,
596600,1791191396600,56.612827,-4.654679,61.83,54.5,298.8,10,0.9,-0.001,0.009,,,,,,,,,,,,,,slabs,
596800,1791191396800,56.612845,-4.654634,61.82,54.4,298.8,10,0.9,-0.001,0.009,,,,,,,,,,,,,,slabs,
597000,1791191397000,56.612863,-4.654588,61.81,54.4,298.8,10,0.9,-0.001,0.009,,,,,13.93,,,148,158,61.5,62.1,61.5,62.1,slabs,
597200,1791191397200,56.612881,-4.654542,61.8,54.3,298.8,10,0.9,-0.001,0.009,,,,,,,,,,,,,,slabs,
597400,1791191397400,56.612899,-4.654497,61.79,54.3,298.8,10,0.9,-0.001,0.009,,,,,,,,,,,,,,slabs,
597600,1791191397600,56.612917,-4.654451,61.78,54.2,298.8,10,0.9,-0.001,0.009,,,,,,,,,,,,,,slabs,
597800,1791191397800,56.612935,-4.654406,61.76,54.1,298.8,10,0.9,-0.002,0.009,,,,,,,,,,,,,,slabs,
598000,1791191398000,56.612953,-4.654361,61.75,54.1,298.8,10,0.9,-0.002,0.009,,,,,13.93,,,145,156,61.3,62.2,61.4,62.1,slabs,
598200,1791191398200,56.612971,-4.654315,61.74,54,298.7,10,0.9,-0.002,0.009,,,,,,,,,,,,,,slabs,
598400,1791191398400,56.612989,-4.65427,61.73,54,298.7,10,0.9,-0.002,0.009,,,,,,,,,,,,,,slabs,
598600,1791191398600,56.613007,-4.654225,61.72,53.9,298.7,10,0.9,-0.002,0.009,,,,,,,,,,,,,,slabs,
598800,1791191398800,56.613025,-4.654179,61.7,53.8,298.7,10,0.9,-0.002,0.009,,,,,,,,,,,,,,slabs,
599000,1791191399000,56.613044,-4.654134,61.69,53.8,298.7,10,0.9,-0.002,0.009,,,,,13.92,,,149,160,61.2,62.2,61.3,62.1,slabs,
599200,1791191399200,56.613062,-4.654089,61.68,53.7,298.7,10,0.9,-0.002,0.009,,,,,,,,,,,,,,slabs,
599400,1791191399400,56.61308,-4.654044,61.66,53.6,298.7,10,0.9,-0.002,0.012,,,,,,,,,,,,,,slabs,
599600,1791191399600,56.613098,-4.653999,61.65,53.6,298.7,10,0.9,-0.002,0.009,,,,,,,,,,,,,,slabs,
599800,1791191399800,56.613117,-4.653954,61.63,53.5,298.7,10,0.9,-0.002,0.009,,,,,,,,,,,,,,slabs,
600000,1791191400000,56.613135,-4.653909,61.62,53.5,298.7,10,0.9,-0.002,0.009,,,,,13.92,,,150,162,61,62.2,61.1,62.1,slabs,
600200,1791191400200,56.613153,-4.653864,61.6,53.4,298.7,10,0.9,-0.002,0.009,,,,,,,,,,,,,,slabs,
600400,1791191400400,56.613172,-4.653819,61.59,53.3,298.7,10,0.9,-0.002,0.009,,,,,,,,,,,,,,slabs,
600600,1791191400600,56.61319,-4.653774,61.57,53.3,298.7,10,0.9,-0.002,0.009,,,,,,,,,,,,,,slabs,
600800,1791191400800,56.613208,-4.65373,61.56,53.2,298.7,10,0.9,-0.002,0.009,,,,,,,,,,,,,,slabs,
601000,1791191401000,56.613227,-4.653685,61.54,53.2,298.7,10,0.9,-0.002,0.009,,,,,13.92,,,146,158,60.9,62.2,61,62.1,slabs,
601200,1791191401200,56.613245,-4.65364,61.52,53.1,298.7,10,0.9,-0.002,0.009,,,,,,,,,,,,,,slabs,
601400,1791191401400,56.613263,-4.653596,61.51,53,298.7,10,0.9,-0.002,0.009,,,,,,,,,,,,,,slabs,
601600,1791191401600,56.613282,-4.653551,61.49,53,298.7,10,0.9,-0.002,0.009,,,,,,,,,,,,,,slabs,
601800,1791191401800,56.6133,-4.653507,61.48,52.9,298.7,10,0.9,-0.002,0.009,,,,,,,,,,,,,,slabs,
602000,1791191402000,56.613319,-4.653462,61.46,52.9,298.7,10,0.9,-0.002,0.009,,,,,13.91,,,145,158,60.7,62.2,60.9,62,slabs,
602200,1791191402200,56.613337,-4.653418,61.44,52.8,298.7,10,0.9,-0.002,0.009,,,,,,,,,,,,,,slabs,
602400,1791191402400,56.613356,-4.653373,61.42,52.7,298.7,10,0.9,-0.003,0.009,,,,,,,,,,,,,,slabs,
602600,1791191402600,56.613375,-4.653329,61.41,52.7,298.7,10,0.9,-0.002,0.009,,,,,,,,,,,,,,slabs,
602800,1791191402800,56.613393,-4.653285,61.39,52.6,298.7,10,0.9,-0.003,0.009,,,,,,,,,,,,,,slabs,
603000,1791191403000,56.613412,-4.65324,61.37,52.6,298.7,10,0.9,-0.003,0.009,,,,,13.91,,,150,162,60.6,62.2,60.7,62,slabs,
603200,1791191403200,56.61343,-4.653196,61.35,52.5,298.7,10,0.9,-0.003,0.009,,,,,,,,,,,,,,slabs,
603400,1791191403400,56.613449,-4.653152,61.33,52.5,298.7,10,0.9,-0.003,0.006,,,,,,,,,,,,,,slabs,
603600,1791191403600,56.613468,-4.653108,61.31,52.4,298.7,10,0.9,-0.003,0.009,,,,,,,,,,,,,,slabs,
603800,1791191403800,56.613486,-4.653064,61.29,52.3,298.7,10,0.9,-0.003,0.009,,,,,,,,,,,,,,slabs,
604000,1791191404000,56.613505,-4.65302,61.27,52.3,298.7,10,0.9,-0.003,0.009,,,,,13.91,,,149,161,60.4,62.1,60.6,61.9,slabs,
604200,1791191404200,56.613524,-4.652976,61.26,52.2,298.7,10,0.9,-0.003,0.009,,,,,,,,,,,,,,slabs,
604400,1791191404400,56.613542,-4.652932,61.24,52.2,298.7,10,0.9,-0.003,0.009,,,,,,,,,,,,,,slabs,
604600,1791191404600,56.613561,-4.652888,61.22,52.1,298.7,10,0.9,-0.003,0.009,,,,,,,,,,,,,,slabs,
604800,1791191404800,56.61358,-4.652844,61.2,52,298.7,10,0.9,-0.003,0.009,,,,,,,,,,,,,,slabs,
605000,1791191405000,56.613599,-4.652801,61.18,52,298.7,10,0.9,-0.003,0.009,,,,,13.91,,,144,157,60.3,62,60.5,61.9,slabs,
605200,1791191405200,56.613618,-4.652757,61.16,51.9,298.7,10,0.9,-0.003,0.009,,,,,,,,,,,,,,slabs,
605400,1791191405400,56.613636,-4.652713,61.13,51.9,298.7,10,0.9,-0.003,0.009,,,,,,,,,,,,,,slabs,
605600,1791191405600,56.613655,-4.65267,61.11,51.8,298.7,10,0.9,-0.003,0.009,,,,,,,,,,,,,,slabs,
605800,1791191405800,56.613674,-4.652626,61.09,51.7,298.7,10,0.9,-0.003,0.009,,,,,,,,,,,,,,slabs,
606000,1791191406000,56.613693,-4.652583,61.07,51.7,298.7,10,0.9,-0.003,0.009,,,,,13.91,,,146,159,60.2,62,60.4,61.8,slabs,
606200,1791191406200,56.613712,-4.652539,61.05,51.6,298.7,10,0.9,-0.003,0.009,,,,,,,,,,,,,,slabs,
606400,1791191406400,56.613731,-4.652496,61.03,51.6,298.7,10,0.9,-0.003,0.009,,,,,,,,,,,,,,slabs,
606600,1791191406600,56.61375,-4.652453,61.01,51.5,298.7,10,0.9,-0.003,0.009,,,,,,,,,,,,,,slabs,
606800,1791191406800,56.613769,-4.652409,60.99,51.4,298.7,10,0.9,-0.003,0.009,,,,,,,,,,,,,,slabs,
607000,1791191407000,56.613788,-4.652366,60.96,51.4,298.7,10,0.9,-0.003,0.009,,,,,13.91,,,150,163,60.1,61.9,60.2,61.7,slabs,
607200,1791191407200,56.613807,-4.652323,60.94,51.3,298.7,10,0.9,-0.003,0.009,,,,,,,,,,,,,,slabs,
607400,1791191407400,56.613826,-4.65228,60.92,51.3,298.7,10,0.9,-0.003,0.009,,,,,,,,,,,,,,slabs,
607600,1791191407600,56.613845,-4.652237,60.9,51.2,298.7,10,0.9,-0.003,0.009,,,,,,,,,,,,,,slabs,
607800,1791191407800,56.613864,-4.652193,60.87,51.2,298.7,10,0.9,-0.003,0.006,,,,,,,,,,,,,,slabs,
608000,1791191408000,56.613883,-4.65215,60.85,51.1,298.7,10,0.9,-0.003,0.009,,,,,13.91,,,147,160,59.9,61.8,60.1,61.6,slabs,
608200,1791191408200,56.613902,-4.652108,60.83,51,298.7,10,0.9,-0.003,0.009,,,,,,,,,,,,,,slabs,
608400,1791191408400,56.613921,-4.652065,60.81,51,298.7,10,0.9,-0.003,0.009,,,,,,,,,,,,,,slabs,
608600,1791191408600,56.61394,-4.652022,60.78,50.9,298.7,10,0.9,-0.003,0.009,,,,,,,,,,,,,,slabs,
608800,1791191408800,56.613959,-4.651979,60.76,50.9,298.7,10,0.9,-0.003,0.009,,,,,,,,,,,,,,slabs,
609000,1791191409000,56.613978,-4.651936,60.74,50.8,298.7,10,0.9,-0.003,0.009,,,,,13.92,,,144,157,59.8,61.6,60,61.5,slabs,
609200,1791191409200,56.613997,-4.651894,60.71,50.7,298.7,10,0.9,-0.003,0.009,,,,,,,,,,,,,,slabs,
609400,1791191409400,56.614017,-4.651851,60.69,50.7,298.7,10,0.9,-0.003,0.009,,,,,,,,,,,,,,slabs,
609600,1791191409600,56.614036,-4.651808,60.67,50.6,298.7,10,0.9,-0.003,0.009,,,,,,,,,,,,,,slabs,
609800,1791191409800,56.614055,-4.651766,60.64,50.6,298.7,10,0.9,-0.003,0.009,,,,,,,,,,,,,,slabs,
610000,1791191410000,56.614074,-4.651723,60.62,50.5,298.7,10,0.9,-0.003,0.009,,,,,13.92,,,148,161,59.7,61.5,59.9,61.3,slabs,
610200,1791191410200,56.614093,-4.651681,60.59,50.5,298.7,10,0.9,-0.003,0.006,,,,,,,,,,,,,,slabs,
610400,1791191410400,56.614113,-4.651639,60.57,50.4,298.7,10,0.9,-0.003,0.009,,,,,,,,,,,,,,slabs,
610600,1791191410600,56.614132,-4.651596,60.55,50.3,298.7,10,0.9,-0.003,0.009,,,,,,,,,,,,,,slabs,
610800,1791191410800,56.614151,-4.651554,60.52,50.3,298.7,10,0.9,-0.003,0.009,,,,,,,,,,,,,,slabs,
611000,1791191411000,56.614171,-4.651512,60.5,50.2,298.7,10,0.9,-0.003,0.009,,,,,13.92,,,150,163,59.6,61.4,59.8,61.2,slabs,
611200,1791191411200,56.61419,-4.65147,60.47,50.2,298.8,10,0.9,-0.003,0.009,,,,,,,,,,,,,,slabs,
611400,1791191411400,56.614209,-4.651428,60.45,50.1,298.8,10,0.9,-0.003,0.009,,,,,,,,,,,,,,slabs,
611600,1791191411600,56.614229,-4.651386,60.42,50,298.8,10,0.9,-0.004,0.009,,,,,,,,,,,,,,slabs,
611800,1791191411800,56.614248,-4.651344,60.4,50,298.8,10,0.9,-0.003,0.009,,,,,,,,,,,,,,slabs,
612000,1791191412000,56.614267,-4.651302,60.37,49.9,298.8,10,0.9,-0.004,0.009,,,,,13.93,,,146,158,59.6,61.2,59.7,61,slabs,
612200,1791191412200,56.614287,-4.65126,60.35,49.9,298.8,10,0.9,-0.003,0.009,,,,,,,,,,,,,,slabs,
612400,1791191412400,56.614306,-4.651218,60.33,49.8,298.8,10,0.9,-0.003,0.009,,,,,,,,,,,,,,slabs,
612600,1791191412600,56.614326,-4.651176,60.3,49.8,298.8,10,0.9,-0.003,0.006,,,,,,,,,,,,,,slabs,
612800,1791191412800,56.614345,-4.651134,60.28,49.7,298.8,10,0.9,-0.003,0.009,,,,,,,,,,,,,,slabs,
613000,1791191413000,56.614364,-4.651093,60.25,49.6,298.8,10,0.9,-0.003,0.009,,,,,13.93,,,145,157,59.5,61,59.6,60.9,slabs,
613200,1791191413200,56.614384,-4.651051,60.23,49.6,298.8,10,0.9,-0.003,0.009,,,,,,,,,,,,,,slabs,
613400,1791191413400,56.614403,-4.651009,60.2,49.5,298.8,10,0.9,-0.004,0.009,,,,,,,,,,,,,,slabs,
613600,1791191413600,56.614423,-4.650968,60.18,49.5,298.8,10,0.9,-0.003,0.009,,,,,,,,,,,,,,slabs,
613800,1791191413800,56.614442,-4.650926,60.15,49.4,298.8,10,0.9,-0.004,0.009,,,,,,,,,,,,,,slabs,
614000,1791191414000,56.614462,-4.650885,60.13,49.3,298.8,10,0.9,-0.003,0.009,,,,,13.94,,,150,162,59.4,60.8,59.6,60.7,slabs,
614200,1791191414200,56.614482,-4.650844,60.1,49.3,298.8,10,0.9,-0.004,0.009,,,,,,,,,,,,,,slabs,
614400,1791191414400,56.614501,-4.650802,60.08,49.2,298.8,10,0.9,-0.003,0.009,,,,,,,,,,,,,,slabs,
614600,1791191414600,56.614521,-4.650761,60.05,49.2,298.8,10,0.9,-0.004,0.009,,,,,,,,,,,,,,slabs,
614800,1791191414800,56.61454,-4.65072,60.03,49.1,298.8,10,0.9,-0.003,0.009,,,,,,,,,,,,,,slabs,
615000,1791191415000,56.61456,-4.650679,60,49.1,298.9,10,0.9,-0.004,0.006,,,,,13.95,,,149,161,59.4,60.6,59.5,60.5,slabs,
615200,1791191415200,56.61458,-4.650638,59.97,49,298.9,10,0.9,-0.004,0.009,,,,,,,,,,,,,,slabs,
615400,1791191415400,56.614599,-4.650597,59.95,48.9,298.9,10,0.9,-0.004,0.009,,,,,,,,,,,,,,slabs,
615600,1791191415600,56.614619,-4.650556,59.92,48.9,298.9,10,0.9,-0.004,0.009,,,,,,,,,,,,,,slabs,
615800,1791191415800,56.614638,-4.650515,59.9,48.8,298.9,10,0.9,-0.004,0.009,,,,,,,,,,,,,,slabs,
616000,1791191416000,56.614658,-4.650474,59.87,48.8,298.9,10,0.9,-0.004,0.009,,,,,13.95,,,145,157,59.3,60.4,59.4,60.3,slabs,
616200,1791191416200,56.614678,-4.650433,59.85,48.7,298.9,10,0.9,-0.003,0.009,,,,,,,,,,,,,,slabs,
616400,1791191416400,56.614698,-4.650392,59.82,48.7,298.9,10,0.9,-0.004,0.006,,,,,,,,,,,,,,slabs,
616600,1791191416600,56.614717,-4.650351,59.8,48.6,298.9,10,0.9,-0.003,0.009,,,,,,,,,,,,,,slabs,
616800,1791191416800,56.614737,-4.650311,59.77,48.5,298.9,10,0.9,-0.004,0.009,,,,,,,,,,,,,,slabs,
617000,1791191417000,56.614757,-4.65027,59.75,48.5,298.9,10,0.9,-0.003,0.009,,,,,13.96,,,147,158,59.3,60.2,59.4,60.1,slabs,
617200,1791191417200,56.614777,-4.65023,59.72,48.4,298.9,10,0.9,-0.004,0.009,,,,,,,,,,,,,,slabs,
617400,1791191417400,56.614796,-4.650189,59.7,48.4,298.9,10,0.9,-0.003,0.009,,,,,,,,,,,,,,slabs,
617600,1791191417600,56.614816,-4.650149,59.67,48.3,299,10,0.9,-0.004,0.009,,,,,,,,,,,,,,slabs,
617800,1791191417800,56.614836,-4.650108,59.65,48.2,299,10,0.9,-0.003,0.009,,,,,,,,,,,,,,slabs,
618000,1791191418000,56.614856,-4.650068,59.63,48.2,299,10,0.9,-0.003,0.009,,,,,13.96,,,151,162,59.2,60,59.3,59.9,slabs,
618200,1791191418200,56.614876,-4.650028,59.6,48.1,299,10,0.9,-0.003,0.009,,,,,,,,,,,,,,slabs,
618400,1791191418400,56.614895,-4.649987,59.58,48.1,299,10,0.9,-0.003,0.009,,,,,,,,,,,,,,slabs,
618600,1791191418600,56.614915,-4.649947,59.55,48,299,10,0.9,-0.003,0.009,,,,,,,,,,,,,,slabs,
618800,1791191418800,56.614935,-4.649907,59.53,48,299,10,0.9,-0.003,0.006,,,,,,,,,,,,,,slabs,
619000,1791191419000,56.614955,-4.649867,59.5,47.9,299,10,0.9,-0.004,0.009,,,,,13.97,,,149,159,59.2,59.8,59.3,59.7,slabs,
619200,1791191419200,56.614975,-4.649827,59.48,47.8,299,10,0.9,-0.003,0.009,,,,,,,,,,,,,,slabs,
619400,1791191419400,56.614995,-4.649787,59.45,47.8,299,10,0.9,-0.004,0.009,,,,,,,,,,,,,,slabs,
619600,1791191419600,56.615015,-4.649747,59.43,47.7,299,10,0.9,-0.003,0.009,,,,,,,,,,,,,,slabs,
619800,1791191419800,56.615035,-4.649707,59.41,47.7,299.1,10,0.9,-0.003,0.009,,,,,,,,,,,,,,slabs,
620000,1791191420000,56.615055,-4.649667,59.38,47.6,299.1,10,0.9,-0.003,0.009,,,,,13.97,,,146,155,59.2,59.6,59.2,59.5,slabs,
620200,1791191420200,56.615075,-4.649627,59.36,47.6,299.1,10,0.9,-0.003,0.006,,,,,,,,,,,,,,slabs,
620400,1791191420400,56.615095,-4.649588,59.33,47.5,299.1,10,0.9,-0.003,0.009,,,,,,,,,,,,,,slabs,
620600,1791191420600,56.615115,-4.649548,59.31,47.4,299.1,10,0.9,-0.003,0.009,,,,,,,,,,,,,,slabs,
620800,1791191420800,56.615135,-4.649508,59.29,47.4,299.1,10,0.9,-0.003,0.009,,,,,,,,,,,,,,slabs,
621000,1791191421000,56.615155,-4.649469,59.26,47.3,299.1,10,0.9,-0.003,0.009,,,,,13.98,,,149,159,59.2,59.4,59.2,59.3,slabs,
621200,1791191421200,56.615175,-4.649429,59.24,47.3,299.1,10,0.9,-0.003,0.009,,,,,,,,,,,,,,slabs,
621400,1791191421400,56.615195,-4.64939,59.22,47.2,299.1,10,0.9,-0.003,0.009,,,,,,,,,,,,,,slabs,
621600,1791191421600,56.615215,-4.649351,59.19,47.1,299.1,10,0.9,-0.003,0.009,,,,,,,,,,,,,,slabs,
621800,1791191421800,56.615235,-4.649311,59.17,47.1,299.2,10,0.9,-0.003,0.009,,,,,,,,,,,,,,slabs,
622000,1791191422000,56.615255,-4.649272,59.15,47,299.2,10,0.9,-0.003,0.009,,,,,13.98,,,152,161,59.1,59.2,59.1,59.2,slabs,
622200,1791191422200,56.615275,-4.649233,59.13,47,299.2,10,0.9,-0.003,0.009,,,,,,,,,,,,,,slabs,
622400,1791191422400,56.615295,-4.649193,59.1,46.9,299.2,10,0.9,-0.003,0.009,,,,,,,,,,,,,,slabs,
622600,1791191422600,56.615316,-4.649154,59.08,46.9,299.2,10,0.9,-0.003,0.006,,,,,,,,,,,,,,slabs,
622800,1791191422800,56.615336,-4.649115,59.06,46.8,299.2,10,0.9,-0.003,0.009,,,,,,,,,,,,,,slabs,
623000,1791191423000,56.615356,-4.649076,59.04,46.7,299.2,10,0.9,-0.003,0.009,,,,,13.98,,,148,157,59.1,58.9,59.1,59,slabs,
623200,1791191423200,56.615376,-4.649037,59.01,46.7,299.2,10,0.9,-0.003,0.009,,,,,,,,,,,,,,slabs,
623400,1791191423400,56.615396,-4.648998,58.99,46.6,299.3,10,0.9,-0.003,0.009,,,,,,,,,,,,,,slabs,
623600,1791191423600,56.615417,-4.648959,58.97,46.6,299.3,10,0.9,-0.003,0.009,,,,,,,,,,,,,,slabs,
623800,1791191423800,56.615437,-4.648921,58.95,46.5,299.3,10,0.9,-0.003,0.009,,,,,,,,,,,,,,slabs,
624000,1791191424000,56.615457,-4.648882,58.93,46.4,299.3,10,0.9,-0.003,0.009,,,,,13.99,,,147,155,59.1,58.7,59.1,58.8,slabs,
624200,1791191424200,56.615477,-4.648843,58.91,46.4,299.3,10,0.9,-0.003,0.009,,,,,,,,,,,,,,slabs,
624400,1791191424400,56.615498,-4.648804,58.89,46.3,299.3,10,0.9,-0.003,0.009,,,,,,,,,,,,,,slabs,
624600,1791191424600,56.615518,-4.648766,58.87,46.3,299.3,10,0.9,-0.003,0.009,,,,,,,,,,,,,,slabs,
624800,1791191424800,56.615538,-4.648727,58.84,46.2,299.3,10,0.9,-0.003,0.009,,,,,,,,,,,,,,slabs,
625000,1791191425000,56.615559,-4.648689,58.82,46.1,299.4,10,0.9,-0.003,0.009,,,,,13.99,,,151,159,59.1,58.5,59.1,58.6,slabs,
625200,1791191425200,56.615579,-4.64865,58.8,46.1,299.4,10,0.9,-0.003,0.009,,,,,,,,,,,,,,slabs,
625400,1791191425400,56.615599,-4.648612,58.78,46,299.4,10,0.9,-0.003,0.009,,,,,,,,,,,,,,slabs,
625600,1791191425600,56.61562,-4.648573,58.76,46,299.4,10,0.9,-0.003,0.009,,,,,,,,,,,,,,slabs,
625800,1791191425800,56.61564,-4.648535,58.74,45.9,299.4,10,0.9,-0.003,0.009,,,,,,,,,,,,,,slabs,
626000,1791191426000,56.61566,-4.648497,58.73,45.9,299.4,10,0.9,-0.003,0.006,,,,,13.99,,,152,159,59.1,58.3,59,58.4,slabs,
626200,1791191426200,56.615681,-4.648459,58.71,45.8,299.4,10,0.9,-0.003,0.009,,,,,,,,,,,,,,slabs,
626400,1791191426400,56.615701,-4.648421,58.69,45.7,299.5,10,0.9,-0.003,0.009,,,,,,,,,,,,,,slabs,
626600,1791191426600,56.615722,-4.648382,58.67,45.7,299.5,10,0.9,-0.003,0.009,,,,,,,,,,,,,,slabs,
626800,1791191426800,56.615742,-4.648344,58.65,45.6,299.5,10,0.9,-0.003,0.009,,,,,,,,,,,,,,slabs,
627000,1791191427000,56.615763,-4.648306,58.63,45.6,299.5,10,0.9,-0.003,0.009,,,,,13.99,,,148,155,59.1,58.2,59,58.3,slabs,
627200,1791191427200,56.615783,-4.648268,58.61,45.5,299.5,10,0.9,-0.003,0.009,,,,,,,,,,,,,,slabs,
627400,1791191427400,56.615804,-4.64823,58.59,45.4,299.5,10,0.9,-0.003,0.009,,,,,,,,,,,,,,slabs,
627600,1791191427600,56.615824,-4.648193,58.58,45.4,299.5,10,0.9,-0.003,0.009,,,,,,,,,,,,,,slabs,
627800,1791191427800,56.615845,-4.648155,58.56,45.3,299.6,10,0.9,-0.003,0.009,,,,,,,,,,,,,,slabs,
628000,1791191428000,56.615865,-4.648117,58.54,45.3,299.6,10,0.9,-0.003,0.009,,,,,13.99,,,149,155,59.1,58,59,58.1,slabs,
628200,1791191428200,56.615886,-4.648079,58.52,45.2,299.6,10,0.9,-0.003,0.009,,,,,,,,,,,,,,slabs,
628400,1791191428400,56.615906,-4.648042,58.51,45.1,299.6,10,0.9,-0.002,0.009,,,,,,,,,,,,,,slabs,
628600,1791191428600,56.615927,-4.648004,58.49,45.1,299.6,10,0.9,-0.003,0.009,,,,,,,,,,,,,,slabs,
628800,1791191428800,56.615948,-4.647967,58.48,45,299.6,10,0.9,-0.002,0.009,,,,,,,,,,,,,,slabs,
629000,1791191429000,56.615968,-4.647929,58.46,45,299.7,10,0.9,-0.002,0.009,,,,,13.99,,,153,159,59.1,57.8,58.9,58,slabs,
629200,1791191429200,56.615989,-4.647892,58.44,44.9,299.7,10,0.9,-0.002,0.009,,,,,,,,,,,,,,slabs,
629400,1791191429400,56.616009,-4.647854,58.43,44.8,299.7,10,0.9,-0.002,0.009,,,,,,,,,,,,,,slabs,
629600,1791191429600,56.61603,-4.647817,58.41,44.8,299.7,10,0.9,-0.002,0.009,,,,,,,,,,,,,,slabs,
629800,1791191429800,56.616051,-4.647779,58.4,44.7,299.7,10,0.9,-0.002,0.009,,,,,,,,,,,,,,slabs,
630000,1791191430000,56.616072,-4.647742,58.38,44.7,299.7,10,0.9,-0.002,0.009,,,,,13.99,,,151,157,59.1,57.7,58.9,57.8,slabs,
630200,1791191430200,56.616092,-4.647705,58.37,44.6,299.8,10,0.9,-0.002,0.009,,,,,,,,,,,,,,slabs,
630400,1791191430400,56.616113,-4.647668,58.35,44.5,299.8,10,0.9,-0.002,0.009,,,,,,,,,,,,,,slabs,
630600,1791191430600,56.616134,-4.647631,58.34,44.5,299.8,10,0.9,-0.002,0.009,,,,,,,,,,,,,,slabs,
630800,1791191430800,56.616155,-4.647594,58.32,44.4,299.8,10,0.9,-0.002,0.009,,,,,,,,,,,,,,slabs,
631000,1791191431000,56.616175,-4.647557,58.31,44.4,299.8,10,0.9,-0.002,0.009,,,,,13.98,,,148,153,59,57.6,58.9,57.7,slabs,
631200,1791191431200,56.616196,-4.64752,58.3,44.3,299.8,10,0.9,-0.002,0.009,,,,,,,,,,,,,,slabs,
631400,1791191431400,56.616217,-4.647483,58.28,44.2,299.9,10,0.9,-0.002,0.009,,,,,,,,,,,,,,slabs,
631600,1791191431600,56.616238,-4.647446,58.27,44.2,299.9,10,0.9,-0.002,0.009,,,,,,,,,,,,,,slabs,
631800,1791191431800,56.616259,-4.647409,58.26,44.1,299.9,10,0.9,-0.002,0.009,,,,,,,,,,,,,,slabs,
632000,1791191432000,56.61628,-4.647372,58.25,44.1,299.9,10,0.9,-0.002,0.009,,,,,13.98,,,151,156,59,57.5,58.9,57.6,slabs,
632200,1791191432200,56.6163,-4.647336,58.24,44,299.9,10,0.9,-0.002,0.009,,,,,,,,,,,,,,slabs,
632400,1791191432400,56.616321,-4.647299,58.22,43.9,299.9,10,0.9,-0.002,0.009,,,,,,,,,,,,,,slabs,
632600,1791191432600,56.616342,-4.647262,58.21,43.9,300,10,0.9,-0.002,0.009,,,,,,,,,,,,,,slabs,
632800,1791191432800,56.616363,-4.647226,58.2,43.8,300,10,0.9,-0.002,0.009,,,,,,,,,,,,,,slabs,
633000,1791191433000,56.616384,-4.647189,58.19,43.7,300,10,0.9,-0.002,0.012,,,,,13.98,,,154,159,59,57.4,58.8,57.5,slabs,
633200,1791191433200,56.616405,-4.647153,58.18,43.7,300,10,0.9,-0.002,0.009,,,,,,,,,,,,,,slabs,
633400,1791191433400,56.616426,-4.647116,58.17,43.6,300,10,0.9,-0.001,0.009,,,,,,,,,,,,,,slabs,
633600,1791191433600,56.616447,-4.64708,58.16,43.6,300.1,10,0.9,-0.001,0.009,,,,,,,,,,,,,,slabs,
633800,1791191433800,56.616468,-4.647043,58.15,43.5,300.1,10,0.9,-0.001,0.009,,,,,,,,,,,,,,slabs,
634000,1791191434000,56.616489,-4.647007,58.14,43.4,300.1,10,0.9,-0.001,0.009,,,,,13.97,,,150,155,59,57.3,58.8,57.5,slabs,
634200,1791191434200,56.61651,-4.646971,58.13,43.4,300.1,10,0.9,-0.001,0.009,,,,,,,,,,,,,,slabs,
634400,1791191434400,56.616531,-4.646935,58.12,43.3,300.1,10,0.9,-0.001,0.009,,,,,,,,,,,,,,slabs,
634600,1791191434600,56.616553,-4.646899,58.11,43.3,300.2,10,0.9,-0.001,0.009,,,,,,,,,,,,,,slabs,
634800,1791191434800,56.616574,-4.646862,58.11,43.2,300.2,10,0.9,-0.001,0.009,,,,,,,,,,,,,,slabs,
635000,1791191435000,56.616595,-4.646826,58.1,43.1,300.2,10,0.9,-0.001,0.009,,,,,13.97,,,148,153,59,57.2,58.8,57.4,slabs,
635200,1791191435200,56.616616,-4.64679,58.09,43.1,300.2,10,0.9,-0.001,0.009,,,,,,,,,,,,,,slabs,
635400,1791191435400,56.616637,-4.646754,58.08,43,300.2,10,0.9,-0.001,0.009,,,,,,,,,,,,,,slabs,
635600,1791191435600,56.616658,-4.646718,58.08,42.9,300.3,10,0.9,-0.001,0.011,,,,,,,,,,,,,,slabs,
635800,1791191435800,56.61668,-4.646683,58.07,42.9,300.3,10,0.9,-0.001,0.009,,,,,,,,,,,,,,slabs,
636000,1791191436000,56.616701,-4.646647,58.06,42.8,300.3,10,0.7,-0.001,0.009,,,,,13.96,,,152,157,58.9,57.2,58.8,57.4,slabs,
636200,1791191436200,56.616722,-4.646611,58.06,42.7,300.3,10,0.7,-0.001,0.011,,,,,,,,,,,,,,slabs,
636400,1791191436400,56.616743,-4.646575,58.05,42.7,300.3,10,0.7,-0.001,0.009,,,,,,,,,,,,,,slabs,
636600,1791191436600,56.616765,-4.64654,58.05,42.6,300.4,10,0.7,-0.001,0.009,,,,,,,,,,,,,,slabs,
636800,1791191436800,56.616786,-4.646504,58.04,42.6,300.4,10,0.7,-0.001,0.009,,,,,,,,,,,,,,slabs,
637000,1791191437000,56.616807,-4.646468,58.04,42.5,300.4,10,0.7,-0.001,0.009,,,,,13.95,,,153,159,58.9,57.2,58.7,57.3,slabs,
637200,1791191437200,56.616829,-4.646433,58.03,42.4,300.4,10,0.7,-0.001,0.009,,,,,,,,,,,,,,slabs,
637400,1791191437400,56.61685,-4.646397,58.03,42.4,300.4,10,0.7,-0.001,0.009,,,,,,,,,,,,,,slabs,
637600,1791191437600,56.616871,-4.646362,58.02,42.3,300.5,10,0.7,-0.001,0.009,,,,,,,,,,,,,,slabs,
637800,1791191437800,56.616893,-4.646326,58.02,42.2,300.5,10,0.7,-0.001,0.011,,,,,,,,,,,,,,slabs,
638000,1791191438000,56.616914,-4.646291,58.02,42.2,300.5,10,0.7,-0.001,0.009,,,,,13.95,,,149,154,58.9,57.2,58.7,57.3,slabs,
638200,1791191438200,56.616936,-4.646256,58.01,42.1,300.5,10,0.7,-0.001,0.009,,,,,,,,,,,,,,slabs,
638400,1791191438400,56.616957,-4.64622,58.01,42,300.6,10,0.7,-0.001,0.011,,,,,,,,,,,,,,slabs,
638600,1791191438600,56.616979,-4.646185,58.01,42,300.6,10,0.7,0,0.009,,,,,,,,,,,,,,slabs,
638800,1791191438800,56.617,-4.64615,58.01,41.9,300.6,10,0.7,0,0.009,,,,,,,,,,,,,,slabs,
639000,1791191439000,56.617022,-4.646115,58,41.9,300.6,10,0.7,-0.001,0.009,,,,,13.94,,,149,154,58.8,57.2,58.7,57.3,slabs,
639200,1791191439200,56.617043,-4.64608,58,41.8,300.6,10,0.7,0,0.009,,,,,,,,,,,,,,slabs,
639400,1791191439400,56.617065,-4.646045,58,41.7,300.7,10,0.7,0,0.009,,,,,,,,,,,,,,slabs,
639600,1791191439600,56.617087,-4.64601,58,41.7,300.7,10,0.7,0,0.009,,,,,,,,,,,,,,slabs,
639800,1791191439800,56.617108,-4.645975,58,41.6,300.7,10,0.7,0,0.009,,,,,,,,,,,,,,slabs,
640000,1791191440000,56.61713,-4.64594,58,41.5,300.7,10,0.7,0,0.011,,,,,13.94,,,153,159,58.8,57.2,58.6,57.4,slabs,
640200,1791191440200,56.617152,-4.645905,58,41.5,300.8,10,0.7,0,0.009,,,,,,,,,,,,,,slabs,
640400,1791191440400,56.617173,-4.64587,58,41.4,300.8,10,0.7,0,0.009,,,,,,,,,,,,,,slabs,
640600,1791191440600,56.617195,-4.645835,58,41.3,300.8,10,0.7,0,0.011,,,,,,,,,,,,,,slabs,
640800,1791191440800,56.617217,-4.645801,58,41.3,300.8,10,0.7,0,0.009,,,,,,,,,,,,,,slabs,
641000,1791191441000,56.617239,-4.645766,58,41.2,300.9,10,0.7,0,0.009,,,,,13.93,,,152,158,58.8,57.3,58.6,57.4,slabs,
641200,1791191441200,56.61726,-4.645731,58,41.1,300.9,10,0.7,0,0.011,,,,,,,,,,,,,,slabs,
641400,1791191441400,56.617282,-4.645697,58.01,41.1,300.9,10,0.7,0,0.009,,,,,,,,,,,,,,slabs,
641600,1791191441600,56.617304,-4.645662,58.01,41,300.9,10,0.7,0,0.009,,,,,,,,,,,,,,slabs,
641800,1791191441800,56.617326,-4.645628,58.01,40.9,301,10,0.7,0,0.011,,,,,,,,,,,,,,slabs,
642000,1791191442000,56.617348,-4.645593,58.01,40.9,301,10,0.7,0,0.009,,,,,13.93,,,148,154,58.7,57.3,58.6,57.5,slabs,
642200,1791191442200,56.61737,-4.645559,58.01,40.8,301,10,0.7,0,0.009,,,,,,,,,,,,,,slabs,
642400,1791191442400,56.617391,-4.645524,58.02,40.7,301,10,0.7,0,0.011,,,,,,,,,,,,,,slabs,
642600,1791191442600,56.617413,-4.64549,58.02,40.7,301.1,10,0.7,0,0.009,,,,,,,,,,,,,,slabs,
642800,1791191442800,56.617435,-4.645456,58.02,40.6,301.1,10,0.7,0,0.009,,,,,,,,,,,,,,slabs,
643000,1791191443000,56.617457,-4.645421,58.03,40.5,301.1,10,0.7,0.001,0.011,,,,,13.92,,,150,156,58.7,57.4,58.5,57.5,slabs,
643200,1791191443200,56.617479,-4.645387,58.03,40.5,301.1,10,0.7,0.001,0.009,,,,,,,,,,,,,,slabs,
643400,1791191443400,56.617501,-4.645353,58.04,40.4,301.2,10,0.7,0.001,0.009,,,,,,,,,,,,,,slabs,
643600,1791191443600,56.617524,-4.645319,58.04,40.3,301.2,10,0.7,0.001,0.011,,,,,,,,,,,,,,slabs,
643800,1791191443800,56.617546,-4.645285,58.04,40.2,301.2,10,0.7,0.001,0.011,,,,,,,,,,,,,,slabs,
644000,1791191444000,56.617568,-4.645251,58.05,40.2,301.2,10,0.7,0.001,0.009,,,,,13.92,,,153,160,58.6,57.5,58.5,57.6,slabs,
644200,1791191444200,56.61759,-4.645217,58.05,40.1,301.3,10,0.7,0.001,0.011,,,,,,,,,,,,,,slabs,
644400,1791191444400,56.617612,-4.645183,58.06,40,301.3,10,0.7,0.001,0.011,,,,,,,,,,,,,,slabs,
644600,1791191444600,56.617634,-4.645149,58.06,40,301.3,10,0.7,0.001,0.009,,,,,,,,,,,,,,slabs,
644800,1791191444800,56.617656,-4.645115,58.07,39.9,301.3,10,0.7,0.001,0.009,,,,,,,,,,,,,,slabs,
645000,1791191445000,56.617679,-4.645082,58.08,39.8,301.4,10,0.7,0.001,0.011,,,,,13.92,,,150,157,58.6,57.6,58.5,57.7,slabs,
645200,1791191445200,56.617701,-4.645048,58.08,39.8,301.4,10,0.7,0.001,0.009,,,,,,,,,,,,,,slabs,
645400,1791191445400,56.617723,-4.645014,58.09,39.7,301.4,10,0.7,0.001,0.009,,,,,,,,,,,,,,slabs,
645600,1791191445600,56.617746,-4.644981,58.1,39.6,301.5,10,0.7,0.001,0.011,,,,,,,,,,,,,,slabs,
645800,1791191445800,56.617768,-4.644947,58.1,39.5,301.5,10,0.7,0.001,0.011,,,,,,,,,,,,,,slabs,
646000,1791191446000,56.61779,-4.644913,58.11,39.5,301.5,10,0.7,0.001,0.009,,,,,13.91,,,147,154,58.5,57.7,58.4,57.8,slabs,
646200,1791191446200,56.617813,-4.64488,58.12,39.4,301.5,10,0.7,0.001,0.011,,,,,,,,,,,,,,slabs,
646400,1791191446400,56.617835,-4.644846,58.12,39.3,301.6,10,0.7,0.001,0.011,,,,,,,,,,,,,,slabs,
646600,1791191446600,56.617858,-4.644813,58.13,39.3,301.6,10,0.7,0.001,0.009,,,,,,,,,,,,,,slabs,
646800,1791191446800,56.61788,-4.64478,58.14,39.2,301.6,10,0.7,0.001,0.009,,,,,,,,,,,,,,slabs,
647000,1791191447000,56.617902,-4.644746,58.15,39.1,301.6,10,0.7,0.001,0.011,,,,,13.91,,,151,158,58.5,57.8,58.4,57.9,slabs,
647200,1791191447200,56.617925,-4.644713,58.16,39,301.7,10,0.7,0.001,0.011,,,,,,,,,,,,,,slabs,
647400,1791191447400,56.617948,-4.64468,58.16,39,301.7,10,0.7,0.001,0.009,,,,,,,,,,,,,,slabs,
647600,1791191447600,56.61797,-4.644647,58.17,38.9,301.7,10,0.7,0.001,0.011,,,,,,,,,,,,,,slabs,
647800,1791191447800,56.617993,-4.644614,58.18,38.8,301.8,10,0.7,0.001,0.012,,,,,,,,,,,,,,slabs,
648000,1791191448000,56.618015,-4.64458,58.19,38.8,301.8,10,0.7,0.001,0.009,,,,,13.91,,,152,160,58.4,58,58.4,58,slabs,
648200,1791191448200,56.618038,-4.644547,58.2,38.7,301.8,10,0.7,0.001,0.009,,,,,,,,,,,,,,slabs,
648400,1791191448400,56.618061,-4.644514,58.21,38.6,301.8,10,0.7,0.001,0.012,,,,,,,,,,,,,,slabs,
648600,1791191448600,56.618083,-4.644481,58.22,38.5,301.9,10,0.7,0.001,0.012,,,,,,,,,,,,,,slabs,
648800,1791191448800,56.618106,-4.644449,58.23,38.5,301.9,10,0.7,0.001,0.009,,,,,,,,,,,,,,slabs,
649000,1791191449000,56.618129,-4.644416,58.24,38.4,301.9,10,0.7,0.001,0.012,,,,,13.91,,,148,156,58.4,58.1,58.3,58.1,slabs,
649200,1791191449200,56.618152,-4.644383,58.25,38.3,302,10,0.7,0.001,0.012,,,,,,,,,,,,,,slabs,
649400,1791191449400,56.618175,-4.64435,58.26,38.2,302,10,0.7,0.001,0.012,,,,,,,,,,,,,,slabs,
649600,1791191449600,56.618197,-4.644318,58.27,38.2,302,10,0.7,0.001,0.009,,,,,,,,,,,,,,slabs,
649800,1791191449800,56.61822,-4.644285,58.28,38.1,302,10,0.7,0.001,0.012,,,,,,,,,,,,,,slabs,
650000,1791191450000,56.618243,-4.644252,58.29,38,302.1,10,0.7,0.001,0.012,,,,,13.91,,,147,156,58.3,58.3,58.3,58.3,slabs,
650200,1791191450200,56.618266,-4.64422,58.3,37.9,302.1,10,0.7,0.001,0.012,,,,,,,,,,,,,,slabs,
650400,1791191450400,56.618289,-4.644187,58.32,37.9,302.1,10,0.7,0.002,0.009,,,,,,,,,,,,,,slabs,
650600,1791191450600,56.618312,-4.644155,58.33,37.8,302.2,10,0.7,0.002,0.012,,,,,,,,,,,,,,slabs,
650800,1791191450800,56.618335,-4.644122,58.34,37.7,302.2,10,0.7,0.002,0.012,,,,,,,,,,,,,,slabs,
651000,1791191451000,56.618358,-4.64409,58.35,37.6,302.2,10,0.7,0.002,0.012,,,,,13.91,,,151,160,58.3,58.4,58.3,58.4,slabs,
651200,1791191451200,56.618381,-4.644058,58.36,37.5,302.3,10,0.7,0.002,0.012,,,,,,,,,,,,,,slabs,
651400,1791191451400,56.618404,-4.644025,58.37,37.5,302.3,10,0.7,0.001,0.012,,,,,,,,,,,,,,slabs,
651600,1791191451600,56.618427,-4.643993,58.39,37.4,302.3,10,0.7,0.002,0.012,,,,,,,,,,,,,,slabs,
651800,1791191451800,56.618451,-4.643961,58.4,37.3,302.4,10,0.7,0.002,0.012,,,,,,,,,,,,,,slabs,
652000,1791191452000,56.618474,-4.643929,58.41,37.2,302.4,10,0.7,0.002,0.012,,,,,13.91,,,150,160,58.2,58.6,58.3,58.5,slabs,
652200,1791191452200,56.618497,-4.643897,58.42,37.2,302.4,10,0.7,0.002,0.009,,,,,,,,,,,,,,slabs,
652400,1791191452400,56.61852,-4.643865,58.44,37.1,302.4,10,0.7,0.002,0.012,,,,,,,,,,,,,,slabs,
652600,1791191452600,56.618543,-4.643833,58.45,37,302.5,10,0.7,0.002,0.012,,,,,,,,,,,,,,slabs,
652800,1791191452800,56.618567,-4.643801,58.46,36.9,302.5,10,0.7,0.002,0.012,,,,,,,,,,,,,,slabs,
653000,1791191453000,56.61859,-4.643769,58.48,36.8,302.5,10,0.7,0.002,0.012,,,,,13.92,,,146,156,58.2,58.7,58.3,58.7,slabs,
653200,1791191453200,56.618613,-4.643737,58.49,36.8,302.6,10,0.7,0.002,0.012,,,,,,,,,,,,,,slabs,
653400,1791191453400,56.618637,-4.643706,58.5,36.7,302.6,10,0.7,0.002,0.012,,,,,,,,,,,,,,slabs,
653600,1791191453600,56.61866,-4.643674,58.52,36.6,302.6,10,0.7,0.002,0.012,,,,,,,,,,,,,,slabs,
653800,1791191453800,56.618684,-4.643642,58.53,36.5,302.7,10,0.7,0.002,0.012,,,,,,,,,,,,,,slabs,
654000,1791191454000,56.618707,-4.643611,58.55,36.4,302.7,10,0.7,0.002,0.012,,,,,13.92,,,147,158,58.2,58.9,58.3,58.8,slabs,
654200,1791191454200,56.618731,-4.643579,58.56,36.4,302.7,10,0.7,0.002,0.012,,,,,,,,,,,,,,slabs,
654400,1791191454400,56.618754,-4.643548,58.57,36.3,302.8,10,0.7,0.002,0.012,,,,,,,,,,,,,,slabs,
654600,1791191454600,56.618778,-4.643516,58.59,36.2,302.8,10,0.7,0.002,0.012,,,,,,,,,,,,,,slabs,
654800,1791191454800,56.618801,-4.643485,58.6,36.1,302.8,10,0.7,0.002,0.012,,,,,,,,,,,,,,slabs,
655000,1791191455000,56.618825,-4.643454,58.62,36,302.9,10,0.7,0.002,0.012,,,,,13.92,,,151,162,58.2,59.1,58.3,59,slabs,
655200,1791191455200,56.618849,-4.643422,58.63,35.9,302.9,10,0.7,0.002,0.014,,,,,,,,,,,,,,slabs,
655400,1791191455400,56.618872,-4.643391,58.65,35.9,302.9,10,0.7,0.002,0.012,,,,,,,,,,,,,,slabs,
655600,1791191455600,56.618896,-4.64336,58.66,35.8,303,10,0.7,0.002,0.012,,,,,,,,,,,,,,slabs,
655800,1791191455800,56.61892,-4.643329,58.68,35.7,303,10,0.7,0.002,0.012,,,,,,,,,,,,,,slabs,
656000,1791191456000,56.618944,-4.643298,58.69,35.6,303,10,0.7,0.002,0.012,,,,,13.93,,,148,159,58.2,59.2,58.3,59.1,slabs,
656200,1791191456200,56.618968,-4.643267,58.71,35.5,303.1,10,0.7,0.002,0.012,,,,,,,,,,,,,,slabs,
656400,1791191456400,56.618991,-4.643236,58.72,35.4,303.1,10,0.7,0.002,0.015,,,,,,,,,,,,,,slabs,
656600,1791191456600,56.619015,-4.643205,58.74,35.3,303.1,10,0.7,0.002,0.015,,,,,,,,,,,,,,slabs,
656800,1791191456800,56.619039,-4.643174,58.75,35.3,303.2,10,0.7,0.002,0.012,,,,,,,,,,,,,,slabs,
657000,1791191457000,56.619063,-4.643143,58.77,35.2,303.2,10,0.7,0.002,0.012,,,,,13.93,,,145,156,58.2,59.4,58.3,59.2,slabs,
657200,1791191457200,56.619087,-4.643113,58.78,35.1,303.2,10,0.7,0.002,0.012,,,,,,,,,,,,,,slabs,
657400,1791191457400,56.619111,-4.643082,58.8,35,303.3,10,0.7,0.002,0.012,,,,,,,,,,,,,,slabs,
657600,1791191457600,56.619135,-4.643052,58.81,34.9,303.3,10,0.7,0.002,0.012,,,,,,,,,,,,,,slabs,
657800,1791191457800,56.619159,-4.643021,58.83,34.8,303.3,10,0.7,0.002,0.015,,,,,,,,,,,,,,slabs,
658000,1791191458000,56.619183,-4.642991,58.84,34.7,303.4,10,0.7,0.002,0.015,,,,,13.94,,,148,160,58.2,59.5,58.3,59.4,slabs,
658200,1791191458200,56.619208,-4.64296,58.86,34.6,303.4,10,0.7,0.002,0.015,,,,,,,,,,,,,,slabs,
658400,1791191458400,56.619232,-4.64293,58.87,34.6,303.4,10,0.7,0.002,0.012,,,,,,,,,,,,,,slabs,
658600,1791191458600,56.619256,-4.6429,58.89,34.5,303.5,10,0.7,0.002,0.012,,,,,,,,,,,,,,slabs,
658800,1791191458800,56.61928,-4.642869,58.91,34.4,303.5,10,0.7,0.002,0.012,,,,,,,,,,,,,,slabs,
659000,1791191459000,56.619304,-4.642839,58.92,34.3,303.6,10,0.7,0.002,0.012,,,,,13.95,,,150,162,58.2,59.6,58.3,59.5,slabs,
659200,1791191459200,56.619329,-4.642809,58.94,34.2,303.6,10,0.7,0.002,0.012,,,,,,,,,,,,,,slabs,
659400,1791191459400,56.619353,-4.642779,58.95,34.1,303.6,10,0.7,0.002,0.015,,,,,,,,,,,,,,slabs,
659600,1791191459600,56.619377,-4.642749,58.97,34,303.7,10,0.7,0.002,0.015,,,,,,,,,,,,,,slabs,
659800,1791191459800,56.619402,-4.642719,58.98,33.9,303.7,10,0.7,0.002,0.015,,,,,,,,,,,,,,slabs,
660000,1791191460000,56.619426,-4.642689,59,33.8,303.7,10,0.7,0.002,0.015,,,,,13.95,,,146,158,58.2,59.8,58.4,59.6,slabs,
660200,1791191460200,56.619451,-4.642659,59.02,33.7,303.8,10,0.7,0.002,0.015,,,,,,,,,,,,,,slabs,
660400,1791191460400,56.619475,-4.64263,59.03,33.7,303.8,10,0.7,0.002,0.012,,,,,,,,,,,,,,slabs,
660600,1791191460600,56.6195,-4.6426,59.05,33.6,303.8,10,0.7,0.002,0.012,,,,,,,,,,,,,,slabs,
660800,1791191460800,56.619524,-4.64257,59.06,33.5,303.9,10,0.7,0.002,0.012,,,,,,,,,,,,,,slabs,
661000,1791191461000,56.619549,-4.642541,59.08,33.4,303.9,10,0.7,0.002,0.012,,,,,13.96,,,145,157,58.3,59.9,58.4,59.7,slabs,
661200,1791191461200,56.619574,-4.642511,59.09,33.3,303.9,10,0.7,0.002,0.012,,,,,,,,,,,,,,slabs,
661400,1791191461400,56.619598,-4.642482,59.11,33.2,304,10,0.7,0.002,0.015,,,,,,,,,,,,,,slabs,
661600,1791191461600,56.619623,-4.642453,59.13,33.1,304,10,0.7,0.002,0.015,,,,,,,,,,,,,,slabs,
661800,1791191461800,56.619648,-4.642423,59.14,33,304.1,10,0.7,0.002,0.015,,,,,,,,,,,,,,slabs,
662000,1791191462000,56.619672,-4.642394,59.16,32.9,304.1,10,0.7,0.002,0.015,,,,,13.96,,,149,162,58.3,60,58.5,59.8,slabs,
662200,1791191462200,56.619697,-4.642365,59.17,32.8,304.1,10,0.7,0.002,0.015,,,,,,,,,,,,,,slabs,
662400,1791191462400,56.619722,-4.642336,59.19,32.7,304.2,10,0.7,0.002,0.015,,,,,,,,,,,,,,slabs,
662600,1791191462600,56.619747,-4.642307,59.2,32.6,304.2,10,0.7,0.002,0.015,,,,,,,,,,,,,,slabs,
662800,1791191462800,56.619772,-4.642278,59.22,32.5,304.2,10,0.7,0.002,0.015,,,,,,,,,,,,,,slabs,
663000,1791191463000,56.619797,-4.642249,59.23,32.4,304.3,10,0.7,0.002,0.015,,,,,13.97,,,149,162,58.4,60.1,58.5,59.9,slabs,
663200,1791191463200,56.619822,-4.642221,59.25,32.3,304.3,10,0.7,0.002,0.015,,,,,,,,,,,,,,slabs,
663400,1791191463400,56.619847,-4.642192,59.26,32.2,304.4,10,0.7,0.002,0.015,,,,,,,,,,,,,,slabs,
663600,1791191463600,56.619872,-4.642163,59.28,32.1,304.4,10,0.7,0.002,0.015,,,,,,,,,,,,,,slabs,
663800,1791191463800,56.619897,-4.642135,59.29,32,304.4,10,0.7,0.002,0.015,,,,,,,,,,,,,,slabs,
664000,1791191464000,56.619922,-4.642106,59.31,31.9,304.5,10,0.7,0.002,0.015,,,,,13.97,,,145,158,58.4,60.2,58.6,60,slabs,
664200,1791191464200,56.619947,-4.642078,59.32,31.8,304.5,10,0.7,0.002,0.015,,,,,,,,,,,,,,slabs,
664400,1791191464400,56.619972,-4.642049,59.34,31.7,304.5,10,0.7,0.002,0.015,,,,,,,,,,,,,,slabs,
664600,1791191464600,56.619997,-4.642021,59.35,31.6,304.6,10,0.7,0.002,0.015,,,,,,,,,,,,,,slabs,
664800,1791191464800,56.620023,-4.641993,59.37,31.5,304.6,10,0.7,0.002,0.015,,,,,,,,,,,,,,slabs,
665000,1791191465000,56.620048,-4.641965,59.38,31.4,304.7,10,0.7,0.002,0.015,,,,,13.98,,,146,159,58.5,60.3,58.7,60.1,slabs,
665200,1791191465200,56.620073,-4.641937,59.4,31.3,304.7,10,0.7,0.002,0.015,,,,,,,,,,,,,,slabs,
665400,1791191465400,56.620099,-4.641909,59.41,31.2,304.7,10,0.7,0.002,0.015,,,,,,,,,,,,,,slabs,
665600,1791191465600,56.620124,-4.641881,59.43,31.1,304.8,10,0.7,0.002,0.015,,,,,,,,,,,,,,slabs,
665800,1791191465800,56.620149,-4.641853,59.44,31,304.8,10,0.7,0.002,0.015,,,,,,,,,,,,,,slabs,
666000,1791191466000,56.620175,-4.641825,59.45,30.9,304.9,10,0.7,0.002,0.015,,,,,13.98,,,150,163,58.6,60.3,58.8,60.2,slabs,
666200,1791191466200,56.6202,-4.641798,59.47,30.8,304.9,10,0.7,0.002,0.015,,,,,,,,,,,,,,slabs,
666400,1791191466400,56.620226,-4.64177,59.48,30.7,304.9,10,0.7,0.002,0.015,,,,,,,,,,,,,,slabs,
666600,1791191466600,56.620251,-4.641743,59.5,30.5,305,10,0.7,0.002,0.018,,,,,,,,,,,,,,slabs,
666800,1791191466800,56.620277,-4.641715,59.51,30.4,305,10,0.7,0.002,0.018,,,,,,,,,,,,,,slabs,
667000,1791191467000,56.620303,-4.641688,59.52,30.3,305.1,10,0.7,0.002,0.018,,,,,13.98,,,148,161,58.7,60.4,58.8,60.2,slabs,
667200,1791191467200,56.620328,-4.641661,59.54,30.2,305.1,10,0.7,0.002,0.018,,,,,,,,,,,,,,slabs,
667400,1791191467400,56.620354,-4.641633,59.55,30.1,305.1,10,0.7,0.002,0.018,,,,,,,,,,,,,,slabs,
667600,1791191467600,56.62038,-4.641606,59.56,30,305.2,10,0.7,0.002,0.015,,,,,,,,,,,,,,slabs,
667800,1791191467800,56.620405,-4.641579,59.58,29.9,305.2,10,0.7,0.002,0.015,,,,,,,,,,,,,,slabs,
668000,1791191468000,56.620431,-4.641552,59.59,29.8,305.2,10,0.7,0.002,0.015,,,,,13.99,,,144,157,58.8,60.4,58.9,60.2,slabs,
668200,1791191468200,56.620457,-4.641526,59.6,29.7,305.3,10,0.7,0.002,0.015,,,,,,,,,,,,,,slabs,
668400,1791191468400,56.620483,-4.641499,59.61,29.5,305.3,10,0.7,0.002,0.018,,,,,,,,,,,,,,slabs,
668600,1791191468600,56.620509,-4.641472,59.63,29.4,305.4,10,0.7,0.002,0.018,,,,,,,,,,,,,,slabs,
668800,1791191468800,56.620535,-4.641446,59.64,29.3,305.4,10,0.7,0.002,0.018,,,,,,,,,,,,,,slabs,
669000,1791191469000,56.620561,-4.641419,59.65,29.2,305.5,10,0.7,0.002,0.018,,,,,13.99,,,147,160,58.9,60.4,59,60.3,slabs,
669200,1791191469200,56.620587,-4.641393,59.66,29.1,305.5,10,0.7,0.002,0.018,,,,,,,,,,,,,,slabs,
669400,1791191469400,56.620613,-4.641367,59.67,29,305.5,10,0.7,0.002,0.015,,,,,,,,,,,,,,slabs,
669600,1791191469600,56.620639,-4.64134,59.68,28.9,305.6,10,0.7,0.001,0.015,,,,,,,,,,,,,,slabs,
669800,1791191469800,56.620665,-4.641314,59.7,28.7,305.6,10,0.7,0.002,0.018,,,,,,,,,,,,,,slabs,
670000,1791191470000,56.620691,-4.641288,59.71,28.6,305.7,10,0.7,0.002,0.018,,,,,13.99,,,150,163,59,60.4,59.1,60.3,slabs,
670200,1791191470200,56.620717,-4.641262,59.72,28.5,305.7,10,0.7,0.002,0.018,,,,,,,,,,,,,,slabs,
670400,1791191470400,56.620743,-4.641236,59.73,28.4,305.7,10,0.7,0.002,0.018,,,,,,,,,,,,,,slabs,
670600,1791191470600,56.620769,-4.641211,59.74,28.3,305.8,10,0.7,0.002,0.018,,,,,,,,,,,,,,slabs,
670800,1791191470800,56.620796,-4.641185,59.75,28.1,305.8,10,0.7,0.001,0.018,,,,,,,,,,,,,,slabs,
671000,1791191471000,56.620822,-4.641159,59.76,28,305.9,10,0.7,0.001,0.018,,,,,13.99,,,147,159,59.1,60.4,59.2,60.3,slabs,
671200,1791191471200,56.620848,-4.641134,59.77,27.9,305.9,10,0.7,0.001,0.018,,,,,,,,,,,,,,slabs,
671400,1791191471400,56.620875,-4.641109,59.78,27.8,305.9,10,0.7,0.001,0.018,,,,,,,,,,,,,,slabs,
671600,1791191471600,56.620901,-4.641083,59.79,27.7,306,10,0.7,0.001,0.018,,,,,,,,,,,,,,slabs,
671800,1791191471800,56.620928,-4.641058,59.8,27.5,306,10,0.7,0.001,0.018,,,,,,,,,,,,,,slabs,
672000,1791191472000,56.620954,-4.641033,59.81,27.4,306.1,10,0.7,0.001,0.018,,,,,13.99,,,145,157,59.2,60.4,59.3,60.3,slabs,
672200,1791191472200,56.620981,-4.641008,59.82,27.3,306.1,10,0.7,0.001,0.018,,,,,,,,,,,,,,slabs,
672400,1791191472400,56.621007,-4.640983,59.83,27.2,306.1,10,0.7,0.001,0.018,,,,,,,,,,,,,,slabs,
672600,1791191472600,56.621034,-4.640959,59.84,27,306.2,10,0.7,0.001,0.021,,,,,,,,,,,,,,slabs,
672800,1791191472800,56.62106,-4.640934,59.84,26.9,306.2,10,0.7,0.001,0.018,,,,,,,,,,,,,,slabs,
673000,1791191473000,56.621087,-4.640909,59.85,26.8,306.3,10,0.7,0.001,0.018,,,,,13.99,,,149,161,59.3,60.4,59.4,60.3,slabs,
673200,1791191473200,56.621114,-4.640885,59.86,26.6,306.3,10,0.7,0.001,0.021,,,,,,,,,,,,,,slabs,
673400,1791191473400,56.62114,-4.640861,59.87,26.5,306.4,10,0.7,0.001,0.021,,,,,,,,,,,,,,slabs,
673600,1791191473600,56.621167,-4.640836,59.88,26.4,306.4,10,0.7,0.001,0.018,,,,,,,,,,,,,,slabs,
673800,1791191473800,56.621194,-4.640812,59.88,26.3,306.4,10,0.7,0.001,0.018,,,,,,,,,,,,,,slabs,
674000,1791191474000,56.621221,-4.640788,59.89,26.1,306.5,10,0.7,0.001,0.021,,,,,13.99,,,150,161,59.5,60.3,59.5,60.2,slabs,
674200,1791191474200,56.621247,-4.640764,59.9,26,306.5,10,0.7,0.001,0.018,,,,,,,,,,,,,,slabs,
674400,1791191474400,56.621274,-4.640741,59.9,25.9,306.6,10,0.7,0.001,0.018,,,,,,,,,,,,,,slabs,
674600,1791191474600,56.621301,-4.640717,59.91,25.7,306.6,10,0.7,0.001,0.021,,,,,,,,,,,,,,slabs,
674800,1791191474800,56.621328,-4.640693,59.92,25.6,306.7,10,0.7,0.001,0.021,,,,,,,,,,,,,,slabs,
675000,1791191475000,56.621355,-4.64067,59.92,25.5,306.7,10,0.7,0.001,0.018,,,,,13.98,,,146,157,59.6,60.3,59.6,60.2,slabs,
675200,1791191475200,56.621382,-4.640647,59.93,25.3,306.7,10,0.7,0.001,0.021,,,,,,,,,,,,,,slabs,
675400,1791191475400,56.621409,-4.640623,59.94,25.2,306.8,10,0.7,0.001,0.021,,,,,,,,,,,,,,slabs,
675600,1791191475600,56.621436,-4.6406,59.94,25,306.8,10,0.7,0.001,0.021,,,,,,,,,,,,,,slabs,
675800,1791191475800,56.621463,-4.640577,59.95,24.9,306.9,10,0.7,0.001,0.021,,,,,,,,,,,,,,slabs,
676000,1791191476000,56.621491,-4.640554,59.95,24.8,306.9,10,0.7,0.001,0.021,,,,,13.98,,,147,157,59.7,60.2,59.7,60.2,slabs,
676200,1791191476200,56.621518,-4.640532,59.96,24.6,307,10,0.7,0.001,0.021,,,,,,,,,,,,,,slabs,
676400,1791191476400,56.621545,-4.640509,59.96,24.5,307,10,0.7,0.001,0.021,,,,,,,,,,,,,,slabs,
676600,1791191476600,56.621572,-4.640486,59.96,24.3,307,10,0.7,0.001,0.021,,,,,,,,,,,,,,slabs,
676800,1791191476800,56.621599,-4.640464,59.97,24.2,307.1,10,0.7,0.001,0.021,,,,,,,,,,,,,,slabs,
677000,1791191477000,56.621627,-4.640442,59.97,24.1,307.1,10,0.7,0.001,0.021,,,,,13.97,,,151,161,59.8,60.1,59.8,60.1,slabs,
677200,1791191477200,56.621654,-4.64042,59.98,23.9,307.2,10,0.7,0.001,0.021,,,,,,,,,,,,,,slabs,
677400,1791191477400,56.621681,-4.640398,59.98,23.8,307.2,10,0.7,0.001,0.021,,,,,,,,,,,,,,slabs,
677600,1791191477600,56.621709,-4.640376,59.98,23.6,307.3,10,0.7,0.001,0.021,,,,,,,,,,,,,,slabs,
677800,1791191477800,56.621736,-4.640354,59.99,23.5,307.3,10,0.7,0.001,0.021,,,,,,,,,,,,,,slabs,
678000,1791191478000,56.621764,-4.640332,59.99,23.3,307.3,10,0.7,0.001,0.024,,,,,13.97,,,150,159,59.9,60,59.9,60,slabs,
678200,1791191478200,56.621791,-4.640311,59.99,23.2,307.4,10,0.7,0,0.021,,,,,,,,,,,,,,slabs,
678400,1791191478400,56.621819,-4.640289,59.99,23,307.4,10,0.7,0,0.024,,,,,,,,,,,,,,slabs,
678600,1791191478600,56.621846,-4.640268,59.99,22.9,307.5,10,0.7,0,0.021,,,,,,,,,,,,,,slabs,
678800,1791191478800,56.621874,-4.640247,60,22.7,307.5,10,0.7,0,0.024,,,,,,,,,,,,,,slabs,
679000,1791191479000,56.621902,-4.640226,60,22.6,307.6,11,0.7,0,0.021,,,,,13.97,,,146,155,60,60,60,60,slabs,
679200,1791191479200,56.621929,-4.640205,60,22.4,307.6,11,0.7,0,0.024,,,,,,,,,,,,,,slabs,
679400,1791191479400,56.621957,-4.640184,60,22.3,307.6,11,0.7,0,0.021,,,,,,,,,,,,,,slabs,
679600,1791191479600,56.621985,-4.640164,60,22.1,307.7,11,0.7,0,0.024,,,,,,,,,,,,,,slabs,
679800,1791191479800,56.622012,-4.640143,60,22,307.7,11,0.7,0,0.021,,,,,,,,,,,,,,slabs,
680000,1791191480000,56.62204,-4.640123,60,21.8,307.8,11,0.7,0,0.024,,,,,13.96,,,149,157,60.1,59.9,60.1,59.9,slabs,
680200,1791191480200,56.622068,-4.640103,59.99,21.6,307.8,11,0.7,0,0.024,,,,,,,,,,,,,,slabs,
680400,1791191480400,56.622096,-4.640083,59.94,21.5,307.9,11,0.7,-0.002,0.024,,,,,,,,,,,,,,slabs,
680600,1791191480600,56.622124,-4.640063,59.87,21.3,307.9,11,0.7,-0.004,0.024,,,,,,,,,,,,,,slabs,
680800,1791191480800,56.622151,-4.640043,59.76,21.2,308,11,0.7,-0.007,0.024,,,,,,,,,,,,,,slabs,
681000,1791191481000,56.622179,-4.640024,59.63,21,308,11,0.7,-0.01,0.024,,,,,13.95,,,153,160,59.9,59.4,59.8,59.4,slabs,
681200,1791191481200,56.622207,-4.640004,59.47,20.8,308,11,0.7,-0.015,0.024,,,,,,,,,,,,,,slabs,
681400,1791191481400,56.622235,-4.639985,59.28,20.7,308.1,11,0.7,-0.019,0.024,,,,,,,,,,,,,,slabs,
681600,1791191481600,56.622262,-4.639966,59.06,20.5,308.1,11,0.7,-0.023,0.024,,,,,,,,,,,,,,slabs,
681800,1791191481800,56.62229,-4.639948,58.81,20.3,308.2,11,0.7,-0.027,0.026,,,,,,,,,,,,,,slabs,
682000,1791191482000,56.622317,-4.639929,58.53,20.2,308.2,11,0.7,-0.031,0.023,,,,,13.95,,,149,157,58.9,58.2,58.8,58.3,slabs,
682200,1791191482200,56.622345,-4.639911,58.23,20,308.3,11,0.7,-0.035,0.023,,,,,,,,,,,,,,slabs,
682400,1791191482400,56.622372,-4.639893,57.89,19.9,308.3,11,0.7,-0.039,0.023,,,,,,,,,,,,,,slabs,
682600,1791191482600,56.622399,-4.639875,57.53,19.7,308.3,11,0.7,-0.043,0.023,,,,,,,,,,,,,,slabs,
682800,1791191482800,56.622426,-4.639858,57.14,19.5,308.4,11,0.7,-0.047,0.023,,,,,,,,,,,,,,slabs,
683000,1791191483000,56.622453,-4.63984,56.73,19.4,308.4,11,0.7,-0.051,0.023,,,,,13.94,,,147,154,57.1,56.3,57.1,56.4,slabs,
683200,1791191483200,56.622479,-4.639823,56.29,19.2,308.5,11,0.7,-0.055,0.023,,,,,,,,,,,,,,slabs,
683400,1791191483400,56.622506,-4.639807,55.82,19,308.5,11,0.7,-0.059,0.025,,,,,,,,,,,,,,slabs,
683600,1791191483600,56.622532,-4.63979,55.33,18.9,308.6,11,0.7,-0.062,0.022,,,,,,,,,,,,,,slabs,
683800,1791191483800,56.622558,-4.639774,54.81,18.7,308.6,11,0.7,-0.066,0.022,,,,,,,,,,,,,,slabs,
684000,1791191484000,56.622584,-4.639758,54.27,18.6,308.6,11,0.7,-0.07,0.022,,,,,13.94,,,151,158,54.7,53.8,54.6,53.9,slabs,
684200,1791191484200,56.622609,-4.639743,53.7,18.4,308.7,11,0.7,-0.073,0.022,,,,,,,,,,,,,,slabs,
684400,1791191484400,56.622635,-4.639727,53.12,18.2,308.7,11,0.7,-0.076,0.022,,,,,,,,,,,,,,slabs,
684600,1791191484600,56.62266,-4.639712,52.5,18.1,308.8,11,0.7,-0.08,0.021,,,,,,,,,,,,,,slabs,
684800,1791191484800,56.622684,-4.639698,51.87,17.9,308.8,11,0.7,-0.083,0.021,,,,,,,,,,,,,,slabs,
685000,1791191485000,56.622709,-4.639683,51.21,17.8,308.8,11,0.7,-0.087,0.021,,,,,13.93,,,153,159,51.7,50.7,51.6,50.8,slabs,
685200,1791191485200,56.622733,-4.639669,50.54,17.6,308.9,11,0.7,-0.09,0.021,,,,,,,,,,,,,,slabs,
685400,1791191485400,56.622757,-4.639656,49.84,17.5,308.9,11,0.7,-0.093,0.018,,,,,,,,,,,,,,slabs,
685600,1791191485600,56.622781,-4.639642,49.12,17.3,308.9,11,0.7,-0.096,0.02,,,,,,,,,,,,,,slabs,
685800,1791191485800,56.622804,-4.639629,48.39,17.2,309,11,0.7,-0.099,0.017,,,,,,,,,,,,,,slabs,
686000,1791191486000,56.622827,-4.639616,47.63,17,309,11,0.7,-0.101,0.02,,,,,13.93,,,148,155,48.2,47.1,48.1,47.2,slabs,
686200,1791191486200,56.622849,-4.639604,46.86,16.9,309,11,0.7,-0.104,0.017,,,,,,,,,,,,,,slabs,
686400,1791191486400,56.622871,-4.639591,46.07,16.7,309.1,11,0.7,-0.107,0.019,,,,,,,,,,,,,,slabs,
686600,1791191486600,56.622893,-4.63958,45.27,16.6,309.1,11,0.7,-0.109,0.016,,,,,,,,,,,,,,slabs,
686800,1791191486800,56.622915,-4.639568,44.45,16.4,309.1,11,0.7,-0.112,0.018,,,,,,,,,,,,,,slabs,
687000,1791191487000,56.622936,-4.639557,43.62,16.3,309.2,11,0.7,-0.114,0.016,,,,,13.92,,,148,155,44.1,43.1,44,43.2,slabs,
687200,1791191487200,56.622956,-4.639546,42.77,16.1,309.2,11,0.7,-0.116,0.018,,,,,,,,,,,,,,slabs,
687400,1791191487400,56.622977,-4.639535,41.91,16,309.2,11,0.7,-0.118,0.015,,,,,,,,,,,,,,slabs,
687600,1791191487600,56.622997,-4.639525,41.04,15.9,309.3,11,0.7,-0.12,0.015,,,,,,,,,,,,,,slabs,
687800,1791191487800,56.623016,-4.639515,40.16,15.7,309.3,11,0.7,-0.122,0.015,,,,,,,,,,,,,,slabs,
688000,1791191488000,56.623035,-4.639505,39.27,15.6,309.3,11,0.7,-0.123,0.014,,,,,13.92,,,152,159,39.8,38.8,39.7,38.9,slabs,
688200,1791191488200,56.623054,-4.639495,38.37,15.5,309.4,11,0.7,-0.125,0.012,,,,,,,,,,,,,,slabs,
688400,1791191488400,56.623072,-4.639486,37.46,15.4,309.4,11,0.7,-0.126,0.012,,,,,,,,,,,,,,slabs,
688600,1791191488600,56.62309,-4.639477,36.54,15.2,309.4,11,0.7,-0.127,0.013,,,,,,,,,,,,,,slabs,
688800,1791191488800,56.623107,-4.639469,35.62,15.1,309.4,11,0.7,-0.129,0.011,,,,,,,,,,,,,,slabs,
689000,1791191489000,56.623124,-4.63946,34.69,15,309.5,11,0.8,-0.13,0.011,,,,,13.92,,,151,158,35.2,34.2,35.1,34.3,slabs,
689200,1791191489200,56.623141,-4.639452,33.76,14.9,309.5,11,0.8,-0.131,0.011,,,,,,,,,,,,,,slabs,
689400,1791191489400,56.623157,-4.639444,32.82,14.8,309.5,11,0.8,-0.131,0.01,,,,,,,,,,,,,,slabs,
689600,1791191489600,56.623172,-4.639437,31.88,14.7,309.5,11,0.8,-0.132,0.008,,,,,,,,,,,,,,slabs,
689800,1791191489800,56.623188,-4.63943,30.94,14.6,309.6,11,0.8,-0.133,0.008,,,,,,,,,,,,,,slabs,
690000,1791191490000,56.623202,-4.639423,30,14.5,309.6,11,0.8,-0.133,0.008,,,,,13.91,,,148,155,30.4,29.6,30.3,29.7,slabs,
690200,1791191490200,56.623217,-4.639416,29.06,14.4,309.6,11,0.8,-0.133,0.008,,,,,,,,,,,,,,slabs,
690400,1791191490400,56.62323,-4.63941,28.12,14.3,309.6,11,0.8,-0.133,0.008,,,,,,,,,,,,,,slabs,
690600,1791191490600,56.623244,-4.639403,27.18,14.2,309.7,11,0.8,-0.133,0.007,,,,,,,,,,,,,,slabs,
690800,1791191490800,56.623257,-4.639398,26.24,14.1,309.7,11,0.8,-0.133,0.007,,,,,,,,,,,,,,slabs,
691000,1791191491000,56.623269,-4.639392,25.31,14,309.7,11,0.8,-0.133,0.007,,,,,13.91,,,149,157,25.7,24.9,25.6,25,slabs,
691200,1791191491200,56.623281,-4.639386,24.38,13.9,309.7,11,0.8,-0.133,0.007,,,,,,,,,,,,,,slabs,
691400,1791191491400,56.623293,-4.639381,23.46,13.8,309.7,11,0.8,-0.132,0.006,,,,,,,,,,,,,,slabs,
691600,1791191491600,56.623304,-4.639376,22.54,13.7,309.7,11,0.8,-0.131,0.006,,,,,,,,,,,,,,slabs,
691800,1791191491800,56.623315,-4.639371,21.63,13.7,309.8,11,0.8,-0.131,0.005,,,,,,,,,,,,,,slabs,
692000,1791191492000,56.623325,-4.639367,20.73,13.6,309.8,11,0.8,-0.13,0.005,,,,,13.91,,,151,159,21,20.4,21,20.5,slabs,
692200,1791191492200,56.623335,-4.639363,19.84,13.5,309.8,11,0.8,-0.129,0.004,,,,,,,,,,,,,,slabs,
692400,1791191492400,56.623344,-4.639358,18.96,13.5,309.8,11,0.8,-0.127,0.003,,,,,,,,,,,,,,slabs,
692600,1791191492600,56.623353,-4.639355,18.09,13.4,309.8,11,0.8,-0.126,0.003,,,,,,,,,,,,,,slabs,
692800,1791191492800,56.623362,-4.639351,17.23,13.3,309.8,11,0.8,-0.125,0.004,,,,,,,,,,,,,,slabs,
693000,1791191493000,56.62337,-4.639347,16.38,13.3,309.9,11,0.8,-0.123,0.003,,,,,13.91,,,150,157,16.6,16.1,16.6,16.2,slabs,
693200,1791191493200,56.623378,-4.639344,15.55,13.2,309.9,11,0.8,-0.122,0.003,,,,,,,,,,,,,,slabs,
693400,1791191493400,56.623385,-4.639341,14.73,13.2,309.9,11,0.8,-0.12,0.002,,,,,,,,,,,,,,slabs,
693600,1791191493600,56.623392,-4.639338,13.93,13.1,309.9,11,0.8,-0.118,0.002,,,,,,,,,,,,,,slabs,
693800,1791191493800,56.623399,-4.639335,13.14,13.1,309.9,11,0.8,-0.116,0.002,,,,,,,,,,,,,,slabs,
694000,1791191494000,56.623405,-4.639332,12.37,13,309.9,11,0.8,-0.114,0.002,,,,,13.91,,,148,157,12.6,12.2,12.5,12.2,slabs,
694200,1791191494200,56.623411,-4.63933,11.61,13,309.9,11,0.8,-0.112,0.001,,,,,,,,,,,,,,slabs,
694400,1791191494400,56.623416,-4.639328,10.88,12.9,309.9,11,0.8,-0.109,0.002,,,,,,,,,,,,,,slabs,
694600,1791191494600,56.623421,-4.639326,10.16,12.9,309.9,11,0.8,-0.107,0.001,,,,,,,,,,,,,,slabs,
694800,1791191494800,56.623426,-4.639324,9.46,12.9,309.9,11,0.8,-0.104,0.001,,,,,,,,,,,,,,slabs,
695000,1791191495000,56.62343,-4.639322,8.79,12.8,309.9,11,0.8,-0.101,0.001,,,,,13.91,,,149,158,8.9,8.7,8.9,8.7,slabs,
695200,1791191495200,56.623434,-4.63932,8.13,12.8,310,11,0.8,-0.099,0.001,,,,,,,,,,,,,,slabs,
695400,1791191495400,56.623438,-4.639318,7.5,12.8,310,11,0.8,-0.096,0,,,,,,,,,,,,,,slabs,
695600,1791191495600,56.623442,-4.639317,6.88,12.7,310,11,0.8,-0.093,0.001,,,,,,,,,,,,,,slabs,
695800,1791191495800,56.623445,-4.639316,6.3,12.7,310,11,0.8,-0.09,0.001,,,,,,,,,,,,,,slabs,
696000,1791191496000,56.623448,-4.639314,5.73,12.7,310,11,0.8,-0.087,0,,,,,13.91,,,150,158,5.8,5.6,5.8,5.7,slabs,
696200,1791191496200,56.623451,-4.639313,5.19,12.7,310,11,0.8,-0.083,0,,,,,,,,,,,,,,slabs,
696400,1791191496400,56.623453,-4.639312,4.67,12.7,310,11,0.8,-0.08,0,,,,,,,,,,,,,,slabs,
696600,1791191496600,56.623455,-4.639311,4.18,12.6,310,11,0.8,-0.076,0,,,,,,,,,,,,,,slabs,
696800,1791191496800,56.623457,-4.639311,3.71,12.6,310,11,0.8,-0.073,0,,,,,,,,,,,,,,slabs,
697000,1791191497000,56.623459,-4.63931,3.27,12.6,310,11,0.8,-0.07,0,,,,,13.92,,,149,158,3.3,3.2,3.3,3.2,slabs,
697200,1791191497200,56.62346,-4.639309,2.86,12.6,310,11,0.8,-0.066,0,,,,,,,,,,,,,,slabs,
697400,1791191497400,56.623461,-4.639309,2.47,12.6,310,11,0.8,-0.062,0,,,,,,,,,,,,,,slabs,
697600,1791191497600,56.623463,-4.639308,2.11,12.6,310,11,0.8,-0.059,0,,,,,,,,,,,,,,slabs,
697800,1791191497800,56.623464,-4.639308,1.77,12.6,310,11,0.8,-0.055,0,,,,,,,,,,,,,,slabs,
698000,1791191498000,56.623464,-4.639308,1.47,12.6,310,11,0.8,-0.051,0,,,,,13.92,,,149,158,1.5,1.4,1.5,1.5,slabs,
698200,1791191498200,56.623465,-4.639307,1.19,12.6,310,11,0.8,-0.047,0,,,,,,,,,,,,,,slabs,
698400,1791191498400,56.623465,-4.639307,0.94,12.6,310,11,0.8,-0.043,0,,,,,,,,,,,,,,slabs,
698600,1791191498600,56.623466,-4.639307,0.72,12.6,310,11,0.8,-0.039,0,,,,,,,,,,,,,,slabs,
698800,1791191498800,56.623466,-4.639307,0.53,12.6,310,11,0.8,-0.035,0,,,,,,,,,,,,,,slabs,
699000,1791191499000,56.623466,-4.639307,0.37,12.6,310,11,0.8,-0.031,0,,,,,13.93,,,149,158,0.4,0.4,0.4,0.4,slabs,
699200,1791191499200,56.623467,-4.639307,0.24,12.6,310,11,0.8,-0.027,0,,,,,,,,,,,,,,slabs,
699400,1791191499400,56.623467,-4.639307,0.13,12.6,310,11,0.8,-0.023,0,,,,,,,,,,,,,,slabs,
699600,1791191499600,56.623467,-4.639307,0.06,12.6,310,11,0.8,-0.019,0,,,,,,,,,,,,,,slabs,
699800,1791191499800,56.623467,-4.639307,0.01,12.6,310,11,0.8,-0.015,0,,,,,,,,,,,,,,slabs,
700000,1791191500000,56.623467,-4.639307,0,12.6,310,11,0.8,-0.01,0,,,,,13.93,,,149,158,0,0,0,0,slabs,
700200,1791191500200,56.623467,-4.639307,0,12.6,310,11,0.8,-0.007,0,,,,,,,,,,,,,,slabs,
700400,1791191500400,56.623467,-4.639307,0,12.6,310,11,0.8,-0.004,0,,,,,,,,,,,,,,slabs,
700600,1791191500600,56.623467,-4.639307,0,12.6,310,11,0.8,-0.002,0,,,,,,,,,,,,,,slabs,
700800,1791191500800,56.623467,-4.639307,0,12.6,310,11,0.8,0,0,,,,,,,,,,,,,,slabs,
701000,1791191501000,56.623467,-4.639307,0,12.6,310,11,0.8,0,0,,,,,13.93,,,149,158,0,0,0,0,slabs,
701200,1791191501200,56.623467,-4.639307,0,12.6,310,11,0.8,0,0,,,,,,,,,,,,,,slabs,
701400,1791191501400,56.623467,-4.639307,0,12.6,310,11,0.8,0,0,,,,,,,,,,,,,,slabs,
701600,1791191501600,56.623467,-4.639307,0,12.6,310,11,0.8,0,0,,,,,,,,,,,,,,slabs,
701800,1791191501800,56.623467,-4.639307,0,12.6,310,11,0.8,0,0,,,,,,,,,,,,,,slabs,
702000,1791191502000,56.623467,-4.639307,0,12.6,310,11,0.8,0,0,,,,,13.94,,,149,158,0,0,0,0,slabs,
702200,1791191502200,56.623467,-4.639307,0,12.6,310,11,0.8,0,0,,,,,,,,,,,,,,slabs,
702400,1791191502400,56.623467,-4.639307,0,12.6,310,11,0.8,0,0,,,,,,,,,,,,,,slabs,
702600,1791191502600,56.623467,-4.639307,0,12.6,310,11,0.8,0,0,,,,,,,,,,,,,,slabs,
702800,1791191502800,56.623467,-4.639307,0,12.6,310,11,0.8,0,0,,,,,,,,,,,,,,slabs,
703000,1791191503000,56.623467,-4.639307,0,12.6,310,11,0.8,0,0,,,,,13.95,,,149,158,0,0,0,0,slabs,
703200,1791191503200,56.623467,-4.639307,0,12.6,310,11,0.8,0,0,,,,,,,,,,,,,,slabs,
703400,1791191503400,56.623467,-4.639307,0,12.6,310,11,0.8,0,0,,,,,,,,,,,,,,slabs,
703600,1791191503600,56.623467,-4.639307,0,12.6,310,11,0.8,0,0,,,,,,,,,,,,,,slabs,
703800,1791191503800,56.623467,-4.639307,0,12.6,310,11,0.8,0,0,,,,,,,,,,,,,,slabs,
704000,1791191504000,56.623467,-4.639307,0,12.6,310,11,0.8,0,0,,,,,13.95,,,149,158,0,0,0,0,slabs,
704200,1791191504200,56.623467,-4.639307,0,12.6,310,11,0.8,0,0,,,,,,,,,,,,,,slabs,
704400,1791191504400,56.623467,-4.639307,0,12.6,310,11,0.8,0,0,,,,,,,,,,,,,,slabs,
704600,1791191504600,56.623467,-4.639307,0,12.6,310,11,0.8,0,0,,,,,,,,,,,,,,slabs,
704800,1791191504800,56.623467,-4.639307,0,12.6,310,11,0.8,0,0,,,,,,,,,,,,,,slabs,
705000,1791191505000,56.623467,-4.639307,0,12.6,310,11,0.8,0,0,,,,,13.96,,,149,158,0,0,0,0,slabs,
705200,1791191505200,56.623467,-4.639307,0,12.6,310,11,0.8,0,0,,,,,,,,,,,,,,slabs,
705400,1791191505400,56.623467,-4.639307,0,12.6,310,11,0.8,0,0,,,,,,,,,,,,,,slabs,
705600,1791191505600,56.623467,-4.639307,0,12.6,310,11,0.8,0,0,,,,,,,,,,,,,,slabs,
705800,1791191505800,56.623467,-4.639307,0,12.6,310,11,0.8,0,0,,,,,,,,,,,,,,slabs,
706000,1791191506000,56.623467,-4.639307,0,12.6,310,11,0.8,0,0,,,,,13.96,,,149,158,0,0,0,0,slabs,
706200,1791191506200,56.623467,-4.639307,0,12.6,310,11,0.8,0,0,,,,,,,,,,,,,,slabs,
706400,1791191506400,56.623467,-4.639307,0,12.6,310,11,0.8,0,0,,,,,,,,,,,,,,slabs,
706600,1791191506600,56.623467,-4.639307,0,12.6,310,11,0.8,0,0,,,,,,,,,,,,,,slabs,
706800,1791191506800,56.623467,-4.639307,0,12.6,310,11,0.8,0,0,,,,,,,,,,,,,,slabs,
707000,1791191507000,56.623467,-4.639307,0,12.6,310,11,0.8,0,0,,,,,13.97,,,149,158,0,0,0,0,slabs,
707200,1791191507200,56.623467,-4.639307,0,12.6,310,11,0.8,0,0,,,,,,,,,,,,,,slabs,
707400,1791191507400,56.623467,-4.639307,0,12.6,310,11,0.8,0,0,,,,,,,,,,,,,,slabs,
707600,1791191507600,56.623467,-4.639307,0,12.6,310,11,0.8,0,0,,,,,,,,,,,,,,slabs,
707800,1791191507800,56.623467,-4.639307,0,12.6,310,11,0.8,0,0,,,,,,,,,,,,,,slabs,
708000,1791191508000,56.623467,-4.639307,0,12.6,310,11,0.8,0,0,,,,,13.97,,,149,158,0,0,0,0,slabs,
708200,1791191508200,56.623467,-4.639307,0,12.6,310,11,0.8,0,0,,,,,,,,,,,,,,slabs,
708400,1791191508400,56.623467,-4.639307,0,12.6,310,11,0.8,0,0,,,,,,,,,,,,,,slabs,
708600,1791191508600,56.623467,-4.639307,0,12.6,310,11,0.8,0,0,,,,,,,,,,,,,,slabs,
708800,1791191508800,56.623467,-4.639307,0,12.6,310,11,0.8,0,0,,,,,,,,,,,,,,slabs,
709000,1791191509000,56.623467,-4.639307,0,12.6,310,11,0.8,0,0,,,,,13.98,,,149,158,0,0,0,0,slabs,
709200,1791191509200,56.623467,-4.639307,0,12.6,310,11,0.8,0,0,,,,,,,,,,,,,,slabs,
709400,1791191509400,56.623467,-4.639307,0,12.6,310,11,0.8,0,0,,,,,,,,,,,,,,slabs,
709600,1791191509600,56.623467,-4.639307,0,12.6,310,11,0.8,0,0,,,,,,,,,,,,,,slabs,
709800,1791191509800,56.623467,-4.639307,0,12.6,310,11,0.8,0,0,,,,,,,,,,,,,,slabs,
710000,1791191510000,56.623467,-4.639307,0,12.6,310,11,0.8,0,0,,,,,13.98,,,149,158,0,0,0,0,slabs,
710200,1791191510200,56.623467,-4.639307,0,12.6,310,11,0.8,0,0,,,,,,,,,,,,,,slabs,
710400,1791191510400,56.623467,-4.639307,0,12.6,310,11,0.8,0,0,,,,,,,,,,,,,,slabs,
710600,1791191510600,56.623467,-4.639307,0,12.6,310,11,0.8,0,0,,,,,,,,,,,,,,slabs,
710800,1791191510800,56.623467,-4.639307,0,12.6,310,11,0.8,0,0,,,,,,,,,,,,,,slabs,
711000,1791191511000,56.623467,-4.639307,0,12.6,310,11,0.8,0,0,,,,,13.98,,,149,158,0,0,0,0,slabs,
711200,1791191511200,56.623467,-4.639307,0,12.6,310,11,0.8,0,0,,,,,,,,,,,,,,slabs,
711400,1791191511400,56.623467,-4.639307,0,12.6,310,11,0.8,0,0,,,,,,,,,,,,,,slabs,
711600,1791191511600,56.623467,-4.639307,0,12.6,310,11,0.8,0,0,,,,,,,,,,,,,,slabs,
711800,1791191511800,56.623467,-4.639307,0,12.6,310,11,0.8,0,0,,,,,,,,,,,,,,slabs,
712000,1791191512000,56.623467,-4.639307,0,12.6,310,11,0.8,0,0,,,,,13.99,,,149,158,0,0,0,0,slabs,
712200,1791191512200,56.623467,-4.639307,0,12.6,310,11,0.8,0,0,,,,,,,,,,,,,,slabs,
712400,1791191512400,56.623467,-4.639307,0,12.6,310,11,0.8,0,0,,,,,,,,,,,,,,slabs,
712600,1791191512600,56.623467,-4.639307,0,12.6,310,11,0.8,0,0,,,,,,,,,,,,,,slabs,
712800,1791191512800,56.623467,-4.639307,0,12.6,310,11,0.8,0,0,,,,,,,,,,,,,,slabs,
713000,1791191513000,56.623467,-4.639307,0,12.6,310,11,0.8,0,0,,,,,13.99,,,149,158,0,0,0,0,slabs,
713200,1791191513200,56.623467,-4.639307,0,12.6,310,11,0.8,0,0,,,,,,,,,,,,,,slabs,
713400,1791191513400,56.623467,-4.639307,0,12.6,310,11,0.8,0,0,,,,,,,,,,,,,,slabs,
713600,1791191513600,56.623467,-4.639307,0,12.6,310,11,0.8,0,0,,,,,,,,,,,,,,slabs,
713800,1791191513800,56.623467,-4.639307,0,12.6,310,11,0.8,0,0,,,,,,,,,,,,,,slabs,
714000,1791191514000,56.623467,-4.639307,0,12.6,310,11,0.8,0,0,,,,,13.99,,,149,158,0,0,0,0,slabs,
714200,1791191514200,56.623467,-4.639307,0,12.6,310,11,0.8,0,0,,,,,,,,,,,,,,slabs,
714400,1791191514400,56.623467,-4.639307,0,12.6,310,11,0.8,0,0,,,,,,,,,,,,,,slabs,
714600,1791191514600,56.623467,-4.639307,0,12.6,310,11,0.8,0,0,,,,,,,,,,,,,,slabs,
714800,1791191514800,56.623467,-4.639307,0,12.6,310,11,0.8,0,0,,,,,,,,,,,,,,slabs,
715000,1791191515000,56.623467,-4.639307,0,12.6,310,11,0.8,0,0,,,,,13.99,,,149,158,0,0,0,0,slabs,
715200,1791191515200,56.623467,-4.639307,0,12.6,310,11,0.8,0,0,,,,,,,,,,,,,,slabs,
715400,1791191515400,56.623467,-4.639307,0,12.6,310,11,0.8,0,0,,,,,,,,,,,,,,slabs,
715600,1791191515600,56.623467,-4.639307,0,12.6,310,11,0.8,0,0,,,,,,,,,,,,,,slabs,
715800,1791191515800,56.623467,-4.639307,0,12.6,310,11,0.8,0,0,,,,,,,,,,,,,,slabs,
716000,1791191516000,56.623467,-4.639307,0,12.6,310,11,0.8,0,0,,,,,13.99,,,149,158,0,0,0,0,slabs,
716200,1791191516200,56.623467,-4.639307,0,12.6,310,11,0.8,0,0,,,,,,,,,,,,,,slabs,
716400,1791191516400,56.623467,-4.639307,0,12.6,310,11,0.8,0,0,,,,,,,,,,,,,,slabs,
716600,1791191516600,56.623467,-4.639307,0,12.6,310,11,0.8,0,0,,,,,,,,,,,,,,slabs,
716800,1791191516800,56.623467,-4.639307,0,12.6,310,11,0.8,0,0,,,,,,,,,,,,,,slabs,
717000,1791191517000,56.623467,-4.639307,0,12.6,310,11,0.8,0,0,,,,,13.99,,,149,158,0,0,0,0,slabs,
717200,1791191517200,56.623467,-4.639307,0,12.6,310,11,0.8,0,0,,,,,,,,,,,,,,slabs,
717400,1791191517400,56.623467,-4.639307,0,12.6,310,11,0.8,0,0,,,,,,,,,,,,,,slabs,
717600,1791191517600,56.623467,-4.639307,0,12.6,310,11,0.8,0,0,,,,,,,,,,,,,,slabs,
717800,1791191517800,56.623467,-4.639307,0,12.6,310,11,0.8,0,0,,,,,,,,,,,,,,slabs,
718000,1791191518000,56.623467,-4.639307,0,12.6,310,11,0.8,0,0,,,,,13.99,,,149,158,0,0,0,0,slabs,
718200,1791191518200,56.623467,-4.639307,0,12.6,310,11,0.8,0,0,,,,,,,,,,,,,,slabs,
718400,1791191518400,56.623467,-4.639307,0,12.6,310,11,0.8,0,0,,,,,,,,,,,,,,slabs,
718600,1791191518600,56.623467,-4.639307,0,12.6,310,11,0.8,0,0,,,,,,,,,,,,,,slabs,
718800,1791191518800,56.623467,-4.639307,0,12.6,310,11,0.8,0,0,,,,,,,,,,,,,,slabs,
719000,1791191519000,56.623467,-4.639307,0,12.6,310,11,0.8,0,0,,,,,13.98,,,149,158,0,0,0,0,slabs,
719200,1791191519200,56.623467,-4.639307,0,12.6,310,11,0.8,0,0,,,,,,,,,,,,,,slabs,
719400,1791191519400,56.623467,-4.639307,0,12.6,310,11,0.8,0,0,,,,,,,,,,,,,,slabs,
719600,1791191519600,56.623467,-4.639307,0,12.6,310,11,0.8,0,0,,,,,,,,,,,,,,slabs,
719800,1791191519800,56.623467,-4.639307,0,12.6,310,11,0.8,0,0,,,,,,,,,,,,,,slabs,
