"Interval"|"ms"|10,"Utc"|"ms"|10,"GPS_Latitude"|"deg"|10,"GPS_Longitude"|"deg"|10,"GPS_Speed"|"km/h"|10,"GPS_Heading"|"deg"|10,"GPS_Altitude"|"m"|10,"GPS_Nsat"|""|10,"GPS_HDOP"|""|10,"GPS_LonAcc"|"g"|10,"GPS_LatAcc"|"g"|10,"rpm"|"rpm"|5,"speed"|"km/h"|5,"coolant_temp"|"°C"|5,"air_temp"|"°C"|5,"battery"|"V"|5,"manifold_press"|"bar"|5,"accel_pedal_pct"|"%"|5,"module"|""|5,"faults"|""|5
0,1791190800000,56.623467,-4.639307,0,12.6,310,10,0.7,,,760,0,21,13,13.97,1.01,6,motor,
200,1791190800200,56.623467,-4.639307,0,12.6,310,10,0.7,0,0,762,0,21.1,13,13.97,1.01,6,motor,
400,1791190800400,56.623467,-4.639307,0,12.6,310,10,0.7,0,0,764,0,21.2,13,13.97,1.01,6,motor,
600,1791190800600,56.623467,-4.639307,0,12.6,310,10,0.7,0,0,766,0,21.2,13,13.97,1.01,6,motor,
800,1791190800800,56.623467,-4.639307,0,12.6,310,10,0.7,0,0,766,0,21.3,13,13.98,1.01,6,motor,
1000,1791190801000,56.623467,-4.639307,0,12.6,310,10,0.7,0,0,765,0,21.4,13,13.98,1.01,6,motor,
1200,1791190801200,56.623467,-4.639307,0,12.6,310,10,0.7,0,0,763,0,21.5,13,13.98,1.01,6,motor,
1400,1791190801400,56.623467,-4.639307,0,12.6,310,10,0.7,0,0,761,0,21.5,13,13.98,1.01,6,motor,
1600,1791190801600,56.623467,-4.639307,0,12.6,310,10,0.7,0,0,759,0,21.6,13,13.98,1.01,6,motor,
1800,1791190801800,56.623467,-4.639307,0,12.6,310,10,0.7,0,0,756,0,21.7,13,13.98,1.01,6,motor,
2000,1791190802000,56.623467,-4.639307,0,12.6,310,10,0.7,0,0,755,0,21.8,13,13.99,1.01,6,motor,
2200,1791190802200,56.623467,-4.639307,0,12.6,310,10,0.7,0,0,754,0,21.9,13,13.99,1.01,6,motor,
2400,1791190802400,56.623467,-4.639307,0,12.6,310,10,0.7,0,0,754,0,21.9,13,13.99,1.01,6,motor,
2600,1791190802600,56.623467,-4.639307,0,12.6,310,10,0.7,0,0,756,0,22,13,13.99,1.01,6,motor,
2800,1791190802800,56.623467,-4.639307,0,12.6,310,10,0.7,0,0,758,0,22.1,13,13.99,1.01,6,motor,
3000,1791190803000,56.623467,-4.639307,0,12.6,310,10,0.7,0,0,760,0,22.2,13,13.99,1.01,6,motor,
3200,1791190803200,56.623467,-4.639307,0,12.6,310,10,0.7,0,0,763,0,22.2,13,14,1.01,6,motor,
3400,1791190803400,56.623467,-4.639307,0,12.6,310,10,0.7,0,0,765,0,22.3,13,14,1.01,6,motor,
3600,1791190803600,56.623467,-4.639307,0,12.6,310,10,0.7,0,0,766,0,22.4,13.1,14,1.01,6,motor,
3800,1791190803800,56.623467,-4.639307,0,12.6,310,10,0.7,0,0,766,0,22.5,13.1,14,1.01,6,motor,
4000,1791190804000,56.623467,-4.639307,0,12.6,310,10,0.7,0,0,765,0,22.6,13.1,14,1.01,6,motor,
4200,1791190804200,56.623467,-4.639307,0,12.6,310,10,0.7,0,0,763,0,22.6,13.1,14,1.01,6,motor,
4400,1791190804400,56.623467,-4.639307,0,12.6,310,10,0.7,0,0,761,0,22.7,13.1,14,1.01,6,motor,
4600,1791190804600,56.623467,-4.639307,0,12.6,310,10,0.7,0,0,759,0,22.8,13.1,14,1.01,6,motor,
4800,1791190804800,56.623467,-4.639307,0,12.6,310,10,0.7,0,0,756,0,22.9,13.1,14.01,1.01,6,motor,
5000,1791190805000,56.623467,-4.639307,0,12.6,310,10,0.7,0,0,755,0,22.9,13.1,14.01,1.01,6,motor,
5200,1791190805200,56.623467,-4.639307,0,12.6,310,10,0.7,0,0,754,0,23,13.1,14.01,1.01,6,motor,
5400,1791190805400,56.623467,-4.639307,0,12.6,310,10,0.7,0,0,754,0,23.1,13.1,14.01,1.01,6,motor,
5600,1791190805600,56.623467,-4.639307,0,12.6,310,10,0.7,0,0,756,0,23.2,13.1,14.01,1.01,6,motor,
5800,1791190805800,56.623467,-4.639307,0,12.6,310,10,0.7,0,0,758,0,23.2,13.1,14.01,1.01,6,motor,
6000,1791190806000,56.623467,-4.639307,0,12.6,310,10,0.7,0,0,760,0,23.3,13.1,14.01,1.01,6,motor,
6200,1791190806200,56.623467,-4.639307,0,12.6,310,10,0.7,0,0,763,0,23.4,13.1,14.01,1.01,6,motor,
6400,1791190806400,56.623467,-4.639307,0,12.6,310,10,0.7,0,0,765,0,23.5,13.1,14.01,1.01,6,motor,
6600,1791190806600,56.623467,-4.639307,0,12.6,310,10,0.7,0,0,766,0,23.6,13.1,14.01,1.01,6,motor,
6800,1791190806800,56.623467,-4.639307,0,12.6,310,10,0.7,0,0,766,0,23.6,13.1,14.02,1.01,6,motor,
7000,1791190807000,56.623467,-4.639307,0,12.6,310,10,0.7,0,0,765,0,23.7,13.1,14.02,1.01,6,motor,
7200,1791190807200,56.623467,-4.639307,0,12.6,310,10,0.7,0,0,763,0,23.8,13.1,14.02,1.01,6,motor,
7400,1791190807400,56.623467,-4.639307,0,12.6,310,10,0.7,0,0,761,0,23.9,13.1,14.02,1.01,6,motor,
7600,1791190807600,56.623467,-4.639307,0,12.6,310,10,0.7,0,0,759,0,23.9,13.1,14.02,1.01,6,motor,
7800,1791190807800,56.623467,-4.639307,0,12.6,310,10,0.7,0,0,756,0,24,13.1,14.02,1.01,6,motor,
8000,1791190808000,56.623467,-4.639307,0,12.6,310,10,0.7,0,0,755,0,24.1,13.1,14.02,1.01,6,motor,
8200,1791190808200,56.623467,-4.639307,0,12.6,310,10,0.7,0,0,754,0,24.2,13.1,14.02,1.01,6,motor,
8400,1791190808400,56.623467,-4.639307,0,12.6,310,10,0.7,0,0,754,0,24.2,13.1,14.02,1.01,6,motor,
8600,1791190808600,56.623467,-4.639307,0,12.6,310,10,0.7,0,0,756,0,24.3,13.1,14.02,1.01,6,motor,
8800,1791190808800,56.623467,-4.639307,0,12.6,310,10,0.7,0,0,758,0,24.4,13.1,14.02,1.01,6,motor,
9000,1791190809000,56.623467,-4.639307,0,12.6,310,10,0.7,0,0,760,0,24.5,13.1,14.02,1.01,6,motor,
9200,1791190809200,56.623467,-4.639307,0,12.6,310,10,0.7,0,0,763,0,24.5,13.1,14.02,1.01,6,motor,
9400,1791190809400,56.623467,-4.639307,0,12.6,310,10,0.7,0,0,765,0,24.6,13.1,14.02,1.01,6,motor,
9600,1791190809600,56.623467,-4.639307,0,12.6,310,10,0.7,0,0,766,0,24.7,13.1,14.02,1.01,6,motor,
9800,1791190809800,56.623467,-4.639307,0,12.6,310,10,0.7,0,0,766,0,24.8,13.1,14.02,1.01,6,motor,
10000,1791190810000,56.623467,-4.639307,0,12.6,310,10,0.7,0,0,765,0,24.8,13.1,14.02,1.01,6,motor,
10200,1791190810200,56.623467,-4.639307,0,12.6,310,10,0.7,0,0,763,0,24.9,13.1,14.02,1.01,6,motor,
10400,1791190810400,56.623467,-4.639307,0,12.6,310,10,0.7,0,0,761,0,25,13.1,14.02,1.01,6,motor,
10600,1791190810600,56.623467,-4.639307,0,12.6,310,10,0.7,0,0,758,0,25.1,13.1,14.02,1.01,6,motor,
10800,1791190810800,56.623467,-4.639307,0,12.6,310,10,0.7,0,0,756,0,25.1,13.1,14.02,1.01,6,motor,
11000,1791190811000,56.623467,-4.639307,0,12.6,310,10,0.7,0,0,755,0,25.2,13.2,14.02,1.01,6,motor,
11200,1791190811200,56.623467,-4.639307,0,12.6,310,10,0.7,0,0,754,0,25.3,13.2,14.02,1.01,6,motor,
11400,1791190811400,56.623467,-4.639307,0,12.6,310,10,0.7,0,0,754,0,25.3,13.2,14.02,1.01,6,motor,
11600,1791190811600,56.623467,-4.639307,0,12.6,310,10,0.7,0,0,756,0,25.4,13.2,14.02,1.01,6,motor,
11800,1791190811800,56.623467,-4.639307,0,12.6,310,10,0.7,0,0,758,0,25.5,13.2,14.02,1.01,6,motor,
12000,1791190812000,56.623467,-4.639307,0,12.6,310,10,0.7,0,0,760,0,25.6,13.2,14.02,1.01,6,motor,
12200,1791190812200,56.623467,-4.639307,0,12.6,310,10,0.7,0,0,763,0,25.6,13.2,14.01,1.01,6,motor,
12400,1791190812400,56.623467,-4.639307,0,12.6,310,10,0.7,0,0,765,0,25.7,13.2,14.01,1.01,6,motor,
12600,1791190812600,56.623467,-4.639307,0,12.6,310,10,0.7,0,0,766,0,25.8,13.2,14.01,1.01,6,motor,
12800,1791190812800,56.623467,-4.639307,0,12.6,310,10,0.7,0,0,766,0,25.9,13.2,14.01,1.01,6,motor,
13000,1791190813000,56.623467,-4.639307,0,12.6,310,10,0.7,0,0,765,0,25.9,13.2,14.01,1.01,6,motor,
13200,1791190813200,56.623467,-4.639307,0,12.6,310,10,0.7,0,0,763,0,26,13.2,14.01,1.01,6,motor,
13400,1791190813400,56.623467,-4.639307,0,12.6,310,10,0.7,0,0,761,0,26.1,13.2,14.01,1.01,6,motor,
13600,1791190813600,56.623467,-4.639307,0,12.6,310,10,0.7,0,0,758,0,26.2,13.2,14.01,1.01,6,motor,
13800,1791190813800,56.623467,-4.639307,0,12.6,310,10,0.7,0,0,756,0,26.2,13.2,14.01,1.01,6,motor,
14000,1791190814000,56.623467,-4.639307,0,12.6,310,10,0.7,0,0,755,0,26.3,13.2,14.01,1.01,6,motor,
14200,1791190814200,56.623467,-4.639307,0,12.6,310,10,0.7,0,0,754,0,26.4,13.2,14,1.01,6,motor,
14400,1791190814400,56.623467,-4.639307,0,12.6,310,10,0.7,0,0,754,0,26.4,13.2,14,1.01,6,motor,
14600,1791190814600,56.623467,-4.639307,0,12.6,310,10,0.7,0,0,756,0,26.5,13.2,14,1.01,6,motor,
14800,1791190814800,56.623467,-4.639307,0,12.6,310,10,0.7,0,0,758,0,26.6,13.2,14,1.01,6,motor,
15000,1791190815000,56.623467,-4.639307,0,12.6,310,10,0.7,0,0,761,0,26.7,13.2,14,1.01,6,motor,
15200,1791190815200,56.623467,-4.639307,0,12.6,310,10,0.7,0,0,763,0,26.7,13.2,14,1.01,6,motor,
15400,1791190815400,56.623467,-4.639307,0,12.6,310,10,0.7,0,0,765,0,26.8,13.2,14,1.01,6,motor,
15600,1791190815600,56.623467,-4.639307,0,12.6,310,10,0.7,0,0,766,0,26.9,13.2,14,1.01,6,motor,
15800,1791190815800,56.623467,-4.639307,0,12.6,310,10,0.7,0,0,766,0,26.9,13.2,13.99,1.01,6,motor,
16000,1791190816000,56.623467,-4.639307,0,12.6,310,10,0.7,0,0,765,0,27,13.2,13.99,1.01,6,motor,
16200,1791190816200,56.623467,-4.639307,0,12.6,310,10,0.7,0,0,763,0,27.1,13.2,13.99,1.01,6,motor,
16400,1791190816400,56.623467,-4.639307,0,12.6,310,10,0.7,0,0,761,0,27.2,13.2,13.99,1.01,6,motor,
16600,1791190816600,56.623467,-4.639307,0,12.6,310,10,0.7,0,0,758,0,27.2,13.2,13.99,1.01,6,motor,
16800,1791190816800,56.623467,-4.639307,0,12.6,310,10,0.7,0,0,756,0,27.3,13.2,13.99,1.01,6,motor,
17000,1791190817000,56.623467,-4.639307,0,12.6,310,10,0.7,0,0,755,0,27.4,13.2,13.99,1.01,6,motor,
17200,1791190817200,56.623467,-4.639307,0,12.6,310,10,0.7,0,0,754,0,27.4,13.2,13.98,1.01,6,motor,
17400,1791190817400,56.623467,-4.639307,0,12.6,310,10,0.7,0,0,755,0,27.5,13.2,13.98,1.01,6,motor,
17600,1791190817600,56.623467,-4.639307,0,12.6,310,10,0.7,0,0,756,0,27.6,13.2,13.98,1.01,6,motor,
17800,1791190817800,56.623467,-4.639307,0,12.6,310,10,0.7,0,0,758,0,27.7,13.2,13.98,1.01,6,motor,
18000,1791190818000,56.623467,-4.639307,0,12.6,310,10,0.7,0,0,761,0,27.7,13.2,13.98,1.01,6,motor,
18200,1791190818200,56.623467,-4.639307,0,12.6,310,10,0.7,0,0,763,0,27.8,13.3,13.98,1.01,6,motor,
18400,1791190818400,56.623467,-4.639307,0,12.6,310,10,0.7,0,0,765,0,27.9,13.3,13.97,1.01,6,motor,
18600,1791190818600,56.623467,-4.639307,0,12.6,310,10,0.7,0,0,766,0,27.9,13.3,13.97,1.01,6,motor,
18800,1791190818800,56.623467,-4.639307,0,12.6,310,10,0.7,0,0,766,0,28,13.3,13.97,1.01,6,motor,
19000,1791190819000,56.623467,-4.639307,0,12.6,310,10,0.7,0,0,765,0,28.1,13.3,13.97,1.01,6,motor,
19200,1791190819200,56.623467,-4.639307,0,12.6,310,10,0.7,0,0,763,0,28.2,13.3,13.97,1.01,6,motor,
19400,1791190819400,56.623467,-4.639307,0,12.6,310,10,0.7,0,0,761,0,28.2,13.3,13.97,1.01,6,motor,
19600,1791190819600,56.623467,-4.639307,0,12.6,310,10,0.7,0,0,758,0,28.3,13.3,13.96,1.01,6,motor,
19800,1791190819800,56.623467,-4.639307,0,12.6,310,10,0.7,0,0,757,0,28.4,13.3,13.96,1.01,6.2,motor,
20000,1791190820000,56.623467,-4.639307,0,12.6,310,10,0.7,0,0,756,0,28.4,13.3,13.96,1.01,6.5,motor,
20200,1791190820200,56.623467,-4.639307,0.01,12.6,310,10,0.7,0,0,758,0,28.5,13.3,13.96,1.01,7,motor,
20400,1791190820400,56.623467,-4.639307,0.03,12.6,310,10,0.7,0.001,0,762,0,28.6,13.3,13.96,1.01,7.7,motor,
20600,1791190820600,56.623467,-4.639307,0.07,12.6,310,10,0.7,0.002,0,768,0,28.6,13.3,13.96,1.01,8.5,motor,
20800,1791190820800,56.623467,-4.639307,0.13,12.6,310,10,0.7,0.004,0,776,0,28.7,13.3,13.95,1.01,9.4,motor,
21000,1791190821000,56.623467,-4.639307,0.2,12.6,310,10,0.7,0.006,0,785,0,28.8,13.3,13.95,1.01,10.2,motor,
21200,1791190821200,56.623467,-4.639307,0.28,12.6,310,10,0.7,0.008,0,794,0,28.9,13.3,13.95,1.01,11,motor,
21400,1791190821400,56.623467,-4.639307,0.39,12.6,310,10,0.7,0.01,0,804,0,28.9,13.3,13.95,1.01,11.9,motor,
21600,1791190821600,56.623467,-4.639306,0.5,12.6,310,10,0.7,0.012,0,814,1,29,13.3,13.95,1.01,12.7,motor,
21800,1791190821800,56.623468,-4.639306,0.64,12.6,310,10,0.7,0.014,0,824,1,29.1,13.3,13.95,1.01,13.6,motor,
22000,1791190822000,56.623468,-4.639306,0.79,12.6,310,10,0.7,0.017,0,834,1,29.1,13.3,13.94,1.01,14.4,motor,
22200,1791190822200,56.623468,-4.639306,0.95,12.5,310,10,0.7,0.019,0,844,1,29.2,13.3,13.94,1.01,15.3,motor,
22400,1791190822400,56.623469,-4.639306,1.13,12.5,310,10,0.7,0.021,0,854,1,29.3,13.3,13.94,1.01,16.1,motor,
22600,1791190822600,56.62347,-4.639306,1.32,12.5,310,10,0.7,0.023,0,864,1,29.3,13.3,13.94,1.01,16.9,motor,
22800,1791190822800,56.62347,-4.639305,1.53,12.5,310,10,0.7,0.025,0,876,2,29.4,13.3,13.94,1.01,17.8,motor,
23000,1791190823000,56.623471,-4.639305,1.76,12.5,310,10,0.7,0.027,0,890,2,29.5,13.3,13.94,1.01,18.6,motor,
23200,1791190823200,56.623472,-4.639305,1.99,12.5,310,10,0.7,0.029,0,905,2,29.5,13.3,14.09,1.012,19.4,motor,
23400,1791190823400,56.623473,-4.639304,2.25,12.5,310,10,0.7,0.032,0,922,2,29.6,13.3,14.09,1.018,20.2,motor,
23600,1791190823600,56.623474,-4.639304,2.51,12.5,310,10,0.7,0.034,0,940,3,29.7,13.3,14.08,1.026,21,motor,
23800,1791190823800,56.623475,-4.639303,2.8,12.5,310,10,0.7,0.036,0,960,3,29.8,13.3,14.08,1.036,21.8,motor,
24000,1791190824000,56.623477,-4.639303,3.09,12.5,310,10,0.7,0.038,0,981,3,29.8,13.3,14.08,1.047,22.6,motor,
24200,1791190824200,56.623478,-4.639302,3.4,12.5,310,10,0.7,0.04,0,1003,3,29.9,13.3,14.08,1.059,23.4,motor,
24400,1791190824400,56.62348,-4.639301,3.73,12.5,310,10,0.7,0.042,0,1025,4,30,13.3,14.08,1.071,24.2,motor,
24600,1791190824600,56.623482,-4.6393,4.06,12.4,310,10,0.7,0.044,0,1046,4,30,13.3,14.08,1.085,25,motor,
24800,1791190824800,56.623484,-4.6393,4.41,12.4,310,10,0.7,0.046,0,1068,4,30.1,13.3,14.08,1.099,25.8,motor,
25000,1791190825000,56.623486,-4.639299,4.77,12.4,310,10,0.7,0.048,0,1089,5,30.2,13.2,14.08,1.114,26.5,motor,
25200,1791190825200,56.623489,-4.639298,5.15,12.4,310,10,0.7,0.05,0,1110,5,30.2,13.2,14.08,1.129,27.3,motor,
25400,1791190825400,56.623491,-4.639297,5.54,12.4,310,10,0.7,0.051,0,1131,6,30.3,13.2,14.08,1.146,28,motor,
25600,1791190825600,56.623494,-4.639296,5.94,12.4,310,10,0.7,0.053,0,1152,6,30.4,13.2,14.07,1.163,28.7,motor,
25800,1791190825800,56.623497,-4.639294,6.35,12.3,310,10,0.7,0.055,0,1175,6,30.4,13.2,14.07,1.182,29.5,motor,
26000,1791190826000,56.6235,-4.639293,6.78,12.3,310.1,10,0.7,0.057,0,1199,7,30.5,13.2,14.07,1.202,30.2,motor,
26200,1791190826200,56.623504,-4.639292,7.21,12.3,310.1,10,0.7,0.058,0,1224,7,30.6,13.2,14.07,1.224,30.9,motor,
26400,1791190826400,56.623507,-4.63929,7.66,12.3,310.1,10,0.7,0.06,0,1251,8,30.6,13.2,14.07,1.247,31.6,motor,
26600,1791190826600,56.623511,-4.639289,8.12,12.2,310.1,10,0.7,0.062,0.001,756,8,30.7,13.2,13.92,1.01,32.2,motor,
26800,1791190826800,56.623515,-4.639287,8.59,12.2,310.1,10,0.7,0.063,0,768,9,30.8,13.2,13.92,1.01,32.9,motor,
27000,1791190827000,56.62352,-4.639285,9.06,12.2,310.1,10,0.7,0.065,0,813,9,30.8,13.2,13.92,1.01,33.5,motor,
27200,1791190827200,56.623524,-4.639284,9.55,12.1,310.1,10,0.7,0.066,0.001,859,10,30.9,13.2,13.92,1.01,34.2,motor,
27400,1791190827400,56.623529,-4.639282,10.05,12.1,310.1,10,0.7,0.068,0.001,906,10,31,13.2,14.07,1.014,34.8,motor,
27600,1791190827600,56.623534,-4.63928,10.56,12.1,310.1,10,0.7,0.069,0,952,11,31,13.2,14.07,1.05,35.4,motor,
27800,1791190827800,56.623539,-4.639278,11.08,12,310.1,10,0.7,0.071,0.001,998,11,31.1,13.2,14.07,1.087,36,motor,
28000,1791190828000,56.623545,-4.639276,11.6,12,310.1,10,0.7,0.072,0.001,1044,12,31.2,13.1,14.07,1.125,36.5,motor,
28200,1791190828200,56.623551,-4.639273,12.14,11.9,310.1,10,0.7,0.073,0.001,1090,12,31.2,13.1,14.07,1.164,37.1,motor,
28400,1791190828400,56.623557,-4.639271,12.68,11.9,310.1,10,0.7,0.074,0.001,1136,13,31.3,13.1,14.07,1.204,37.6,motor,
28600,1791190828600,56.623563,-4.639269,13.23,11.8,310.1,10,0.7,0.076,0.002,1183,13,31.4,13.1,14.07,1.246,38.1,motor,
28800,1791190828800,56.62357,-4.639266,13.79,11.8,310.2,10,0.7,0.077,0.001,1231,14,31.4,13.1,14.07,1.29,38.7,motor,
29000,1791190829000,56.623576,-4.639263,14.36,11.7,310.2,10,0.7,0.078,0.002,1281,14,31.5,13.1,14.07,1.336,39.1,motor,
29200,1791190829200,56.623584,-4.639261,14.93,11.7,310.2,10,0.7,0.079,0.001,1331,15,31.6,13.1,14.07,1.384,39.6,motor,
29400,1791190829400,56.623591,-4.639258,15.51,11.6,310.2,10,0.7,0.08,0.002,1384,16,31.6,13.1,14.07,1.434,40.1,motor,
29600,1791190829600,56.623599,-4.639255,16.09,11.6,310.2,10,0.7,0.081,0.001,828,16,31.7,13.1,13.92,1.01,40.5,motor,
29800,1791190829800,56.623607,-4.639252,16.68,11.5,310.2,10,0.7,0.082,0.002,861,17,31.8,13.1,13.92,1.01,40.9,motor,
30000,1791190830000,56.623615,-4.639249,17.27,11.5,310.2,10,0.7,0.082,0.002,894,17,31.8,13.1,13.92,1.01,41.3,motor,
30200,1791190830200,56.623624,-4.639246,17.87,11.4,310.2,10,0.7,0.083,0.002,928,18,31.9,13.1,14.07,1.035,41.7,motor,
30400,1791190830400,56.623633,-4.639243,18.48,11.3,310.3,10,0.7,0.084,0.003,961,18,32,13,14.07,1.066,42.1,motor,
30600,1791190830600,56.623642,-4.639239,19.09,11.3,310.3,10,0.7,0.085,0.003,993,19,32,13,14.07,1.096,42.4,motor,
30800,1791190830800,56.623651,-4.639236,19.7,11.2,310.3,10,0.7,0.086,0.003,1025,20,32.1,13,14.07,1.126,42.7,motor,
31000,1791190831000,56.623661,-4.639232,20.32,11.1,310.3,10,0.7,0.086,0.004,1055,20,32.2,13,14.08,1.156,43,motor,
31200,1791190831200,56.623671,-4.639229,20.93,11,310.3,10,0.7,0.087,0.004,1085,21,32.2,13,14.08,1.185,43.3,motor,
31400,1791190831400,56.623682,-4.639225,21.56,10.9,310.3,10,0.7,0.087,0.004,1115,22,32.3,13,14.08,1.214,43.6,motor,
31600,1791190831600,56.623692,-4.639221,22.18,10.9,310.3,10,0.7,0.088,0.004,1145,22,32.4,13,14.08,1.243,43.8,motor,
31800,1791190831800,56.623703,-4.639217,22.8,10.8,310.4,10,0.7,0.088,0.004,1175,23,32.4,13,14.08,1.273,44,motor,
32000,1791190832000,56.623715,-4.639213,23.43,10.7,310.4,10,0.7,0.088,0.004,1206,23,32.5,13,14.08,1.304,44.2,motor,
32200,1791190832200,56.623726,-4.639209,24.06,10.6,310.4,10,0.7,0.089,0.004,1238,24,32.6,13,14.08,1.335,44.4,motor,
32400,1791190832400,56.623738,-4.639205,24.69,10.5,310.4,10,0.7,0.089,0.005,1271,25,32.6,12.9,14.08,1.368,44.6,motor,
32600,1791190832600,56.62375,-4.639201,25.31,10.4,310.4,10,0.7,0.089,0.006,1305,25,32.7,12.9,14.08,1.402,44.7,motor,
32800,1791190832800,56.623763,-4.639197,25.94,10.3,310.5,10,0.7,0.089,0.006,1340,26,32.8,12.9,14.08,1.436,44.8,motor,
33000,1791190833000,56.623776,-4.639193,26.57,10.2,310.5,10,0.7,0.089,0.006,1375,27,32.8,12.9,14.08,1.47,44.9,motor,
33200,1791190833200,56.623789,-4.639188,27.2,10.1,310.5,10,0.7,0.089,0.006,1410,27,32.9,12.9,14.09,1.503,45,motor,
33400,1791190833400,56.623803,-4.639184,27.82,10,310.5,10,0.7,0.089,0.006,1444,28,33,12.9,14.09,1.536,45,motor,
33600,1791190833600,56.623816,-4.639179,28.44,9.9,310.5,10,0.7,0.089,0.007,1477,28,33,12.9,14.09,1.567,45.1,motor,
33800,1791190833800,56.623831,-4.639175,29.07,9.8,310.6,10,0.7,0.089,0.007,1509,29,33.1,12.9,14.09,1.597,45.1,motor,
34000,1791190834000,56.623845,-4.63917,29.68,9.7,310.6,10,0.7,0.088,0.007,1540,30,33.1,12.9,14.09,1.625,45.1,motor,
34200,1791190834200,56.62386,-4.639166,30.3,9.6,310.6,10,0.7,0.088,0.007,1032,30,33.2,12.9,14.09,1.137,45.1,motor,
34400,1791190834400,56.623875,-4.639161,30.91,9.4,310.6,10,0.7,0.088,0.009,1051,31,33.3,12.8,14.09,1.154,45,motor,
34600,1791190834600,56.62389,-4.639157,31.52,9.3,310.6,10,0.7,0.087,0.009,1069,32,33.3,12.8,14.1,1.171,44.9,motor,
34800,1791190834800,56.623906,-4.639152,32.13,9.2,310.7,10,0.7,0.087,0.009,1088,32,33.4,12.8,14.1,1.188,44.8,motor,
35000,1791190835000,56.623922,-4.639147,32.73,9.1,310.7,10,0.7,0.086,0.009,1107,33,33.5,12.8,14.1,1.205,44.7,motor,
35200,1791190835200,56.623938,-4.639143,33.32,8.9,310.7,10,0.7,0.086,0.011,1127,33,33.5,12.8,14.1,1.222,44.6,motor,
35400,1791190835400,56.623955,-4.639138,33.91,8.8,310.7,10,0.7,0.085,0.01,1147,34,33.6,12.8,14.1,1.24,44.4,motor,
35600,1791190835600,56.623972,-4.639133,34.49,8.7,310.8,10,0.7,0.084,0.01,1169,34,33.7,12.8,14.1,1.258,44.2,motor,
35800,1791190835800,56.623989,-4.639128,35.07,8.5,310.8,10,0.7,0.083,0.012,1191,35,33.7,12.8,14.1,1.276,44,motor,
36000,1791190836000,56.624006,-4.639124,35.64,8.4,310.8,10,0.7,0.082,0.012,1213,36,33.8,12.8,14.11,1.294,43.8,motor,
36200,1791190836200,56.624024,-4.639119,36.21,8.2,310.8,10,0.7,0.082,0.012,1234,36,33.9,12.8,14.11,1.311,43.6,motor,
36400,1791190836400,56.624042,-4.639114,36.77,8.1,310.9,10,0.7,0.081,0.012,1255,37,33.9,12.8,14.11,1.326,43.3,motor,
36600,1791190836600,56.62406,-4.639109,37.32,7.9,310.9,10,0.7,0.08,0.014,1274,37,34,12.7,14.11,1.34,43,motor,
36800,1791190836800,56.624079,-4.639105,37.86,7.8,310.9,10,0.7,0.079,0.013,1293,38,34,12.7,14.11,1.352,42.7,motor,
37000,1791190837000,56.624098,-4.6391,38.4,7.6,311,10,0.7,0.078,0.015,1310,38,34.1,12.7,14.11,1.363,42.4,motor,
37200,1791190837200,56.624117,-4.639095,38.92,7.5,311,10,0.7,0.077,0.013,1325,39,34.2,12.7,14.12,1.372,42.1,motor,
37400,1791190837400,56.624136,-4.639091,39.44,7.3,311,10,0.7,0.076,0.015,1341,39,34.2,12.7,14.12,1.38,41.7,motor,
37600,1791190837600,56.624156,-4.639086,39.95,7.1,311,10,0.7,0.074,0.015,1355,40,34.3,12.7,14.12,1.387,41.4,motor,
37800,1791190837800,56.624176,-4.639082,40.45,7,311.1,10,0.7,0.073,0.015,1370,40,34.4,12.7,14.12,1.394,41,motor,
38000,1791190838000,56.624196,-4.639077,40.94,6.8,311.1,10,0.7,0.072,0.016,1386,41,34.4,12.7,14.12,1.4,40.5,motor,
38200,1791190838200,56.624216,-4.639073,41.41,6.6,311.1,10,0.7,0.071,0.018,1402,41,34.5,12.7,14.12,1.406,40.1,motor,
38400,1791190838400,56.624237,-4.639068,41.88,6.5,311.2,10,0.7,0.069,0.016,1419,42,34.5,12.7,14.13,1.412,39.7,motor,
38600,1791190838600,56.624258,-4.639064,42.34,6.3,311.2,10,0.7,0.068,0.016,1436,42,34.6,12.7,14.13,1.418,39.2,motor,
38800,1791190838800,56.624279,-4.63906,42.79,6.1,311.2,10,0.7,0.066,0.019,1453,43,34.7,12.7,14.13,1.423,38.7,motor,
39000,1791190839000,56.6243,-4.639056,43.22,5.9,311.3,10,0.7,0.065,0.019,1471,43,34.7,12.7,14.13,1.428,38.2,motor,
39200,1791190839200,56.624322,-4.639052,43.65,5.7,311.3,10,0.7,0.063,0.019,1487,44,34.8,12.7,14.13,1.431,37.7,motor,
39400,1791190839400,56.624344,-4.639048,44.06,5.6,311.3,10,0.7,0.062,0.019,1503,44,34.9,12.6,14.13,1.432,37.1,motor,
39600,1791190839600,56.624366,-4.639044,44.46,5.4,311.4,10,0.7,0.06,0.019,1517,44,34.9,12.6,14.14,1.432,36.6,motor,
39800,1791190839800,56.624388,-4.63904,44.85,5.2,311.4,10,0.7,0.058,0.019,1530,45,35,12.6,14.14,1.431,36,motor,
40000,1791190840000,56.62441,-4.639036,45.23,5,311.4,10,0.7,0.057,0.02,1542,45,35,12.6,14.14,1.427,35.4,motor,
40200,1791190840200,56.624433,-4.639033,45.59,4.8,311.5,10,0.7,0.055,0.02,1552,46,35.1,12.6,14.14,1.422,34.8,motor,
40400,1791190840400,56.624456,-4.639029,45.94,4.6,311.5,10,0.7,0.053,0.022,1561,46,35.2,12.6,14.14,1.417,34.2,motor,
40600,1791190840600,56.624478,-4.639026,46.27,4.4,311.5,10,0.7,0.051,0.022,1570,46,35.2,12.6,14.14,1.41,33.6,motor,
40800,1791190840800,56.624502,-4.639023,46.6,4.2,311.6,10,0.7,0.05,0.023,1579,47,35.3,12.6,14.14,1.403,32.9,motor,
41000,1791190841000,56.624525,-4.63902,46.91,4,311.6,10,0.7,0.048,0.023,1589,47,35.4,12.6,14.15,1.395,32.3,motor,
41200,1791190841200,56.624548,-4.639017,47.2,3.8,311.6,10,0.7,0.046,0.023,1599,47,35.4,12.6,14.15,1.387,31.6,motor,
41400,1791190841400,56.624572,-4.639014,47.49,3.5,311.7,10,0.7,0.044,0.025,1609,47,35.5,12.6,14.15,1.374,30.9,motor,
41600,1791190841600,56.624596,-4.639011,47.75,3.3,311.7,10,0.7,0.042,0.026,1620,48,35.5,12.6,14.15,1.36,30.2,motor,
41800,1791190841800,56.624619,-4.639009,48.01,3.1,311.7,10,0.7,0.04,0.026,1164,48,35.6,12.6,14.15,1.137,29.5,motor,
42000,1791190842000,56.624643,-4.639006,48.24,2.9,311.8,10,0.7,0.038,0.026,1173,48,35.7,12.6,14.15,1.135,28.8,motor,
42200,1791190842200,56.624668,-4.639004,48.47,2.7,311.8,10,0.7,0.036,0.026,1180,48,35.7,12.6,14.15,1.133,28.1,motor,
42400,1791190842400,56.624692,-4.639002,48.68,2.5,311.8,10,0.7,0.034,0.024,1187,49,35.8,12.6,14.16,1.13,27.3,motor,
42600,1791190842600,56.624716,-4.639,48.87,2.2,311.9,10,0.7,0.032,0.026,1193,49,35.9,12.6,14.16,1.126,26.6,motor,
42800,1791190842800,56.62474,-4.638999,49.05,2,311.9,10,0.7,0.029,0.026,1197,49,35.9,12.6,14.16,1.121,25.8,motor,
43000,1791190843000,56.624765,-4.638997,49.21,1.8,312,10,0.7,0.027,0.026,1199,49,36,12.6,14.16,1.115,25.1,motor,
43200,1791190843200,56.62479,-4.638996,49.36,1.5,312,10,0.7,0.025,0.029,1201,49,36,12.6,14.16,1.109,24.3,motor,
43400,1791190843400,56.624814,-4.638995,49.5,1.3,312,10,0.7,0.023,0.029,1202,49,36.1,12.6,14.16,1.103,23.5,motor,
43600,1791190843600,56.624839,-4.638994,49.61,1.1,312.1,10,0.7,0.021,0.027,1202,50,36.2,12.6,14.16,1.096,22.7,motor,
43800,1791190843800,56.624864,-4.638993,49.72,0.9,312.1,10,0.7,0.019,0.027,1203,50,36.2,12.6,14.16,1.089,21.9,motor,
44000,1791190844000,56.624889,-4.638992,49.8,0.6,312.1,10,0.7,0.017,0.029,1203,50,36.3,12.6,14.16,1.083,21.1,motor,
44200,1791190844200,56.624913,-4.638992,49.87,0.4,312.2,10,0.7,0.014,0.027,1205,50,36.3,12.6,14.16,1.076,20.3,motor,
44400,1791190844400,56.624938,-4.638991,49.93,0.1,312.2,10,0.7,0.012,0.029,1207,50,36.4,12.6,14.16,1.069,19.5,motor,
44600,1791190844600,56.624963,-4.638991,49.97,359.9,312.2,10,0.7,0.01,0.03,1210,50,36.5,12.6,14.17,1.063,18.7,motor,
44800,1791190844800,56.624988,-4.638991,49.99,359.7,312.3,10,0.7,0.008,0.03,1213,50,36.5,12.6,14.17,1.058,18,motor,
45000,1791190845000,56.625013,-4.638992,50,359.4,312.3,10,0.7,0.006,0.03,1215,50,36.6,12.6,14.17,1.054,17.6,motor,
45200,1791190845200,56.625038,-4.638992,50,359.2,312.4,10,0.7,0.004,0.03,1218,50,36.6,12.6,14.17,1.052,17.3,motor,
45400,1791190845400,56.625063,-4.638993,50,358.9,312.4,10,0.7,0.002,0.03,1219,50,36.7,12.6,14.17,1.051,17.2,motor,
45600,1791190845600,56.625088,-4.638994,50.01,358.7,312.4,10,0.7,0.001,0.03,1220,50,36.8,12.6,14.17,1.052,17.3,motor,
45800,1791190845800,56.625113,-4.638995,50.01,358.5,312.5,10,0.7,0.001,0.03,1220,50,36.8,12.6,14.17,1.053,17.4,motor,
46000,1791190846000,56.625138,-4.638996,50.02,358.2,312.5,10,0.7,0.001,0.03,1219,50,36.9,12.6,14.17,1.054,17.5,motor,
46200,1791190846200,56.625163,-4.638997,50.03,358,312.5,10,0.7,0.001,0.03,1217,50,36.9,12.6,14.17,1.054,17.6,motor,
46400,1791190846400,56.625188,-4.638999,50.04,357.7,312.6,10,0.7,0.001,0.03,1215,50,37,12.6,14.17,1.055,17.6,motor,
46600,1791190846600,56.625213,-4.639001,50.06,357.5,312.6,10,0.7,0.001,0.03,1213,50,37.1,12.6,14.17,1.055,17.7,motor,
46800,1791190846800,56.625238,-4.639003,50.07,357.2,312.6,10,0.7,0.002,0.032,1211,50,37.1,12.6,14.17,1.056,17.8,motor,
47000,1791190847000,56.625263,-4.639005,50.09,357,312.7,10,0.7,0.002,0.03,1210,50,37.2,12.6,14.17,1.056,17.9,motor,
47200,1791190847200,56.625288,-4.639008,50.1,356.7,312.7,10,0.7,0.002,0.032,1211,50,37.2,12.6,14.17,1.057,18,motor,
47400,1791190847400,56.625313,-4.63901,50.12,356.5,312.7,10,0.7,0.002,0.03,1212,50,37.3,12.6,14.17,1.058,18.1,motor,
47600,1791190847600,56.625338,-4.639013,50.14,356.2,312.8,10,0.7,0.002,0.032,1214,50,37.4,12.6,14.17,1.059,18.2,motor,
47800,1791190847800,56.625363,-4.639016,50.17,356,312.8,10,0.7,0.003,0.03,1217,50,37.4,12.6,14.17,1.06,18.3,motor,
48000,1791190848000,56.625388,-4.639019,50.19,355.7,312.9,10,0.7,0.003,0.032,1220,50,37.5,12.6,14.17,1.062,18.3,motor,
48200,1791190848200,56.625413,-4.639023,50.22,355.4,312.9,10,0.7,0.003,0.032,1223,50,37.5,12.6,14.17,1.063,18.4,motor,
48400,1791190848400,56.625438,-4.639026,50.24,355.2,312.9,10,0.7,0.003,0.032,1225,50,37.6,12.6,14.17,1.064,18.5,motor,
48600,1791190848600,56.625463,-4.63903,50.27,354.9,313,10,0.7,0.004,0.032,1227,50,37.7,12.6,14.17,1.065,18.6,motor,
48800,1791190848800,56.625488,-4.639034,50.3,354.7,313,10,0.7,0.004,0.032,1227,50,37.7,12.6,14.17,1.065,18.6,motor,
49000,1791190849000,56.625513,-4.639039,50.33,354.4,313,10,0.7,0.004,0.032,1226,50,37.8,12.6,14.17,1.066,18.7,motor,
49200,1791190849200,56.625538,-4.639043,50.36,354.1,313.1,10,0.7,0.004,0.032,1225,50,37.8,12.6,14.17,1.066,18.8,motor,
49400,1791190849400,56.625563,-4.639048,50.4,353.9,313.1,10,0.7,0.005,0.032,1223,50,37.9,12.7,14.17,1.067,18.8,motor,
49600,1791190849600,56.625588,-4.639053,50.43,353.6,313.1,10,0.7,0.005,0.032,1222,50,38,12.7,14.17,1.067,18.9,motor,
49800,1791190849800,56.625613,-4.639058,50.46,353.4,313.2,10,0.7,0.005,0.032,1221,50,38,12.7,14.17,1.067,19,motor,
50000,1791190850000,56.625638,-4.639063,50.5,353.1,313.2,10,0.7,0.005,0.032,1220,50,38.1,12.7,14.16,1.068,19,motor,
50200,1791190850200,56.625663,-4.639069,50.54,352.8,313.3,10,0.7,0.005,0.032,1221,51,38.1,12.7,14.16,1.068,19.1,motor,
50400,1791190850400,56.625688,-4.639074,50.57,352.6,313.3,10,0.7,0.005,0.032,1223,51,38.2,12.7,14.16,1.069,19.1,motor,
50600,1791190850600,56.625713,-4.63908,50.61,352.3,313.3,10,0.7,0.005,0.032,1226,51,38.2,12.7,14.16,1.07,19.2,motor,
50800,1791190850800,56.625738,-4.639087,50.65,352,313.4,10,0.7,0.005,0.035,1229,51,38.3,12.7,14.16,1.071,19.2,motor,
51000,1791190851000,56.625763,-4.639093,50.69,351.8,313.4,10,0.7,0.005,0.033,1232,51,38.4,12.7,14.16,1.072,19.3,motor,
51200,1791190851200,56.625788,-4.6391,50.73,351.5,313.4,10,0.7,0.005,0.033,1236,51,38.4,12.7,14.16,1.073,19.3,motor,
51400,1791190851400,56.625813,-4.639106,50.77,351.2,313.5,10,0.7,0.006,0.035,1238,51,38.5,12.7,14.16,1.074,19.3,motor,
51600,1791190851600,56.625838,-4.639114,50.81,350.9,313.5,10,0.7,0.006,0.035,1240,51,38.5,12.7,14.16,1.074,19.3,motor,
51800,1791190851800,56.625863,-4.639121,50.85,350.7,313.5,10,0.7,0.006,0.033,1240,51,38.6,12.7,14.16,1.074,19.4,motor,
52000,1791190852000,56.625888,-4.639128,50.9,350.4,313.6,10,0.7,0.006,0.035,1240,51,38.7,12.7,14.15,1.075,19.4,motor,
52200,1791190852200,56.625913,-4.639136,50.94,350.1,313.6,10,0.7,0.006,0.035,1239,51,38.7,12.7,14.15,1.074,19.4,motor,
52400,1791190852400,56.625938,-4.639144,50.98,349.8,313.6,10,0.7,0.006,0.035,1237,51,38.8,12.7,14.15,1.074,19.4,motor,
52600,1791190852600,56.625963,-4.639152,51.02,349.6,313.7,10,0.7,0.006,0.033,1236,51,38.8,12.7,14.15,1.074,19.4,motor,
52800,1791190852800,56.625988,-4.639161,51.06,349.3,313.7,10,0.7,0.006,0.035,1235,51,38.9,12.7,14.15,1.074,19.4,motor,
53000,1791190853000,56.626013,-4.639169,51.1,349,313.8,10,0.8,0.006,0.035,1235,51,38.9,12.7,14.15,1.074,19.4,motor,
53200,1791190853200,56.626038,-4.639178,51.15,348.7,313.8,10,0.8,0.006,0.035,1236,51,39,12.7,14.15,1.074,19.4,motor,
53400,1791190853400,56.626063,-4.639187,51.19,348.5,313.8,10,0.8,0.006,0.033,1238,51,39.1,12.7,14.15,1.074,19.4,motor,
53600,1791190853600,56.626088,-4.639197,51.23,348.2,313.9,10,0.8,0.006,0.035,1241,51,39.1,12.7,14.14,1.075,19.4,motor,
53800,1791190853800,56.626113,-4.639206,51.27,347.9,313.9,10,0.8,0.006,0.035,1244,51,39.2,12.7,14.14,1.075,19.4,motor,
54000,1791190854000,56.626138,-4.639216,51.31,347.6,313.9,10,0.8,0.006,0.035,1248,51,39.2,12.7,14.14,1.076,19.4,motor,
54200,1791190854200,56.626163,-4.639226,51.35,347.3,314,10,0.8,0.006,0.035,1251,51,39.3,12.7,14.14,1.076,19.4,motor,
54400,1791190854400,56.626188,-4.639236,51.39,347.1,314,10,0.8,0.006,0.035,1253,51,39.3,12.7,14.14,1.076,19.3,motor,
54600,1791190854600,56.626213,-4.639247,51.43,346.8,314,10,0.8,0.006,0.036,1255,51,39.4,12.7,14.14,1.076,19.3,motor,
54800,1791190854800,56.626238,-4.639257,51.46,346.5,314.1,10,0.8,0.005,0.036,1255,51,39.5,12.7,14.13,1.076,19.3,motor,
55000,1791190855000,56.626263,-4.639268,51.5,346.2,314.1,10,0.8,0.005,0.036,1254,52,39.5,12.7,14.13,1.076,19.2,motor,
55200,1791190855200,56.626288,-4.63928,51.54,345.9,314.1,10,0.8,0.005,0.036,1253,52,39.6,12.7,14.13,1.075,19.2,motor,
55400,1791190855400,56.626313,-4.639291,51.57,345.6,314.2,10,0.8,0.005,0.038,1252,52,39.6,12.7,14.13,1.074,19.2,motor,
55600,1791190855600,56.626338,-4.639303,51.6,345.3,314.2,10,0.8,0.005,0.038,1250,52,39.7,12.7,14.13,1.073,19.1,motor,
55800,1791190855800,56.626363,-4.639314,51.64,345.1,314.3,10,0.8,0.005,0.036,1249,52,39.7,12.7,14.13,1.073,19.1,motor,
56000,1791190856000,56.626388,-4.639327,51.67,344.8,314.3,10,0.8,0.005,0.036,1249,52,39.8,12.7,14.12,1.072,19,motor,
56200,1791190856200,56.626413,-4.639339,51.7,344.5,314.3,10,0.8,0.005,0.036,1249,52,39.9,12.7,14.12,1.072,19,motor,
56400,1791190856400,56.626438,-4.639351,51.73,344.2,314.4,10,0.8,0.005,0.036,1251,52,39.9,12.7,14.12,1.071,18.9,motor,
56600,1791190856600,56.626463,-4.639364,51.76,343.9,314.4,10,0.8,0.005,0.036,1254,52,40,12.7,14.12,1.071,18.8,motor,
56800,1791190856800,56.626488,-4.639377,51.78,343.6,314.4,10,0.8,0.004,0.038,1257,52,40,12.7,14.12,1.071,18.8,motor,
57000,1791190857000,56.626512,-4.639391,51.81,343.3,314.5,10,0.8,0.004,0.038,1260,52,40.1,12.7,14.12,1.071,18.7,motor,
57200,1791190857200,56.626537,-4.639404,51.83,343,314.5,10,0.8,0.004,0.038,1263,52,40.1,12.7,14.11,1.071,18.6,motor,
57400,1791190857400,56.626562,-4.639418,51.86,342.8,314.5,10,0.8,0.004,0.036,1265,52,40.2,12.7,14.11,1.07,18.6,motor,
57600,1791190857600,56.626587,-4.639432,51.88,342.5,314.6,10,0.8,0.003,0.036,1266,52,40.3,12.7,14.11,1.07,18.5,motor,
57800,1791190857800,56.626611,-4.639446,51.9,342.2,314.6,10,0.8,0.003,0.036,1265,52,40.3,12.7,14.11,1.069,18.4,motor,
58000,1791190858000,56.626636,-4.639461,51.91,341.9,314.6,10,0.8,0.003,0.036,1264,52,40.4,12.7,14.11,1.068,18.3,motor,
58200,1791190858200,56.62666,-4.639475,51.93,341.6,314.7,10,0.8,0.003,0.036,1263,52,40.4,12.7,14.11,1.067,18.2,motor,
58400,1791190858400,56.626685,-4.63949,51.94,341.3,314.7,10,0.8,0.002,0.038,1260,52,40.5,12.7,14.1,1.065,18.2,motor,
58600,1791190858600,56.62671,-4.639505,51.96,341,314.7,10,0.8,0.002,0.039,1258,52,40.5,12.7,14.1,1.064,18.1,motor,
58800,1791190858800,56.626734,-4.639521,51.97,340.7,314.8,10,0.8,0.002,0.039,1257,52,40.6,12.7,14.1,1.063,18,motor,
59000,1791190859000,56.626759,-4.639536,51.98,340.4,314.8,10,0.8,0.002,0.039,1256,52,40.6,12.7,14.1,1.062,17.9,motor,
59200,1791190859200,56.626783,-4.639552,51.99,340.1,314.9,10,0.8,0.002,0.039,1256,52,40.7,12.7,14.1,1.061,17.8,motor,
59400,1791190859400,56.626807,-4.639568,51.99,339.9,314.9,10,0.8,0.001,0.036,1258,52,40.8,12.7,14.1,1.061,17.7,motor,
59600,1791190859600,56.626832,-4.639584,52,339.6,314.9,10,0.8,0.001,0.036,1260,52,40.8,12.7,14.1,1.06,17.6,motor,
59800,1791190859800,56.626856,-4.639601,52,339.3,315,10,0.8,0.001,0.036,1262,52,40.9,12.7,14.09,1.059,17.5,motor,
60000,1791190860000,56.62688,-4.639618,52,339,315,10,0.8,0.001,0.036,1265,52,40.9,12.8,14.09,1.059,17.5,motor,
60200,1791190860200,56.626905,-4.639635,52,338.7,315,10,0.8,0,0.036,1267,52,41,12.8,14.09,1.059,17.4,motor,
60400,1791190860400,56.626929,-4.639652,52,338.4,315.1,10,0.8,0,0.039,1268,52,41,12.8,14.09,1.059,17.4,motor,
60600,1791190860600,56.626953,-4.639669,52,338.1,315.1,10,0.8,0,0.039,1269,52,41.1,12.8,14.09,1.059,17.4,motor,
60800,1791190860800,56.626977,-4.639687,52,337.8,315.1,10,0.8,0,0.039,1268,52,41.1,12.8,14.09,1.059,17.4,motor,
61000,1791190861000,56.627001,-4.639705,52,337.5,315.2,10,0.8,0,0.039,1266,52,41.2,12.8,14.09,1.059,17.4,motor,
61200,1791190861200,56.627025,-4.639723,51.99,337.2,315.2,10,0.8,0,0.039,1264,52,41.3,12.8,14.09,1.059,17.4,motor,
61400,1791190861400,56.627049,-4.639741,51.99,337,315.2,10,0.8,0,0.036,1262,52,41.3,12.8,14.08,1.058,17.4,motor,
61600,1791190861600,56.627073,-4.639759,51.99,336.7,315.3,10,0.8,0,0.036,1259,52,41.4,12.8,14.08,1.058,17.4,motor,
61800,1791190861800,56.627097,-4.639778,51.99,336.4,315.3,10,0.8,0,0.036,1257,52,41.4,12.8,14.08,1.058,17.4,motor,
62000,1791190862000,56.62712,-4.639797,51.98,336.1,315.3,10,0.8,-0.001,0.036,1256,52,41.5,12.8,14.08,1.058,17.4,motor,
62200,1791190862200,56.627144,-4.639816,51.98,335.8,315.4,10,0.8,0,0.036,1256,52,41.5,12.8,14.08,1.058,17.4,motor,
62400,1791190862400,56.627168,-4.639836,51.98,335.5,315.4,10,0.8,0,0.039,1257,52,41.6,12.8,14.08,1.058,17.4,motor,
62600,1791190862600,56.627191,-4.639855,51.97,335.2,315.4,10,0.8,-0.001,0.039,1259,52,41.6,12.8,14.08,1.058,17.4,motor,
62800,1791190862800,56.627215,-4.639875,51.97,334.9,315.5,10,0.8,-0.001,0.039,1261,52,41.7,12.8,14.08,1.058,17.4,motor,
63000,1791190863000,56.627238,-4.639895,51.96,334.7,315.5,10,0.8,-0.001,0.036,1264,52,41.7,12.8,14.08,1.059,17.4,motor,
63200,1791190863200,56.627262,-4.639915,51.96,334.4,315.5,10,0.8,-0.001,0.036,1266,52,41.8,12.8,14.08,1.059,17.4,motor,
63400,1791190863400,56.627285,-4.639936,51.95,334.1,315.6,10,0.8,-0.001,0.036,1267,52,41.9,12.8,14.07,1.059,17.4,motor,
63600,1791190863600,56.627308,-4.639956,51.95,333.8,315.6,10,0.8,-0.001,0.036,1267,52,41.9,12.8,14.07,1.059,17.4,motor,
63800,1791190863800,56.627332,-4.639977,51.94,333.5,315.6,10,0.8,-0.001,0.036,1267,52,42,12.8,14.07,1.059,17.4,motor,
64000,1791190864000,56.627355,-4.639998,51.94,333.2,315.7,10,0.8,-0.001,0.039,1265,52,42,12.8,14.07,1.059,17.4,motor,
64200,1791190864200,56.627378,-4.640019,51.93,333,315.7,10,0.8,-0.001,0.036,1262,52,42.1,12.8,14.07,1.058,17.4,motor,
64400,1791190864400,56.627401,-4.640041,51.92,332.7,315.7,10,0.8,-0.001,0.036,1260,52,42.1,12.8,14.07,1.058,17.4,motor,
64600,1791190864600,56.627424,-4.640062,51.92,332.4,315.8,10,0.8,-0.001,0.036,1257,52,42.2,12.8,14.07,1.058,17.4,motor,
64800,1791190864800,56.627447,-4.640084,51.91,332.1,315.8,10,0.8,-0.001,0.036,1255,52,42.2,12.8,14.07,1.057,17.4,motor,
65000,1791190865000,56.62747,-4.640106,51.9,331.8,315.8,10,0.8,-0.001,0.036,1254,52,42.3,12.8,14.07,1.057,17.4,motor,
65200,1791190865200,56.627493,-4.640129,51.89,331.6,315.9,10,0.8,-0.001,0.036,1254,52,42.3,12.8,14.07,1.057,17.4,motor,
65400,1791190865400,56.627516,-4.640151,51.89,331.3,315.9,10,0.8,-0.001,0.036,1255,52,42.4,12.8,14.07,1.057,17.4,motor,
65600,1791190865600,56.627538,-4.640174,51.88,331,315.9,10,0.8,-0.001,0.036,1257,52,42.5,12.8,14.07,1.057,17.4,motor,
65800,1791190865800,56.627561,-4.640197,51.87,330.7,316,10,0.8,-0.001,0.036,1259,52,42.5,12.8,14.07,1.058,17.4,motor,
66000,1791190866000,56.627583,-4.64022,51.86,330.5,316,10,0.8,-0.001,0.033,1261,52,42.6,12.8,14.07,1.058,17.4,motor,
66200,1791190866200,56.627606,-4.640243,51.85,330.2,316,10,0.8,-0.001,0.036,1263,52,42.6,12.8,14.07,1.058,17.4,motor,
66400,1791190866400,56.627628,-4.640266,51.84,329.9,316.1,10,0.8,-0.001,0.036,1264,52,42.7,12.8,14.07,1.058,17.4,motor,
66600,1791190866600,56.627651,-4.64029,51.83,329.6,316.1,10,0.8,-0.001,0.036,1264,52,42.7,12.8,14.07,1.058,17.4,motor,
66800,1791190866800,56.627673,-4.640314,51.82,329.4,316.1,10,0.8,-0.001,0.033,1264,52,42.8,12.8,14.07,1.058,17.4,motor,
67000,1791190867000,56.627695,-4.640338,51.81,329.1,316.2,10,0.8,-0.001,0.036,1262,52,42.8,12.8,14.07,1.058,17.4,motor,
67200,1791190867200,56.627717,-4.640362,51.8,328.8,316.2,10,0.8,-0.001,0.036,1259,52,42.9,12.8,14.07,1.058,17.4,motor,
67400,1791190867400,56.62774,-4.640386,51.79,328.5,316.2,10,0.8,-0.001,0.036,1256,52,42.9,12.8,14.07,1.057,17.4,motor,
67600,1791190867600,56.627762,-4.640411,51.78,328.3,316.2,10,0.8,-0.001,0.033,1254,52,43,12.8,14.07,1.057,17.4,motor,
67800,1791190867800,56.627784,-4.640435,51.76,328,316.3,10,0.8,-0.002,0.036,1252,52,43,12.9,14.07,1.057,17.4,motor,
68000,1791190868000,56.627805,-4.64046,51.75,327.7,316.3,10,0.8,-0.002,0.036,1251,52,43.1,12.9,14.07,1.056,17.4,motor,
68200,1791190868200,56.627827,-4.640485,51.74,327.5,316.3,10,0.8,-0.002,0.033,1250,52,43.1,12.9,14.07,1.056,17.4,motor,
68400,1791190868400,56.627849,-4.640511,51.73,327.2,316.4,10,0.8,-0.002,0.033,1251,52,43.2,12.9,14.07,1.056,17.4,motor,
68600,1791190868600,56.627871,-4.640536,51.72,326.9,316.4,10,0.8,-0.002,0.036,1253,52,43.2,12.9,14.07,1.057,17.4,motor,
68800,1791190868800,56.627892,-4.640562,51.7,326.7,316.4,10,0.8,-0.002,0.033,1255,52,43.3,12.9,14.08,1.057,17.4,motor,
69000,1791190869000,56.627914,-4.640587,51.69,326.4,316.5,10,0.8,-0.002,0.033,1257,52,43.4,12.9,14.08,1.057,17.4,motor,
69200,1791190869200,56.627935,-4.640613,51.68,326.2,316.5,10,0.8,-0.002,0.033,1259,52,43.4,12.9,14.08,1.057,17.4,motor,
69400,1791190869400,56.627957,-4.64064,51.66,325.9,316.5,10,0.8,-0.002,0.033,1260,52,43.5,12.9,14.08,1.057,17.4,motor,
69600,1791190869600,56.627978,-4.640666,51.65,325.6,316.6,10,0.8,-0.002,0.033,1260,52,43.5,12.9,14.08,1.057,17.4,motor,
69800,1791190869800,56.627999,-4.640692,51.63,325.4,316.6,10,0.8,-0.002,0.033,1259,52,43.6,12.9,14.08,1.057,17.4,motor,
70000,1791190870000,56.628021,-4.640719,51.62,325.1,316.6,10,0.8,-0.002,0.033,1257,52,43.6,12.9,14.08,1.057,17.4,motor,
70200,1791190870200,56.628042,-4.640746,51.6,324.9,316.6,10,0.8,-0.002,0.033,1254,52,43.7,12.9,14.08,1.057,17.4,motor,
70400,1791190870400,56.628063,-4.640773,51.59,324.6,316.7,10,0.8,-0.002,0.033,1251,52,43.7,12.9,14.08,1.056,17.3,motor,
70600,1791190870600,56.628084,-4.6408,51.57,324.3,316.7,10,0.8,-0.002,0.033,1249,52,43.8,12.9,14.08,1.056,17.3,motor,
70800,1791190870800,56.628105,-4.640827,51.56,324.1,316.7,10,0.8,-0.002,0.033,1247,52,43.8,12.9,14.09,1.056,17.3,motor,
71000,1791190871000,56.628125,-4.640855,51.54,323.8,316.8,10,0.8,-0.002,0.033,1245,52,43.9,12.9,14.09,1.055,17.3,motor,
71200,1791190871200,56.628146,-4.640882,51.52,323.6,316.8,10,0.8,-0.002,0.033,1245,52,43.9,12.9,14.09,1.055,17.3,motor,
71400,1791190871400,56.628167,-4.64091,51.51,323.3,316.8,10,0.8,-0.002,0.033,1246,52,44,12.9,14.09,1.055,17.3,motor,
71600,1791190871600,56.628187,-4.640938,51.49,323.1,316.9,10,0.8,-0.002,0.031,1248,51,44,12.9,14.09,1.056,17.3,motor,
71800,1791190871800,56.628208,-4.640966,51.48,322.8,316.9,10,0.8,-0.002,0.033,1250,51,44.1,12.9,14.09,1.056,17.3,motor,
72000,1791190872000,56.628228,-4.640994,51.46,322.6,316.9,10,0.8,-0.002,0.031,1252,51,44.1,12.9,14.09,1.056,17.3,motor,
72200,1791190872200,56.628249,-4.641023,51.44,322.3,316.9,10,0.8,-0.002,0.033,1253,51,44.2,12.9,14.09,1.056,17.3,motor,
72400,1791190872400,56.628269,-4.641051,51.42,322.1,317,10,0.8,-0.003,0.031,1254,51,44.2,12.9,14.1,1.056,17.3,motor,
72600,1791190872600,56.628289,-4.64108,51.41,321.9,317,10,0.8,-0.002,0.031,1254,51,44.3,12.9,14.1,1.056,17.3,motor,
72800,1791190872800,56.62831,-4.641109,51.39,321.6,317,10,0.8,-0.003,0.031,1253,51,44.3,12.9,14.1,1.056,17.3,motor,
73000,1791190873000,56.62833,-4.641138,51.37,321.4,317.1,10,0.8,-0.003,0.031,1251,51,44.4,12.9,14.1,1.056,17.3,motor,
73200,1791190873200,56.62835,-4.641167,51.35,321.1,317.1,10,0.8,-0.003,0.03,1248,51,44.4,12.9,14.1,1.055,17.3,motor,
73400,1791190873400,56.62837,-4.641196,51.33,320.9,317.1,10,0.8,-0.003,0.03,1245,51,44.5,12.9,14.1,1.055,17.3,motor,
73600,1791190873600,56.628389,-4.641225,51.31,320.7,317.2,10,0.8,-0.003,0.03,1242,51,44.5,12.9,14.11,1.055,17.3,motor,
73800,1791190873800,56.628409,-4.641255,51.29,320.4,317.2,10,0.8,-0.003,0.03,1240,51,44.6,12.9,14.11,1.054,17.3,motor,
74000,1791190874000,56.628429,-4.641284,51.27,320.2,317.2,10,0.8,-0.003,0.03,1239,51,44.6,12.9,14.11,1.054,17.3,motor,
74200,1791190874200,56.628449,-4.641314,51.26,320,317.2,10,0.8,-0.003,0.028,1239,51,44.7,12.9,14.11,1.054,17.3,motor,
74400,1791190874400,56.628468,-4.641344,51.24,319.7,317.3,10,0.8,-0.003,0.03,1240,51,44.7,12.9,14.11,1.054,17.3,motor,
74600,1791190874600,56.628488,-4.641374,51.22,319.5,317.3,10,0.8,-0.003,0.03,1241,51,44.8,12.9,14.11,1.054,17.3,motor,
74800,1791190874800,56.628507,-4.641404,51.2,319.3,317.3,10,0.8,-0.003,0.028,1243,51,44.8,12.9,14.12,1.054,17.3,motor,
75000,1791190875000,56.628526,-4.641435,51.18,319,317.4,10,0.8,-0.003,0.03,1245,51,44.9,13,14.12,1.055,17.3,motor,
75200,1791190875200,56.628546,-4.641465,51.16,318.8,317.4,10,0.8,-0.003,0.03,1247,51,45,13,14.12,1.055,17.3,motor,
75400,1791190875400,56.628565,-4.641496,51.13,318.6,317.4,10,0.8,-0.003,0.028,1247,51,45,13,14.12,1.055,17.2,motor,
75600,1791190875600,56.628584,-4.641527,51.11,318.3,317.4,10,0.8,-0.003,0.03,1247,51,45.1,13,14.12,1.055,17.2,motor,
75800,1791190875800,56.628603,-4.641557,51.09,318.1,317.5,10,0.8,-0.003,0.03,1246,51,45.1,13,14.12,1.055,17.2,motor,
76000,1791190876000,56.628622,-4.641588,51.07,317.9,317.5,10,0.8,-0.003,0.028,1244,51,45.2,13,14.13,1.054,17.2,motor,
76200,1791190876200,56.628641,-4.641619,51.05,317.7,317.5,10,0.8,-0.003,0.028,1241,51,45.2,13,14.13,1.054,17.2,motor,
76400,1791190876400,56.62866,-4.641651,51.03,317.4,317.5,10,0.8,-0.003,0.03,1238,51,45.3,13,14.13,1.053,17.2,motor,
76600,1791190876600,56.628679,-4.641682,51.01,317.2,317.6,10,0.8,-0.003,0.028,1235,51,45.3,13,14.13,1.053,17.2,motor,
76800,1791190876800,56.628697,-4.641713,50.99,317,317.6,10,0.8,-0.003,0.028,1233,51,45.4,13,14.13,1.053,17.2,motor,
77000,1791190877000,56.628716,-4.641745,50.96,316.8,317.6,10,0.8,-0.003,0.028,1231,51,45.4,13,14.13,1.053,17.2,motor,
77200,1791190877200,56.628734,-4.641777,50.94,316.6,317.7,10,0.8,-0.003,0.028,1231,51,45.5,13,14.13,1.052,17.2,motor,
77400,1791190877400,56.628753,-4.641808,50.92,316.4,317.7,10,0.8,-0.003,0.025,1232,51,45.5,13,14.14,1.052,17.2,motor,
77600,1791190877600,56.628771,-4.64184,50.9,316.1,317.7,10,0.8,-0.003,0.028,1233,51,45.6,13,14.14,1.053,17.2,motor,
77800,1791190877800,56.628789,-4.641872,50.87,315.9,317.7,10,0.8,-0.003,0.028,1235,51,45.6,13,14.14,1.053,17.2,motor,
78000,1791190878000,56.628808,-4.641904,50.85,315.7,317.8,10,0.8,-0.003,0.028,1237,51,45.7,13,14.14,1.053,17.2,motor,
78200,1791190878200,56.628826,-4.641937,50.83,315.5,317.8,10,0.8,-0.003,0.028,1239,51,45.7,13,14.14,1.053,17.2,motor,
78400,1791190878400,56.628844,-4.641969,50.81,315.3,317.8,10,0.8,-0.003,0.028,1239,51,45.8,13,14.14,1.053,17.2,motor,
78600,1791190878600,56.628862,-4.642001,50.78,315.1,317.8,10,0.8,-0.003,0.025,1239,51,45.8,13,14.15,1.053,17.2,motor,
78800,1791190878800,56.62888,-4.642034,50.76,314.9,317.9,10,0.8,-0.003,0.025,1238,51,45.9,13,14.15,1.053,17.2,motor,
79000,1791190879000,56.628898,-4.642067,50.74,314.7,317.9,10,0.8,-0.003,0.025,1235,51,45.9,13,14.15,1.053,17.2,motor,
79200,1791190879200,56.628915,-4.642099,50.71,314.5,317.9,10,0.8,-0.003,0.025,1232,51,46,13,14.15,1.052,17.2,motor,
79400,1791190879400,56.628933,-4.642132,50.69,314.3,317.9,10,0.8,-0.003,0.025,1229,51,46,13,14.15,1.052,17.2,motor,
79600,1791190879600,56.628951,-4.642165,50.67,314.1,318,10,0.8,-0.003,0.025,1226,51,46.1,13,14.15,1.051,17.1,motor,
79800,1791190879800,56.628968,-4.642198,50.64,313.9,318,10,0.8,-0.003,0.025,1224,51,46.1,13,14.15,1.051,17.1,motor,
80000,1791190880000,56.628986,-4.642231,50.62,313.7,318,10,0.8,-0.003,0.025,1223,51,46.1,13,14.15,1.051,17.1,motor,
80200,1791190880200,56.629003,-4.642264,50.59,313.5,318.1,10,0.8,-0.003,0.025,1223,51,46.2,13,14.16,1.051,17.1,motor,
80400,1791190880400,56.629021,-4.642298,50.57,313.3,318.1,10,0.8,-0.003,0.025,1224,51,46.2,13,14.16,1.051,17.1,motor,
80600,1791190880600,56.629038,-4.642331,50.55,313.1,318.1,10,0.8,-0.003,0.025,1225,51,46.3,13,14.16,1.051,17.1,motor,
80800,1791190880800,56.629055,-4.642365,50.52,312.9,318.1,10,0.8,-0.003,0.025,1227,51,46.3,13,14.16,1.051,17.1,motor,
81000,1791190881000,56.629072,-4.642398,50.5,312.7,318.2,10,0.8,-0.003,0.025,1229,50,46.4,13,14.16,1.051,17.1,motor,
81200,1791190881200,56.629089,-4.642432,50.47,312.5,318.2,10,0.8,-0.003,0.025,1230,50,46.4,13,14.16,1.052,17.1,motor,
81400,1791190881400,56.629106,-4.642466,50.45,312.3,318.2,10,0.8,-0.003,0.025,1231,50,46.5,13,14.16,1.052,17.1,motor,
81600,1791190881600,56.629123,-4.6425,50.42,312.1,318.2,10,0.8,-0.004,0.025,1230,50,46.5,13,14.16,1.051,17.1,motor,
81800,1791190881800,56.62914,-4.642534,50.4,311.9,318.3,10,0.8,-0.003,0.025,1229,50,46.6,13,14.16,1.051,17.1,motor,
82000,1791190882000,56.629157,-4.642568,50.37,311.7,318.3,10,0.8,-0.004,0.025,1226,50,46.6,13.1,14.16,1.051,17.1,motor,
82200,1791190882200,56.629174,-4.642602,50.35,311.5,318.3,10,0.8,-0.003,0.025,1223,50,46.7,13.1,14.17,1.05,17.1,motor,
82400,1791190882400,56.62919,-4.642636,50.33,311.3,318.3,10,0.8,-0.003,0.025,1220,50,46.7,13.1,14.17,1.05,17.1,motor,
82600,1791190882600,56.629207,-4.64267,50.3,311.1,318.4,10,0.8,-0.003,0.025,1218,50,46.8,13.1,14.17,1.05,17.1,motor,
82800,1791190882800,56.629223,-4.642705,50.28,311,318.4,10,0.8,-0.003,0.022,1215,50,46.8,13.1,14.17,1.049,17.1,motor,
83000,1791190883000,56.62924,-4.642739,50.25,310.8,318.4,10,0.8,-0.003,0.022,1214,50,46.9,13.1,14.17,1.049,17.1,motor,
83200,1791190883200,56.629256,-4.642774,50.23,310.6,318.4,10,0.8,-0.003,0.022,1214,50,46.9,13.1,14.17,1.049,17,motor,
83400,1791190883400,56.629272,-4.642808,50.2,310.4,318.4,10,0.8,-0.004,0.022,1215,50,47,13.1,14.17,1.049,17,motor,
83600,1791190883600,56.629289,-4.642843,50.18,310.2,318.5,10,0.8,-0.003,0.022,1216,50,47,13.1,14.17,1.049,17,motor,
83800,1791190883800,56.629305,-4.642878,50.15,310,318.5,10,0.8,-0.004,0.025,1218,50,47.1,13.1,14.17,1.049,17,motor,
84000,1791190884000,56.629321,-4.642912,50.13,309.9,318.5,10,0.8,-0.003,0.022,1220,50,47.1,13.1,14.17,1.05,17,motor,
84200,1791190884200,56.629337,-4.642947,50.1,309.7,318.5,10,0.8,-0.004,0.022,1221,50,47.2,13.1,14.17,1.05,17,motor,
84400,1791190884400,56.629353,-4.642982,50.08,309.5,318.6,10,0.8,-0.003,0.022,1222,50,47.2,13.1,14.17,1.05,17,motor,
84600,1791190884600,56.629369,-4.643017,50.05,309.3,318.6,10,0.8,-0.004,0.022,1221,50,47.3,13.1,14.17,1.05,17,motor,
84800,1791190884800,56.629385,-4.643053,50.03,309.2,318.6,10,0.8,-0.003,0.02,1220,50,47.3,13.1,14.17,1.049,17,motor,
85000,1791190885000,56.6294,-4.643088,50,309,318.6,10,0.8,-0.004,0.022,1217,50,47.4,13.1,14.17,1.049,17,motor,
85200,1791190885200,56.629416,-4.643123,49.97,308.8,318.7,10,0.8,-0.004,0.022,1214,50,47.4,13.1,14.17,1.049,17,motor,
85400,1791190885400,56.629432,-4.643158,49.95,308.6,318.7,10,0.8,-0.004,0.022,1211,50,47.5,13.1,14.17,1.048,17,motor,
85600,1791190885600,56.629447,-4.643194,49.92,308.5,318.7,10,0.8,-0.004,0.02,1208,50,47.5,13.1,14.17,1.048,17,motor,
85800,1791190885800,56.629463,-4.643229,49.9,308.3,318.7,10,0.8,-0.004,0.022,1206,50,47.6,13.1,14.17,1.048,17,motor,
86000,1791190886000,56.629478,-4.643265,49.87,308.1,318.7,10,0.8,-0.004,0.022,1205,50,47.6,13.1,14.17,1.047,17,motor,
86200,1791190886200,56.629493,-4.6433,49.85,308,318.8,10,0.8,-0.003,0.02,1205,50,47.6,13.1,14.17,1.047,17,motor,
86400,1791190886400,56.629509,-4.643336,49.82,307.8,318.8,10,0.8,-0.004,0.02,1206,50,47.7,13.1,14.17,1.047,17,motor,
86600,1791190886600,56.629524,-4.643372,49.8,307.6,318.8,10,0.8,-0.003,0.022,1207,50,47.7,13.1,14.17,1.048,17,motor,
86800,1791190886800,56.629539,-4.643407,49.77,307.5,318.8,10,0.8,-0.004,0.02,1209,50,47.8,13.1,14.17,1.048,17,motor,
87000,1791190887000,56.629554,-4.643443,49.75,307.3,318.9,10,0.8,-0.003,0.02,1211,50,47.8,13.1,14.17,1.048,16.9,motor,
87200,1791190887200,56.629569,-4.643479,49.72,307.1,318.9,10,0.8,-0.004,0.022,1212,50,47.9,13.1,14.17,1.048,16.9,motor,
87400,1791190887400,56.629584,-4.643515,49.7,307,318.9,10,0.8,-0.003,0.02,1213,50,47.9,13.1,14.17,1.048,16.9,motor,
87600,1791190887600,56.629599,-4.643551,49.67,306.8,318.9,10,0.8,-0.004,0.02,1212,50,48,13.1,14.16,1.048,16.9,motor,
87800,1791190887800,56.629614,-4.643587,49.65,306.7,318.9,10,0.8,-0.003,0.02,1210,50,48,13.1,14.16,1.048,16.9,motor,
88000,1791190888000,56.629629,-4.643623,49.63,306.5,319,10,0.8,-0.003,0.02,1208,50,48.1,13.1,14.16,1.047,16.9,motor,
88200,1791190888200,56.629643,-4.64366,49.6,306.3,319,10,0.8,-0.003,0.02,1205,50,48.1,13.1,14.16,1.047,16.9,motor,
88400,1791190888400,56.629658,-4.643696,49.58,306.2,319,10,0.8,-0.003,0.02,1202,50,48.2,13.1,14.16,1.047,16.9,motor,
88600,1791190888600,56.629673,-4.643732,49.55,306,319,10,0.8,-0.003,0.02,1199,50,48.2,13.1,14.16,1.046,16.9,motor,
88800,1791190888800,56.629687,-4.643768,49.53,305.9,319.1,10,0.8,-0.003,0.02,1197,50,48.3,13.1,14.16,1.046,16.9,motor,
89000,1791190889000,56.629702,-4.643805,49.5,305.7,319.1,10,0.8,-0.004,0.02,1196,50,48.3,13.2,14.16,1.046,16.9,motor,
89200,1791190889200,56.629716,-4.643841,49.48,305.6,319.1,10,0.8,-0.003,0.017,1196,49,48.4,13.2,14.16,1.046,16.9,motor,
89400,1791190889400,56.62973,-4.643878,49.45,305.4,319.1,10,0.8,-0.004,0.02,1197,49,48.4,13.2,14.16,1.046,16.9,motor,
89600,1791190889600,56.629745,-4.643914,49.43,305.3,319.1,10,0.8,-0.003,0.017,1198,49,48.4,13.2,14.15,1.046,16.9,motor,
89800,1791190889800,56.629759,-4.643951,49.41,305.1,319.2,10,0.8,-0.003,0.02,1200,49,48.5,13.2,14.15,1.046,16.9,motor,
90000,1791190890000,56.629773,-4.643988,49.38,304.9,319.2,10,0.8,-0.003,0.02,1202,49,48.5,13.2,14.15,1.046,16.9,motor,
90200,1791190890200,56.629787,-4.644024,49.36,304.8,319.2,10,0.8,-0.003,0.02,1203,49,48.6,13.2,14.15,1.046,16.9,motor,
90400,1791190890400,56.629801,-4.644061,49.33,304.7,319.2,10,0.8,-0.003,0.017,1204,49,48.6,13.2,14.15,1.046,16.9,motor,
90600,1791190890600,56.629815,-4.644098,49.31,304.5,319.2,10,0.8,-0.003,0.02,1203,49,48.7,13.2,14.15,1.046,16.8,motor,
90800,1791190890800,56.629829,-4.644135,49.29,304.4,319.3,10,0.8,-0.003,0.017,1202,49,48.7,13.2,14.15,1.046,16.8,motor,
91000,1791190891000,56.629843,-4.644172,49.26,304.2,319.3,10,0.8,-0.003,0.017,1199,49,48.8,13.2,14.15,1.046,16.8,motor,
91200,1791190891200,56.629857,-4.644209,49.24,304.1,319.3,10,0.8,-0.003,0.017,1196,49,48.8,13.2,14.14,1.045,16.8,motor,
91400,1791190891400,56.629871,-4.644246,49.22,303.9,319.3,10,0.8,-0.003,0.019,1193,49,48.9,13.2,14.14,1.045,16.8,motor,
91600,1791190891600,56.629884,-4.644283,49.19,303.8,319.3,10,0.8,-0.003,0.017,1190,49,48.9,13.2,14.14,1.045,16.8,motor,
91800,1791190891800,56.629898,-4.64432,49.17,303.6,319.4,10,0.8,-0.003,0.019,1188,49,49,13.2,14.14,1.044,16.8,motor,
92000,1791190892000,56.629912,-4.644357,49.15,303.5,319.4,10,0.8,-0.003,0.017,1187,49,49,13.2,14.14,1.044,16.8,motor,
92200,1791190892200,56.629925,-4.644394,49.13,303.4,319.4,10,0.8,-0.003,0.017,1187,49,49,13.2,14.14,1.044,16.8,motor,
92400,1791190892400,56.629939,-4.644431,49.1,303.2,319.4,10,0.8,-0.003,0.017,1188,49,49.1,13.2,14.14,1.044,16.8,motor,
92600,1791190892600,56.629952,-4.644469,49.08,303.1,319.4,10,0.8,-0.003,0.017,1190,49,49.1,13.2,14.13,1.044,16.8,motor,
92800,1791190892800,56.629965,-4.644506,49.06,302.9,319.5,10,0.8,-0.003,0.017,1192,49,49.2,13.2,14.13,1.045,16.8,motor,
93000,1791190893000,56.629979,-4.644543,49.04,302.8,319.5,10,0.8,-0.003,0.017,1194,49,49.2,13.2,14.13,1.045,16.8,motor,
93200,1791190893200,56.629992,-4.644581,49.01,302.7,319.5,10,0.8,-0.003,0.017,1195,49,49.3,13.2,14.13,1.045,16.8,motor,
93400,1791190893400,56.630005,-4.644618,48.99,302.5,319.5,10,0.8,-0.003,0.017,1195,49,49.3,13.2,14.13,1.045,16.8,motor,
93600,1791190893600,56.630018,-4.644656,48.97,302.4,319.5,10,0.8,-0.003,0.017,1195,49,49.4,13.2,14.13,1.045,16.8,motor,
93800,1791190893800,56.630031,-4.644693,48.95,302.3,319.5,10,0.8,-0.003,0.015,1193,49,49.4,13.2,14.12,1.045,16.8,motor,
94000,1791190894000,56.630044,-4.644731,48.93,302.1,319.6,10,0.8,-0.003,0.017,1191,49,49.5,13.2,14.12,1.044,16.8,motor,
94200,1791190894200,56.630057,-4.644768,48.91,302,319.6,10,0.8,-0.003,0.017,1188,49,49.5,13.2,14.12,1.044,16.8,motor,
94400,1791190894400,56.63007,-4.644806,48.89,301.9,319.6,10,0.8,-0.003,0.015,1185,49,49.5,13.2,14.12,1.044,16.8,motor,
94600,1791190894600,56.630083,-4.644844,48.87,301.7,319.6,10,0.8,-0.003,0.017,1182,49,49.6,13.2,14.12,1.043,16.8,motor,
94800,1791190894800,56.630096,-4.644881,48.84,301.6,319.6,10,0.8,-0.003,0.017,1180,49,49.6,13.2,14.12,1.043,16.7,motor,
95000,1791190895000,56.630109,-4.644919,48.82,301.5,319.7,10,0.8,-0.003,0.014,1179,49,49.7,13.2,14.11,1.043,16.7,motor,
95200,1791190895200,56.630121,-4.644957,48.8,301.3,319.7,10,0.8,-0.003,0.017,1180,49,49.7,13.2,14.11,1.043,16.7,motor,
95400,1791190895400,56.630134,-4.644995,48.78,301.2,319.7,10,0.8,-0.003,0.017,1181,49,49.8,13.2,14.11,1.043,16.7,motor,
95600,1791190895600,56.630147,-4.645032,48.76,301.1,319.7,10,0.8,-0.003,0.014,1182,49,49.8,13.2,14.11,1.043,16.7,motor,
95800,1791190895800,56.630159,-4.64507,48.74,300.9,319.7,10,0.8,-0.003,0.017,1184,49,49.9,13.2,14.11,1.043,16.7,motor,
96000,1791190896000,56.630172,-4.645108,48.73,300.8,319.7,10,0.8,-0.003,0.017,1186,49,49.9,13.2,14.11,1.044,16.7,motor,
96200,1791190896200,56.630184,-4.645146,48.71,300.7,319.8,10,0.8,-0.003,0.014,1187,49,50,13.3,14.1,1.044,16.7,motor,
96400,1791190896400,56.630197,-4.645184,48.69,300.6,319.8,10,0.8,-0.003,0.014,1188,49,50,13.3,14.1,1.044,16.7,motor,
96600,1791190896600,56.630209,-4.645222,48.67,300.4,319.8,10,0.8,-0.003,0.017,1187,49,50,13.3,14.1,1.044,16.7,motor,
96800,1791190896800,56.630221,-4.64526,48.65,300.3,319.8,10,0.8,-0.003,0.014,1186,49,50.1,13.3,14.1,1.043,16.7,motor,
97000,1791190897000,56.630233,-4.645298,48.63,300.2,319.8,11,0.8,-0.003,0.014,1184,49,50.1,13.3,14.1,1.043,16.7,motor,
97200,1791190897200,56.630246,-4.645337,48.61,300.1,319.8,11,0.8,-0.003,0.014,1181,49,50.2,13.3,14.1,1.043,16.7,motor,
97400,1791190897400,56.630258,-4.645375,48.59,300,319.9,11,0.8,-0.003,0.014,1178,49,50.2,13.3,14.09,1.042,16.7,motor,
97600,1791190897600,56.63027,-4.645413,48.58,299.8,319.9,11,0.8,-0.003,0.014,1175,49,50.3,13.3,14.09,1.042,16.7,motor,
97800,1791190897800,56.630282,-4.645451,48.56,299.7,319.9,11,0.8,-0.003,0.014,1173,49,50.3,13.3,14.09,1.042,16.7,motor,
98000,1791190898000,56.630294,-4.645489,48.54,299.6,319.9,11,0.8,-0.003,0.014,1173,49,50.4,13.3,14.09,1.042,16.7,motor,
98200,1791190898200,56.630306,-4.645528,48.52,299.5,319.9,11,0.8,-0.003,0.014,1173,49,50.4,13.3,14.09,1.042,16.7,motor,
98400,1791190898400,56.630318,-4.645566,48.51,299.4,319.9,11,0.8,-0.002,0.014,1174,49,50.4,13.3,14.09,1.042,16.7,motor,
98600,1791190898600,56.63033,-4.645604,48.49,299.2,320,11,0.8,-0.003,0.014,1176,48,50.5,13.3,14.09,1.042,16.7,motor,
98800,1791190898800,56.630341,-4.645643,48.48,299.1,320,11,0.8,-0.002,0.014,1178,48,50.5,13.3,14.09,1.042,16.7,motor,
99000,1791190899000,56.630353,-4.645681,48.46,299,320,11,0.8,-0.002,0.014,1180,48,50.6,13.3,14.08,1.042,16.7,motor,
99200,1791190899200,56.630365,-4.64572,48.44,298.9,320,11,0.8,-0.002,0.014,1181,48,50.6,13.3,14.08,1.043,16.7,motor,
99400,1791190899400,56.630377,-4.645758,48.43,298.8,320,11,0.8,-0.002,0.014,1182,48,50.7,13.3,14.08,1.043,16.7,motor,
99600,1791190899600,56.630388,-4.645797,48.41,298.7,320,11,0.8,-0.002,0.012,1181,48,50.7,13.3,14.08,1.043,16.7,motor,
99800,1791190899800,56.6304,-4.645835,48.4,298.5,320.1,11,0.8,-0.002,0.014,1180,48,50.8,13.3,14.08,1.042,16.6,motor,
100000,1791190900000,56.630411,-4.645874,48.38,298.4,320.1,11,0.8,-0.002,0.014,1178,48,50.8,13.3,14.08,1.042,16.6,motor,
100200,1791190900200,56.630423,-4.645912,48.37,298.3,320.1,11,0.8,-0.002,0.014,1175,48,50.8,13.3,14.08,1.042,16.6,motor,
100400,1791190900400,56.630434,-4.645951,48.35,298.2,320.1,11,0.8,-0.002,0.014,1172,48,50.9,13.3,14.08,1.041,16.6,motor,
100600,1791190900600,56.630446,-4.645989,48.34,298.1,320.1,11,0.8,-0.002,0.014,1169,48,50.9,13.3,14.08,1.041,16.6,motor,
100800,1791190900800,56.630457,-4.646028,48.32,298,320.1,11,0.8,-0.002,0.012,1168,48,51,13.3,14.08,1.041,16.6,motor,
101000,1791190901000,56.630468,-4.646067,48.31,297.9,320.1,11,0.8,-0.002,0.012,1167,48,51,13.3,14.07,1.041,16.6,motor,
101200,1791190901200,56.63048,-4.646106,48.3,297.8,320.2,11,0.8,-0.002,0.012,1167,48,51.1,13.3,14.07,1.041,16.6,motor,
101400,1791190901400,56.630491,-4.646144,48.28,297.7,320.2,11,0.8,-0.002,0.012,1169,48,51.1,13.3,14.07,1.041,16.6,motor,
101600,1791190901600,56.630502,-4.646183,48.27,297.5,320.2,11,0.8,-0.002,0.014,1170,48,51.1,13.3,14.07,1.041,16.6,motor,
101800,1791190901800,56.630513,-4.646222,48.26,297.4,320.2,11,0.8,-0.002,0.014,1173,48,51.2,13.3,14.07,1.041,16.6,motor,
102000,1791190902000,56.630524,-4.646261,48.25,297.3,320.2,11,0.8,-0.002,0.014,1175,48,51.2,13.3,14.07,1.042,16.6,motor,
102200,1791190902200,56.630535,-4.6463,48.24,297.2,320.2,11,0.8,-0.002,0.014,1176,48,51.3,13.3,14.07,1.042,16.6,motor,
102400,1791190902400,56.630546,-4.646339,48.22,297.1,320.2,11,0.8,-0.002,0.014,1177,48,51.3,13.3,14.07,1.042,16.6,motor,
102600,1791190902600,56.630557,-4.646378,48.21,297,320.3,11,0.8,-0.002,0.012,1176,48,51.4,13.3,14.07,1.042,16.6,motor,
102800,1791190902800,56.630568,-4.646417,48.2,296.9,320.3,11,0.8,-0.002,0.012,1175,48,51.4,13.3,14.07,1.042,16.6,motor,
103000,1791190903000,56.630579,-4.646456,48.19,296.8,320.3,11,0.8,-0.002,0.012,1173,48,51.4,13.3,14.07,1.041,16.6,motor,
103200,1791190903200,56.63059,-4.646495,48.18,296.7,320.3,11,0.8,-0.002,0.012,1170,48,51.5,13.3,14.07,1.041,16.6,motor,
103400,1791190903400,56.630601,-4.646534,48.17,296.6,320.3,11,0.8,-0.001,0.012,1167,48,51.5,13.3,14.07,1.041,16.6,motor,
103600,1791190903600,56.630611,-4.646573,48.16,296.5,320.3,11,0.8,-0.001,0.012,1165,48,51.6,13.3,14.07,1.04,16.6,motor,
103800,1791190903800,56.630622,-4.646612,48.15,296.4,320.3,11,0.8,-0.001,0.012,1163,48,51.6,13.3,14.07,1.04,16.6,motor,
104000,1791190904000,56.630633,-4.646651,48.14,296.3,320.4,11,0.8,-0.001,0.012,1163,48,51.7,13.4,14.07,1.04,16.6,motor,
104200,1791190904200,56.630644,-4.64669,48.13,296.2,320.4,11,0.8,-0.001,0.012,1163,48,51.7,13.4,14.07,1.04,16.6,motor,
104400,1791190904400,56.630654,-4.646729,48.12,296.1,320.4,11,0.8,-0.001,0.012,1165,48,51.7,13.4,14.07,1.04,16.6,motor,
104600,1791190904600,56.630665,-4.646768,48.11,296,320.4,11,0.8,-0.001,0.012,1167,48,51.8,13.4,14.07,1.04,16.6,motor,
104800,1791190904800,56.630675,-4.646808,48.11,295.9,320.4,11,0.8,-0.001,0.012,1169,48,51.8,13.4,14.07,1.041,16.6,motor,
105000,1791190905000,56.630686,-4.646847,48.1,295.8,320.4,11,0.8,-0.001,0.012,1171,48,51.9,13.4,14.07,1.041,16.6,motor,
105200,1791190905200,56.630696,-4.646886,48.09,295.7,320.4,11,0.8,-0.001,0.012,1173,48,51.9,13.4,14.07,1.041,16.6,motor,
105400,1791190905400,56.630706,-4.646926,48.08,295.6,320.4,11,0.8,-0.001,0.012,1173,48,52,13.4,14.07,1.041,16.6,motor,
105600,1791190905600,56.630717,-4.646965,48.08,295.5,320.5,11,0.8,-0.001,0.012,1173,48,52,13.4,14.07,1.041,16.6,motor,
105800,1791190905800,56.630727,-4.647004,48.07,295.4,320.5,11,0.8,-0.001,0.012,1172,48,52,13.4,14.07,1.041,16.6,motor,
106000,1791190906000,56.630737,-4.647044,48.06,295.3,320.5,11,0.9,-0.001,0.012,1170,48,52.1,13.4,14.07,1.041,16.6,motor,
106200,1791190906200,56.630748,-4.647083,48.06,295.2,320.5,11,0.9,-0.001,0.012,1167,48,52.1,13.4,14.07,1.04,16.6,motor,
106400,1791190906400,56.630758,-4.647123,48.05,295.1,320.5,11,0.9,-0.001,0.012,1164,48,52.2,13.4,14.08,1.04,16.6,motor,
106600,1791190906600,56.630768,-4.647162,48.05,295,320.5,11,0.9,-0.001,0.012,1162,48,52.2,13.4,14.08,1.04,16.6,motor,
106800,1791190906800,56.630778,-4.647202,48.04,294.9,320.5,11,0.9,-0.001,0.012,1161,48,52.3,13.4,14.08,1.04,16.6,motor,
107000,1791190907000,56.630788,-4.647241,48.04,294.8,320.5,11,0.9,-0.001,0.012,1160,48,52.3,13.4,14.08,1.04,16.6,motor,
107200,1791190907200,56.630798,-4.647281,48.03,294.7,320.6,11,0.9,-0.001,0.012,1161,48,52.3,13.4,14.08,1.04,16.6,motor,
107400,1791190907400,56.630808,-4.64732,48.03,294.6,320.6,11,0.9,-0.001,0.012,1162,48,52.4,13.4,14.08,1.04,16.6,motor,
107600,1791190907600,56.630818,-4.64736,48.02,294.5,320.6,11,0.9,-0.001,0.012,1165,48,52.4,13.4,14.08,1.04,16.6,motor,
107800,1791190907800,56.630828,-4.647399,48.02,294.4,320.6,11,0.9,-0.001,0.012,1167,48,52.5,13.4,14.08,1.04,16.6,motor,
108000,1791190908000,56.630838,-4.647439,48.02,294.3,320.6,11,0.9,-0.001,0.012,1169,48,52.5,13.4,14.08,1.041,16.6,motor,
108200,1791190908200,56.630848,-4.647479,48.01,294.2,320.6,11,0.9,-0.001,0.012,1171,48,52.5,13.4,14.08,1.041,16.6,motor,
108400,1791190908400,56.630858,-4.647519,48.01,294.2,320.6,11,0.9,-0.001,0.009,1172,48,52.6,13.4,14.08,1.041,16.6,motor,
108600,1791190908600,56.630868,-4.647558,48.01,294.1,320.6,11,0.9,0,0.009,1171,48,52.6,13.4,14.09,1.041,16.6,motor,
108800,1791190908800,56.630877,-4.647598,48.01,294,320.6,11,0.9,0,0.009,1170,48,52.7,13.4,14.09,1.041,16.6,motor,
109000,1791190909000,56.630887,-4.647638,48,293.9,320.7,11,0.9,-0.001,0.009,1168,48,52.7,13.4,14.09,1.041,16.6,motor,
109200,1791190909200,56.630897,-4.647678,48,293.8,320.7,11,0.9,0,0.009,1166,48,52.8,13.4,14.09,1.04,16.6,motor,
109400,1791190909400,56.630906,-4.647717,48,293.7,320.7,11,0.9,0,0.012,1163,48,52.8,13.4,14.09,1.04,16.6,motor,
109600,1791190909600,56.630916,-4.647757,48,293.6,320.7,11,0.9,0,0.012,1161,48,52.8,13.4,14.09,1.04,16.6,motor,
109800,1791190909800,56.630926,-4.647797,48,293.5,320.7,11,0.9,0,0.012,1160,48,52.9,13.4,14.09,1.04,16.6,motor,
110000,1791190910000,56.630935,-4.647837,48,293.4,320.7,11,0.9,0,0.012,1626,48,52.9,13.4,14.1,1.09,16.6,motor,
110200,1791190910200,56.630945,-4.647877,47.98,293.3,320.7,11,0.9,-0.001,0.012,1626,48,53,13.4,14.1,1.09,16.6,motor,
110400,1791190910400,56.630954,-4.647917,47.92,293.3,320.7,11,0.9,-0.002,0.009,1625,48,53,13.4,14.1,1.089,16.5,motor,
110600,1791190910600,56.630964,-4.647957,47.81,293.2,320.7,11,0.9,-0.005,0.009,1624,48,53,13.4,14.1,1.089,16.5,motor,
110800,1791190910800,56.630973,-4.647997,47.66,293.1,320.7,11,0.9,-0.01,0.009,1621,48,53.1,13.4,14.1,1.089,16.5,motor,
111000,1791190911000,56.630982,-4.648036,47.48,293,320.8,11,0.9,-0.015,0.009,1617,47,53.1,13.4,14.1,1.088,16.4,motor,
111200,1791190911200,56.630992,-4.648076,47.25,292.9,320.8,11,0.9,-0.021,0.009,1611,47,53.2,13.5,14.1,1.01,0,motor,
111400,1791190911400,56.631001,-4.648115,46.98,292.8,320.8,11,0.9,-0.027,0.012,1603,47,53.2,13.5,14.11,1.01,0,motor,
111600,1791190911600,56.63101,-4.648155,46.67,292.7,320.8,11,0.9,-0.032,0.012,1592,47,53.2,13.5,14.11,1.01,0,motor,
111800,1791190911800,56.631019,-4.648193,46.31,292.7,320.8,11,0.9,-0.038,0.009,1579,46,53.3,13.5,14.11,1.01,0,motor,
112000,1791190912000,56.631028,-4.648232,45.93,292.6,320.8,11,0.9,-0.044,0.009,1564,46,53.3,13.5,14.11,1.01,0,motor,
112200,1791190912200,56.631036,-4.64827,45.5,292.5,320.8,11,0.9,-0.05,0.009,1547,45,53.4,13.5,14.11,1.01,0,motor,
112400,1791190912400,56.631045,-4.648308,45.03,292.4,320.8,11,0.9,-0.055,0.009,1528,45,53.4,13.5,14.11,1.01,0,motor,
112600,1791190912600,56.631054,-4.648346,44.53,292.3,320.8,11,0.9,-0.061,0.009,1509,45,53.5,13.5,14.12,1.01,0,motor,
112800,1791190912800,56.631062,-4.648383,43.99,292.3,320.8,11,0.9,-0.066,0.009,1490,44,53.5,13.5,14.12,1.01,0,motor,
113000,1791190913000,56.63107,-4.64842,43.42,292.2,320.8,11,0.9,-0.071,0.009,1470,43,53.5,13.5,14.12,1.01,0,motor,
113200,1791190913200,56.631078,-4.648456,42.81,292.1,320.9,11,0.9,-0.076,0.009,1450,43,53.6,13.6,14.12,1.01,0,motor,
113400,1791190913400,56.631086,-4.648492,42.17,292,320.9,11,0.9,-0.081,0.009,1430,42,53.6,13.6,14.12,1.01,0,motor,
113600,1791190913600,56.631094,-4.648527,41.5,292,320.9,11,0.9,-0.086,0.006,1409,41,53.7,13.6,14.12,1.01,0,motor,
113800,1791190913800,56.631102,-4.648561,40.79,291.9,320.9,11,0.9,-0.091,0.008,1388,41,53.7,13.6,14.13,1.01,0,motor,
114000,1791190914000,56.631109,-4.648595,40.06,291.8,320.9,11,0.9,-0.095,0.008,1365,40,53.7,13.6,14.13,1.01,0,motor,
114200,1791190914200,56.631117,-4.648629,39.3,291.8,320.9,11,0.9,-0.099,0.006,1341,39,53.8,13.6,14.13,1.01,0,motor,
114400,1791190914400,56.631124,-4.648662,38.51,291.7,320.9,11,0.9,-0.104,0.006,1315,39,53.8,13.7,14.13,1.01,0,motor,
114600,1791190914600,56.631131,-4.648694,37.7,291.6,320.9,11,0.9,-0.108,0.008,1287,38,53.9,13.7,14.13,1.01,0,motor,
114800,1791190914800,56.631138,-4.648725,36.86,291.6,320.9,11,0.9,-0.111,0.006,1257,37,53.9,13.7,14.13,1.01,0,motor,
115000,1791190915000,56.631144,-4.648756,36,291.5,320.9,11,0.9,-0.115,0.006,1226,36,53.9,13.7,14.14,1.01,0,motor,
115200,1791190915200,56.631151,-4.648786,35.12,291.4,320.9,11,0.9,-0.118,0.007,1194,35,54,13.7,14.14,1.01,0,motor,
115400,1791190915400,56.631157,-4.648815,34.22,291.4,320.9,11,0.9,-0.122,0.005,1161,34,54,13.8,14.14,1.01,0,motor,
115600,1791190915600,56.631163,-4.648844,33.3,291.3,320.9,11,0.9,-0.125,0.005,1127,33,54.1,13.8,14.14,1.01,0,motor,
115800,1791190915800,56.631169,-4.648871,32.37,291.3,320.9,11,0.9,-0.127,0.005,1094,32,54.1,13.8,14.14,1.01,0,motor,
116000,1791190916000,56.631175,-4.648898,31.42,291.2,320.9,11,0.9,-0.13,0.005,1062,31,54.1,13.8,14.14,1.01,0,motor,
116200,1791190916200,56.631181,-4.648925,30.45,291.2,321,11,0.9,-0.132,0.003,1030,30,54.2,13.8,14.14,1.01,0,motor,
116400,1791190916400,56.631186,-4.64895,29.48,291.1,321,11,0.9,-0.134,0.005,1521,29,54.2,13.9,14.15,1.01,0,motor,
116600,1791190916600,56.631191,-4.648974,28.5,291.1,321,11,0.9,-0.136,0.003,1473,28,54.3,13.9,14.15,1.01,0,motor,
116800,1791190916800,56.631196,-4.648998,27.51,291,321,11,0.9,-0.138,0.004,1424,28,54.3,13.9,14.15,1.01,0,motor,
117000,1791190917000,56.631201,-4.649021,26.51,291,321,11,0.9,-0.139,0.003,1375,27,54.3,13.9,14.15,1.01,0,motor,
117200,1791190917200,56.631206,-4.649043,25.51,290.9,321,11,0.9,-0.14,0.004,1324,26,54.4,14,14.15,1.01,0,motor,
117400,1791190917400,56.63121,-4.649064,24.5,290.9,321,11,0.9,-0.141,0.003,1273,25,54.4,14,14.15,1.01,0,motor,
117600,1791190917600,56.631215,-4.649085,23.5,290.9,321,11,0.9,-0.142,0.003,1221,23,54.5,14,14.15,1.01,0,motor,
117800,1791190917800,56.631219,-4.649104,22.49,290.8,321,11,0.9,-0.142,0.002,1168,22,54.5,14,14.16,1.01,0,motor,
118000,1791190918000,56.631223,-4.649123,21.49,290.8,321,11,0.9,-0.142,0.002,1114,21,54.5,14,14.16,1.01,0,motor,
118200,1791190918200,56.631226,-4.649141,20.49,290.8,321,11,0.9,-0.142,0.001,1060,20,54.6,14.1,14.16,1.01,0,motor,
118400,1791190918400,56.63123,-4.649157,19.5,290.7,321,11,0.9,-0.142,0.002,1006,20,54.6,14.1,14.16,1.01,0,motor,
118600,1791190918600,56.631233,-4.649174,18.52,290.7,321,11,0.9,-0.141,0.002,953,19,54.7,14.1,14.16,1.01,0,motor,
118800,1791190918800,56.631236,-4.649189,17.55,290.7,321,11,0.9,-0.14,0.001,902,18,54.7,14.1,14.16,1.01,0,motor,
119000,1791190919000,56.631239,-4.649203,16.58,290.6,321,11,0.9,-0.139,0.002,852,17,54.7,14.2,14.01,1.01,0,motor,
119200,1791190919200,56.631242,-4.649217,15.63,290.6,321,11,0.9,-0.138,0.002,1396,16,54.8,14.2,14.16,1.01,0,motor,
119400,1791190919400,56.631245,-4.64923,14.7,290.6,321,11,0.9,-0.136,0.001,1314,15,54.8,14.2,14.16,1.01,0,motor,
119600,1791190919600,56.631247,-4.649242,13.78,290.6,321,11,0.9,-0.134,0.001,1234,14,54.8,14.2,14.16,1.01,0,motor,
119800,1791190919800,56.63125,-4.649253,12.88,290.6,321,11,0.9,-0.132,0.001,1156,13,54.9,14.2,14.16,1.01,0,motor,
120000,1791190920000,56.631252,-4.649264,12,290.5,321,11,0.9,-0.13,0.001,1079,12,54.9,14.3,14.17,1.01,0,motor,
120200,1791190920200,56.631254,-4.649274,11.14,290.5,321,11,0.9,-0.127,0.001,1003,11,55,14.3,14.17,1.01,0,motor,
120400,1791190920400,56.631256,-4.649283,10.3,290.5,321,11,0.9,-0.125,0.001,929,10,55,14.3,14.17,1.01,0,motor,
120600,1791190920600,56.631258,-4.649291,9.49,290.5,321,11,0.9,-0.122,0.001,856,9,55,14.3,14.02,1.01,0,motor,
120800,1791190920800,56.631259,-4.649299,8.7,290.5,321,11,0.9,-0.118,0.001,784,9,55.1,14.3,14.02,1.01,0,motor,
121000,1791190921000,56.631261,-4.649306,7.94,290.5,321,11,0.9,-0.115,0,1199,8,55.1,14.3,14.17,1.01,0,motor,
121200,1791190921200,56.631262,-4.649312,7.21,290.4,321,11,0.9,-0.111,0,1156,7,55.2,14.4,14.17,1.01,0,motor,
121400,1791190921400,56.631263,-4.649318,6.5,290.4,321,11,0.9,-0.108,0,1115,7,55.2,14.4,14.17,1.01,0,motor,
121600,1791190921600,56.631264,-4.649324,5.83,290.4,321,11,0.9,-0.104,0,1076,6,55.2,14.4,14.17,1.01,0,motor,
121800,1791190921800,56.631265,-4.649328,5.19,290.4,321,11,0.9,-0.099,0,1040,5,55.3,14.4,14.17,1.01,0,motor,
122000,1791190922000,56.631266,-4.649332,4.58,290.4,321,11,0.9,-0.095,0,1006,5,55.3,14.4,14.17,1.01,0,motor,
122200,1791190922200,56.631267,-4.649336,4.01,290.4,321,11,0.9,-0.091,0,976,4,55.3,14.4,14.17,1.01,0,motor,
122400,1791190922400,56.631267,-4.649339,3.47,290.4,321,11,0.9,-0.086,0,948,3,55.4,14.5,14.17,1.01,0,motor,
122600,1791190922600,56.631268,-4.649342,2.97,290.4,321,11,0.9,-0.081,0,922,3,55.4,14.5,14.17,1.01,0,motor,
122800,1791190922800,56.631268,-4.649344,2.5,290.4,321,11,0.9,-0.076,0,899,3,55.5,14.5,14.02,1.01,0,motor,
123000,1791190923000,56.631269,-4.649346,2.07,290.4,321,11,0.9,-0.071,0,878,2,55.5,14.5,14.02,1.01,0,motor,
123200,1791190923200,56.631269,-4.649348,1.69,290.4,321,11,0.9,-0.066,0,858,2,55.5,14.5,14.02,1.01,0,motor,
123400,1791190923400,56.631269,-4.649349,1.33,290.4,321,11,0.9,-0.061,0,839,1,55.6,14.5,14.02,1.01,0,motor,
123600,1791190923600,56.63127,-4.64935,1.02,290.4,321,11,0.9,-0.055,0,822,1,55.6,14.5,14.02,1.01,0,motor,
123800,1791190923800,56.63127,-4.649351,0.75,290.4,321,11,0.9,-0.05,0,806,1,55.7,14.5,14.02,1.01,0,motor,
124000,1791190924000,56.63127,-4.649351,0.52,290.4,321,11,0.9,-0.044,0,791,1,55.7,14.5,14.02,1.01,6.1,motor,
124200,1791190924200,56.63127,-4.649352,0.34,290.4,321,11,0.9,-0.038,0,778,0,55.7,14.5,14.02,1.01,6.1,motor,
124400,1791190924400,56.63127,-4.649352,0.19,290.4,321,11,0.9,-0.032,0,768,0,55.8,14.5,14.02,1.01,6,motor,
124600,1791190924600,56.63127,-4.649352,0.08,290.4,321,11,0.9,-0.027,0,760,0,55.8,14.5,14.02,1.01,6,motor,
124800,1791190924800,56.63127,-4.649352,0.02,290.4,321,11,0.9,-0.021,0,755,0,55.8,14.5,14.02,1.01,6,motor,
125000,1791190925000,56.63127,-4.649352,0,290.4,321,11,0.9,-0.015,0,754,0,55.9,14.5,14.02,1.01,6,motor,
125200,1791190925200,56.63127,-4.649352,0,290.4,321,11,0.9,-0.01,0,755,0,55.9,14.6,14.02,1.01,6,motor,
125400,1791190925400,56.63127,-4.649352,0,290.4,321,11,0.9,-0.005,0,757,0,56,14.6,14.01,1.01,6,motor,
125600,1791190925600,56.63127,-4.649352,0,290.4,321,11,0.9,-0.002,0,759,0,56,14.6,14.01,1.01,6,motor,
125800,1791190925800,56.63127,-4.649352,0,290.4,321,11,0.9,-0.001,0,762,0,56,14.6,14.01,1.01,6,motor,
126000,1791190926000,56.63127,-4.649352,0,290.4,321,11,0.9,0,0,764,0,56.1,14.6,14.01,1.01,6,motor,
126200,1791190926200,56.63127,-4.649352,0,290.4,321,11,0.9,0,0,765,0,56.1,14.6,14.01,1.01,6,motor,
126400,1791190926400,56.63127,-4.649352,0,290.4,321,11,0.9,0,0,766,0,56.1,14.6,14.01,1.01,6,motor,
126600,1791190926600,56.63127,-4.649352,0,290.4,321,11,0.9,0,0,766,0,56.2,14.6,14.01,1.01,6,motor,
126800,1791190926800,56.63127,-4.649352,0,290.4,321,11,0.9,0,0,764,0,56.2,14.6,14.01,1.01,6,motor,
127000,1791190927000,56.63127,-4.649352,0,290.4,321,11,0.9,0,0,762,0,56.3,14.6,14.01,1.01,6,motor,
127200,1791190927200,56.63127,-4.649352,0,290.4,321,11,0.9,0,0,759,0,56.3,14.6,14.01,1.01,6,motor,
127400,1791190927400,56.63127,-4.649352,0,290.4,321,11,0.9,0,0,757,0,56.3,14.6,14,1.01,6,motor,
127600,1791190927600,56.63127,-4.649352,0,290.4,321,11,0.9,0,0,755,0,56.4,14.6,14,1.01,6,motor,
127800,1791190927800,56.63127,-4.649352,0,290.4,321,11,0.9,0,0,754,0,56.4,14.6,14,1.01,6,motor,
128000,1791190928000,56.63127,-4.649352,0,290.4,321,11,0.9,0,0,754,0,56.4,14.6,14,1.01,6,motor,
128200,1791190928200,56.63127,-4.649352,0,290.4,321,11,0.9,0,0,755,0,56.5,14.6,14,1.01,6,motor,
128400,1791190928400,56.63127,-4.649352,0,290.4,321,11,0.9,0,0,757,0,56.5,14.6,14,1.01,6,motor,
128600,1791190928600,56.63127,-4.649352,0,290.4,321,11,0.9,0,0,759,0,56.6,14.6,14,1.01,6,motor,
128800,1791190928800,56.63127,-4.649352,0,290.4,321,11,0.9,0,0,762,0,56.6,14.6,14,1.01,6,motor,
129000,1791190929000,56.63127,-4.649352,0,290.4,321,11,0.9,0,0,764,0,56.6,14.6,13.99,1.01,6,motor,
129200,1791190929200,56.63127,-4.649352,0,290.4,321,11,0.9,0,0,765,0,56.7,14.6,13.99,1.01,6,motor,
129400,1791190929400,56.63127,-4.649352,0,290.4,321,11,0.9,0,0,766,0,56.7,14.6,13.99,1.01,6,motor,
129600,1791190929600,56.63127,-4.649352,0,290.4,321,11,0.9,0,0,765,0,56.7,14.6,13.99,1.01,6,motor,
129800,1791190929800,56.63127,-4.649352,0,290.4,321,11,0.9,0,0,764,0,56.8,14.6,13.99,1.01,6,motor,
130000,1791190930000,56.63127,-4.649352,0,290.4,321,11,0.9,0,0,762,0,56.8,14.6,13.99,1.01,6,motor,
130200,1791190930200,56.63127,-4.649352,0,290.4,321,11,0.9,0,0,759,0,56.9,14.6,13.98,1.01,6,motor,
130400,1791190930400,56.63127,-4.649352,0,290.4,321,11,0.9,0,0,757,0,56.9,14.6,13.98,1.01,6,motor,
130600,1791190930600,56.63127,-4.649352,0,290.4,321,11,0.9,0,0,755,0,56.9,14.6,13.98,1.01,6,motor,
130800,1791190930800,56.63127,-4.649352,0,290.4,321,11,0.9,0,0,754,0,57,14.6,13.98,1.01,6,motor,
131000,1791190931000,56.63127,-4.649352,0,290.4,321,11,0.9,0,0,754,0,57,14.6,13.98,1.01,6,motor,
131200,1791190931200,56.63127,-4.649352,0,290.4,321,11,0.9,0,0,755,0,57,14.6,13.98,1.01,6,motor,
131400,1791190931400,56.63127,-4.649352,0,290.4,321,11,0.9,0,0,757,0,57.1,14.6,13.97,1.01,6,motor,
131600,1791190931600,56.63127,-4.649352,0,290.4,321,11,0.9,0,0,759,0,57.1,14.6,13.97,1.01,6,motor,
131800,1791190931800,56.63127,-4.649352,0,290.4,321,11,0.9,0,0,762,0,57.1,14.6,13.97,1.01,6,motor,
132000,1791190932000,56.63127,-4.649352,0,290.4,321,11,0.9,0,0,764,0,57.2,14.6,13.97,1.01,6,motor,
132200,1791190932200,56.63127,-4.649352,0,290.4,321,11,0.9,0,0,766,0,57.2,14.6,13.97,1.01,6,motor,
132400,1791190932400,56.63127,-4.649352,0,290.4,321,11,0.9,0,0,766,0,57.3,14.6,13.97,1.01,6,motor,
132600,1791190932600,56.63127,-4.649352,0,290.4,321,11,0.9,0,0,765,0,57.3,14.6,13.96,1.01,6,motor,
132800,1791190932800,56.63127,-4.649352,0,290.4,321,11,0.9,0,0,764,0,57.3,14.6,13.96,1.01,6,motor,
133000,1791190933000,56.63127,-4.649352,0,290.4,321,11,0.9,0,0,762,0,57.4,14.6,13.96,1.01,6,motor,
133200,1791190933200,56.63127,-4.649352,0,290.4,321,11,0.9,0,0,759,0,57.4,14.6,13.96,1.01,6,motor,
133400,1791190933400,56.63127,-4.649352,0,290.4,321,11,0.9,0,0,757,0,57.4,14.6,13.96,1.01,6,motor,
133600,1791190933600,56.63127,-4.649352,0,290.4,321,11,0.9,0,0,755,0,57.5,14.6,13.96,1.01,6,motor,
133800,1791190933800,56.63127,-4.649352,0,290.4,321,11,0.9,0,0,754,0,57.5,14.6,13.95,1.01,6,motor,
134000,1791190934000,56.63127,-4.649352,0,290.4,321,11,0.9,0,0,754,0,57.5,14.6,13.95,1.01,6,motor,
134200,1791190934200,56.63127,-4.649352,0,290.4,321,11,0.9,0,0,755,0,57.6,14.6,13.95,1.01,6,motor,
134400,1791190934400,56.63127,-4.649352,0,290.4,321,11,0.9,0,0,757,0,57.6,14.6,13.95,1.01,6,motor,
134600,1791190934600,56.63127,-4.649352,0,290.4,321,11,0.9,0,0,760,0,57.6,14.7,13.95,1.01,6,motor,
134800,1791190934800,56.63127,-4.649352,0,290.4,321,11,0.9,0,0,762,0,57.7,14.7,13.95,1.01,6,motor,
135000,1791190935000,56.63127,-4.649352,0,290.4,321,11,0.9,0,0,764,0,57.7,14.7,13.95,1.01,6,motor,
135200,1791190935200,56.63127,-4.649352,0,290.4,321,11,0.9,0,0,766,0,57.8,14.7,13.94,1.01,6,motor,
135400,1791190935400,56.63127,-4.649352,0,290.4,321,11,0.9,0,0,766,0,57.8,14.7,13.94,1.01,6,motor,
135600,1791190935600,56.63127,-4.649352,0,290.4,321,11,0.9,0,0,765,0,57.8,14.7,13.94,1.01,6,motor,
135800,1791190935800,56.63127,-4.649352,0,290.4,321,11,0.9,0,0,764,0,57.9,14.7,13.94,1.01,6,motor,
136000,1791190936000,56.63127,-4.649352,0,290.4,321,11,0.9,0,0,762,0,57.9,14.7,13.94,1.01,6,motor,
136200,1791190936200,56.63127,-4.649352,0,290.4,321,11,0.9,0,0,759,0,57.9,14.7,13.94,1.01,6,motor,
136400,1791190936400,56.63127,-4.649352,0,290.4,321,11,0.9,0,0,757,0,58,14.7,13.94,1.01,6,motor,
136600,1791190936600,56.63127,-4.649352,0,290.4,321,11,0.9,0,0,755,0,58,14.7,13.93,1.01,6,motor,
136800,1791190936800,56.63127,-4.649352,0,290.4,321,11,0.9,0,0,754,0,58,14.7,13.93,1.01,6,motor,
137000,1791190937000,56.63127,-4.649352,0,290.4,321,11,0.9,0,0,754,0,58.1,14.7,13.93,1.01,6,motor,
137200,1791190937200,56.63127,-4.649352,0,290.4,321,11,0.9,0,0,755,0,58.1,14.7,13.93,1.01,6,motor,
137400,1791190937400,56.63127,-4.649352,0,290.4,321,11,0.9,0,0,757,0,58.1,14.7,13.93,1.01,6,motor,
137600,1791190937600,56.63127,-4.649352,0,290.4,321,11,0.9,0,0,760,0,58.2,14.7,13.93,1.01,6,motor,
137800,1791190937800,56.63127,-4.649352,0,290.4,321,11,0.9,0,0,762,0,58.2,14.7,13.93,1.01,6,motor,
138000,1791190938000,56.63127,-4.649352,0,290.4,321,11,0.9,0,0,764,0,58.2,14.7,13.93,1.01,6,motor,
138200,1791190938200,56.63127,-4.649352,0,290.4,321,11,0.9,0,0,766,0,58.3,14.7,13.93,1.01,6,motor,
138400,1791190938400,56.63127,-4.649352,0,290.4,321,11,0.9,0,0,766,0,58.3,14.7,13.93,1.01,6,motor,
138600,1791190938600,56.63127,-4.649352,0,290.4,321,11,0.9,0,0,765,0,58.4,14.7,13.93,1.01,6,motor,
138800,1791190938800,56.63127,-4.649352,0,290.4,321,11,0.9,0,0,764,0,58.4,14.7,13.92,1.01,6,motor,
139000,1791190939000,56.63127,-4.649352,0,290.4,321,11,0.9,0,0,762,0,58.4,14.7,13.92,1.01,6,motor,
139200,1791190939200,56.63127,-4.649352,0,290.4,321,11,0.9,0,0,759,0,58.5,14.7,13.92,1.01,6,motor,
139400,1791190939400,56.63127,-4.649352,0,290.4,321,11,0.9,0,0,757,0,58.5,14.7,13.92,1.01,6,motor,
139600,1791190939600,56.63127,-4.649352,0,290.4,321,11,0.9,0,0,755,0,58.5,14.7,13.92,1.01,6,motor,
139800,1791190939800,56.63127,-4.649352,0,290.4,321,11,0.9,0,0,754,0,58.6,14.7,13.92,1.01,6,motor,
140000,1791190940000,56.63127,-4.649352,0,290.4,321,11,0.9,0,0,754,0,58.6,14.7,13.92,1.01,6,motor,
140200,1791190940200,56.63127,-4.649352,0,290.4,321,11,0.9,0,0,755,0,58.6,14.7,13.92,1.01,6,motor,
140400,1791190940400,56.63127,-4.649352,0,290.4,321,11,0.9,0,0,757,0,58.7,14.7,13.92,1.01,6,motor,
140600,1791190940600,56.63127,-4.649352,0,290.4,321,11,0.9,0,0,760,0,58.7,14.7,13.92,1.01,6,motor,
140800,1791190940800,56.63127,-4.649352,0,290.4,321,11,0.9,0,0,762,0,58.7,14.7,13.92,1.01,6,motor,
141000,1791190941000,56.63127,-4.649352,0,290.4,321,11,0.9,0,0,764,0,58.8,14.7,13.92,1.01,6,motor,
141200,1791190941200,56.63127,-4.649352,0,290.4,321,11,0.9,0,0,766,0,58.8,14.7,13.92,1.01,6,motor,
141400,1791190941400,56.63127,-4.649352,0,290.4,321,11,0.9,0,0,766,0,58.8,14.7,13.92,1.01,6,motor,
141600,1791190941600,56.63127,-4.649352,0,290.4,321,11,0.9,0,0,765,0,58.9,14.7,13.92,1.01,6,motor,
141800,1791190941800,56.63127,-4.649352,0,290.4,321,11,0.9,0,0,764,0,58.9,14.7,13.92,1.01,6,motor,
142000,1791190942000,56.63127,-4.649352,0,290.4,321,11,0.9,0,0,761,0,58.9,14.7,13.92,1.01,6,motor,
142200,1791190942200,56.63127,-4.649352,0,290.4,321,11,0.9,0,0,759,0,59,14.7,13.92,1.01,6,motor,
142400,1791190942400,56.63127,-4.649352,0,290.4,321,11,0.9,0,0,757,0,59,14.7,13.92,1.01,6,motor,
142600,1791190942600,56.63127,-4.649352,0,290.4,321,11,0.9,0,0,755,0,59,14.7,13.92,1.01,6,motor,
142800,1791190942800,56.63127,-4.649352,0,290.4,321,11,0.9,0,0,754,0,59.1,14.7,13.92,1.01,6,motor,
143000,1791190943000,56.63127,-4.649352,0,290.4,321,11,0.9,0,0,754,0,59.1,14.7,13.92,1.01,6,motor,
143200,1791190943200,56.63127,-4.649352,0,290.4,321,11,0.9,0,0,755,0,59.1,14.7,13.92,1.01,6,motor,
143400,1791190943400,56.63127,-4.649352,0,290.4,321,11,0.9,0,0,757,0,59.2,14.7,13.92,1.01,6,motor,
143600,1791190943600,56.63127,-4.649352,0,290.4,321,11,0.9,0,0,760,0,59.2,14.7,13.92,1.01,6,motor,
143800,1791190943800,56.63127,-4.649352,0,290.4,321,11,0.9,0,0,762,0,59.2,14.7,13.92,1.01,6,motor,
144000,1791190944000,56.63127,-4.649352,0,290.4,321,11,0.9,0,0,764,0,59.3,14.8,13.92,1.01,6,motor,
144200,1791190944200,56.63127,-4.649352,0,290.4,321,11,0.9,0,0,766,0,59.3,14.8,13.93,1.01,6,motor,
144400,1791190944400,56.63127,-4.649352,0,290.4,321,11,0.9,0,0,766,0,59.3,14.8,13.93,1.01,6,motor,
144600,1791190944600,56.63127,-4.649352,0,290.4,321,11,0.9,0,0,765,0,59.4,14.8,13.93,1.01,6,motor,
144800,1791190944800,56.63127,-4.649352,0,290.4,321,11,0.9,0,0,764,0,59.4,14.8,13.93,1.01,6.2,motor,
145000,1791190945000,56.63127,-4.649352,0,290.4,321,11,0.9,0,0,763,0,59.4,14.8,13.93,1.01,6.6,motor,
145200,1791190945200,56.63127,-4.649352,0.01,290.4,321,11,0.9,0,0,763,0,59.5,14.8,13.93,1.01,7.2,motor,
145400,1791190945400,56.63127,-4.649352,0.04,290.4,321,11,0.9,0.001,0,765,0,59.5,14.8,13.93,1.01,8.1,motor,
145600,1791190945600,56.63127,-4.649352,0.09,290.4,321,11,0.9,0.003,0,769,0,59.5,14.8,13.93,1.01,9.1,motor,
145800,1791190945800,56.63127,-4.649352,0.15,290.4,321,11,0.9,0.004,0,775,0,59.6,14.8,13.93,1.01,10.1,motor,
146000,1791190946000,56.63127,-4.649352,0.24,290.4,321,11,0.9,0.007,0,784,0,59.6,14.8,13.93,1.01,11.1,motor,
146200,1791190946200,56.63127,-4.649353,0.35,290.4,321,11,0.9,0.01,0,794,0,59.6,14.8,13.94,1.01,12.2,motor,
146400,1791190946400,56.63127,-4.649353,0.47,290.4,321,11,0.9,0.012,0,806,0,59.7,14.8,13.94,1.01,13.2,motor,
146600,1791190946600,56.63127,-4.649354,0.62,290.4,321,11,0.9,0.015,0,819,1,59.7,14.8,13.94,1.01,14.2,motor,
146800,1791190946800,56.63127,-4.649354,0.78,290.4,321,11,0.9,0.018,0,834,1,59.7,14.8,13.94,1.01,15.3,motor,
147000,1791190947000,56.631271,-4.649355,0.96,290.4,321,11,0.9,0.02,0,849,1,59.8,14.8,13.94,1.01,16.3,motor,
147200,1791190947200,56.631271,-4.649356,1.16,290.4,321,11,0.9,0.023,0,865,1,59.8,14.8,13.94,1.01,17.4,motor,
147400,1791190947400,56.631271,-4.649357,1.38,290.4,321,11,0.9,0.026,0,880,1,59.8,14.8,13.94,1.01,18.4,motor,
147600,1791190947600,56.631271,-4.649358,1.62,290.4,321,11,0.9,0.028,0,896,2,59.9,14.8,13.94,1.01,19.4,motor,
147800,1791190947800,56.631272,-4.64936,1.88,290.4,321,11,0.9,0.031,0,911,2,59.9,14.8,14.1,1.014,20.5,motor,
148000,1791190948000,56.631272,-4.649361,2.15,290.4,321,11,0.9,0.034,0,927,2,59.9,14.8,14.1,1.022,21.5,motor,
148200,1791190948200,56.631272,-4.649363,2.45,290.3,321,11,0.9,0.037,0,944,2,60,14.7,14.1,1.03,22.5,motor,
148400,1791190948400,56.631273,-4.649365,2.76,290.3,321,11,0.9,0.039,0,962,3,60,14.7,14.1,1.04,23.6,motor,
148600,1791190948600,56.631273,-4.649368,3.09,290.3,321,11,0.9,0.042,0,981,3,60,14.7,14.1,1.051,24.6,motor,
148800,1791190948800,56.631274,-4.649371,3.44,290.3,321,11,0.9,0.044,0,1003,3,60.1,14.7,14.1,1.065,25.6,motor,
149000,1791190949000,56.631275,-4.649374,3.8,290.3,321,11,0.9,0.047,0,1026,4,60.1,14.7,14.11,1.08,26.6,motor,
149200,1791190949200,56.631275,-4.649377,4.19,290.3,321,11,0.9,0.049,0,1051,4,60.1,14.7,14.11,1.098,27.6,motor,
149400,1791190949400,56.631276,-4.649381,4.59,290.3,321,11,0.9,0.052,0,1078,5,60.2,14.7,14.11,1.119,28.6,motor,
149600,1791190949600,56.631277,-4.649385,5.01,290.3,321,11,0.9,0.054,0,1107,5,60.2,14.7,14.11,1.141,29.6,motor,
149800,1791190949800,56.631278,-4.649389,5.44,290.3,321,11,0.9,0.057,0,1136,5,60.2,14.7,14.11,1.166,30.6,motor,
150000,1791190950000,56.631279,-4.649394,5.89,290.3,321,11,0.9,0.059,0,1165,6,60.3,14.7,14.11,1.192,31.6,motor,
150200,1791190950200,56.63128,-4.649399,6.36,290.3,321,11,0.9,0.061,0,1195,6,60.3,14.7,14.12,1.22,32.6,motor,
150400,1791190950400,56.631281,-4.649405,6.85,290.3,321,11,0.9,0.064,0,1225,7,60.3,14.7,14.12,1.249,33.6,motor,
150600,1791190950600,56.631282,-4.649411,7.35,290.3,321,11,0.9,0.066,0,1254,7,60.4,14.7,14.12,1.28,34.5,motor,
150800,1791190950800,56.631283,-4.649418,7.87,290.2,321,11,0.9,0.069,0,1284,8,60.4,14.7,14.12,1.312,35.5,motor,
151000,1791190951000,56.631285,-4.649425,8.4,290.2,321,11,0.9,0.071,0,761,8,60.4,14.7,13.97,1.01,36.4,motor,
151200,1791190951200,56.631286,-4.649432,8.95,290.2,321,11,0.9,0.073,0,801,9,60.5,14.6,13.97,1.01,37.4,motor,
151400,1791190951400,56.631288,-4.64944,9.52,290.2,321,11,0.9,0.076,0,849,10,60.5,14.6,13.98,1.01,38.3,motor,
151600,1791190951600,56.63129,-4.649448,10.1,290.2,321,11,0.9,0.078,0,899,10,60.5,14.6,13.98,1.01,39.2,motor,
151800,1791190951800,56.631291,-4.649457,10.69,290.2,321,11,0.9,0.08,0,952,11,60.6,14.6,14.13,1.057,40.1,motor,
152000,1791190952000,56.631293,-4.649466,11.3,290.2,321.1,11,0.9,0.082,0,1007,11,60.6,14.6,14.13,1.109,41,motor,
152200,1791190952200,56.631295,-4.649476,11.93,290.1,321.1,11,0.9,0.084,0.001,1064,12,60.6,14.6,14.13,1.165,41.9,motor,
152400,1791190952400,56.631297,-4.649487,12.56,290.1,321.1,11,0.9,0.086,0.001,1123,13,60.7,14.6,14.13,1.226,42.8,motor,
152600,1791190952600,56.6313,-4.649498,13.21,290.1,321.1,11,0.9,0.088,0.001,1184,13,60.7,14.6,14.13,1.291,43.6,motor,
152800,1791190952800,56.631302,-4.649509,13.88,290.1,321.1,11,0.9,0.09,0.001,1246,14,60.7,14.6,14.14,1.359,44.5,motor,
153000,1791190953000,56.631304,-4.649521,14.56,290.1,321.1,11,0.9,0.092,0.001,1309,15,60.8,14.6,14.14,1.431,45.3,motor,
153200,1791190953200,56.631307,-4.649534,15.25,290,321.1,11,0.9,0.094,0.001,1372,15,60.8,14.5,14.14,1.505,46.2,motor,
153400,1791190953400,56.63131,-4.649547,15.95,290,321.1,11,0.9,0.096,0.001,1435,16,60.8,14.5,14.14,1.582,47,motor,
153600,1791190953600,56.631312,-4.649561,16.67,290,321.1,11,0.9,0.098,0.001,867,17,60.9,14.5,13.99,1.01,47.8,motor,
153800,1791190953800,56.631315,-4.649576,17.4,290,321.1,11,0.9,0.1,0.001,903,17,60.9,14.5,14.14,1.013,48.6,motor,
154000,1791190954000,56.631318,-4.649591,18.14,289.9,321.1,11,0.9,0.101,0.002,939,18,60.9,14.5,14.15,1.054,49.3,motor,
154200,1791190954200,56.631322,-4.649607,18.89,289.9,321.1,11,0.9,0.103,0.001,975,19,61,14.5,14.15,1.096,50.1,motor,
154400,1791190954400,56.631325,-4.649623,19.65,289.9,321.1,11,0.9,0.105,0.001,1013,20,61,14.5,14.15,1.141,50.8,motor,
154600,1791190954600,56.631328,-4.64964,20.42,289.8,321.1,11,0.9,0.106,0.002,1051,20,61,14.5,14.15,1.188,51.5,motor,
154800,1791190954800,56.631332,-4.649658,21.21,289.8,321.1,11,0.9,0.108,0.002,1091,21,61,14.4,14.15,1.238,52.2,motor,
155000,1791190955000,56.631335,-4.649676,22,289.8,321.1,11,0.9,0.109,0.001,1132,22,61.1,14.4,14.15,1.291,52.9,motor,
155200,1791190955200,56.631339,-4.649695,22.8,289.7,321.1,11,0.9,0.111,0.002,1175,23,61.1,14.4,14.15,1.347,53.6,motor,
155400,1791190955400,56.631343,-4.649715,23.61,289.7,321.1,11,0.9,0.112,0.002,1219,24,61.1,14.4,14.15,1.406,54.3,motor,
155600,1791190955600,56.631347,-4.649736,24.44,289.7,321.1,11,0.9,0.114,0.001,1264,24,61.2,14.4,14.16,1.468,54.9,motor,
155800,1791190955800,56.631351,-4.649757,25.27,289.6,321.1,11,0.9,0.115,0.002,1309,25,61.2,14.4,14.16,1.531,55.5,motor,
156000,1791190956000,56.631356,-4.649779,26.1,289.6,321.1,11,0.9,0.116,0.002,1355,26,61.2,14.4,14.16,1.595,56.2,motor,
156200,1791190956200,56.63136,-4.649802,26.95,289.6,321.1,11,0.9,0.118,0.001,1399,27,61.3,14.3,14.16,1.659,56.7,motor,
156400,1791190956400,56.631365,-4.649825,27.8,289.5,321.1,11,0.9,0.119,0.003,1444,28,61.3,14.3,14.16,1.724,57.3,motor,
156600,1791190956600,56.631369,-4.649849,28.66,289.5,321.1,11,0.9,0.12,0.003,1487,29,61.3,14.3,14.16,1.788,57.9,motor,
156800,1791190956800,56.631374,-4.649874,29.53,289.4,321.1,11,0.9,0.121,0.003,1530,30,61.4,14.3,14.16,1.853,58.4,motor,
157000,1791190957000,56.631379,-4.6499,30.4,289.4,321.1,11,0.9,0.122,0.003,1034,30,61.4,14.3,14.16,1.191,58.9,motor,
157200,1791190957200,56.631384,-4.649926,31.28,289.3,321.1,11,0.9,0.123,0.004,1062,31,61.4,14.3,14.16,1.23,59.4,motor,
157400,1791190957400,56.63139,-4.649953,32.17,289.3,321.1,11,0.9,0.124,0.003,1090,32,61.5,14.2,14.16,1.27,59.9,motor,
157600,1791190957600,56.631395,-4.649981,33.06,289.2,321.1,11,0.9,0.125,0.005,1118,33,61.5,14.2,14.17,1.312,60.4,motor,
157800,1791190957800,56.6314,-4.65001,33.95,289.2,321.1,11,0.9,0.125,0.003,1148,34,61.5,14.2,14.17,1.355,60.8,motor,
158000,1791190958000,56.631406,-4.650039,34.85,289.1,321.1,11,0.9,0.126,0.005,1179,35,61.5,14.2,14.17,1.401,61.2,motor,
158200,1791190958200,56.631412,-4.65007,35.76,289.1,321.1,11,0.9,0.127,0.003,1211,36,61.6,14.2,14.17,1.449,61.6,motor,
158400,1791190958400,56.631418,-4.650101,36.66,289,321.1,11,0.9,0.127,0.005,1244,37,61.6,14.2,14.17,1.498,62,motor,
158600,1791190958600,56.631424,-4.650132,37.57,289,321.1,11,0.9,0.128,0.003,1277,38,61.6,14.2,14.17,1.548,62.4,motor,
158800,1791190958800,56.63143,-4.650165,38.49,288.9,321.2,11,0.9,0.129,0.005,1311,38,61.7,14.1,14.17,1.599,62.7,motor,
159000,1791190959000,56.631436,-4.650198,39.4,288.9,321.2,11,0.7,0.129,0.004,1344,39,61.7,14.1,14.17,1.649,63,motor,
159200,1791190959200,56.631443,-4.650233,40.32,288.8,321.2,11,0.7,0.129,0.006,1376,40,61.7,14.1,14.17,1.699,63.3,motor,
159400,1791190959400,56.631449,-4.650268,41.24,288.8,321.2,11,0.7,0.13,0.004,1408,41,61.8,14.1,14.17,1.747,63.6,motor,
159600,1791190959600,56.631456,-4.650304,42.16,288.7,321.2,11,0.7,0.13,0.006,1438,42,61.8,14.1,14.17,1.794,63.8,motor,
159800,1791190959800,56.631463,-4.65034,43.08,288.6,321.2,11,0.7,0.13,0.006,1468,43,61.8,14.1,14.17,1.84,64.1,motor,
160000,1791190960000,56.63147,-4.650378,44,288.6,321.2,11,0.7,0.13,0.006,1497,44,61.9,14,14.17,1.885,64.3,motor,
160200,1791190960200,56.631477,-4.650416,44.92,288.5,321.2,11,0.7,0.13,0.006,1525,45,61.9,14,14.17,1.929,64.5,motor,
160400,1791190960400,56.631484,-4.650455,45.84,288.5,321.2,11,0.7,0.13,0.006,1554,46,61.9,14,14.17,1.974,64.7,motor,
160600,1791190960600,56.631491,-4.650495,46.76,288.4,321.2,11,0.7,0.13,0.007,1584,47,62,14,14.17,2.02,64.8,motor,
160800,1791190960800,56.631499,-4.650535,47.68,288.3,321.2,11,0.7,0.13,0.007,1615,48,62,14,14.17,2.045,64.9,motor,
161000,1791190961000,56.631506,-4.650577,48.6,288.3,321.2,11,0.7,0.13,0.007,1174,49,62,14,14.17,1.416,65,motor,
161200,1791190961200,56.631514,-4.650619,49.51,288.2,321.2,11,0.7,0.13,0.007,1198,50,62,13.9,14.17,1.451,65.1,motor,
161400,1791190961400,56.631522,-4.650662,50.43,288.1,321.2,11,0.7,0.13,0.01,1222,50,62.1,13.9,14.17,1.488,65.2,motor,
161600,1791190961600,56.63153,-4.650706,51.34,288,321.2,11,0.7,0.13,0.01,1247,51,62.1,13.9,14.17,1.524,65.2,motor,
161800,1791190961800,56.631538,-4.650751,52.24,288,321.2,11,0.7,0.129,0.007,1271,52,62.1,13.9,14.17,1.56,65.2,motor,
162000,1791190962000,56.631546,-4.650796,53.15,287.9,321.2,11,0.7,0.129,0.01,1295,53,62.2,13.9,14.17,1.595,65.2,motor,
162200,1791190962200,56.631554,-4.650842,54.05,287.8,321.2,11,0.7,0.129,0.01,1318,54,62.2,13.9,14.17,1.628,65.2,motor,
162400,1791190962400,56.631562,-4.650889,54.94,287.8,321.2,11,0.7,0.128,0.008,1340,55,62.2,13.8,14.17,1.66,65.2,motor,
162600,1791190962600,56.631571,-4.650937,55.83,287.7,321.2,11,0.7,0.127,0.008,1361,56,62.3,13.8,14.17,1.689,65.1,motor,
162800,1791190962800,56.631579,-4.650986,56.72,287.6,321.2,11,0.7,0.127,0.011,1380,57,62.3,13.8,14.17,1.716,65,motor,
163000,1791190963000,56.631588,-4.651035,57.6,287.5,321.2,11,0.7,0.126,0.011,1399,58,62.3,13.8,14.16,1.743,64.9,motor,
163200,1791190963200,56.631597,-4.651086,58.47,287.5,321.2,11,0.7,0.125,0.008,1418,58,62.3,13.8,14.16,1.768,64.8,motor,
163400,1791190963400,56.631605,-4.651137,59.34,287.4,321.3,11,0.7,0.125,0.011,1437,59,62.4,13.8,14.16,1.793,64.6,motor,
163600,1791190963600,56.631614,-4.651188,60.2,287.3,321.3,11,0.7,0.124,0.011,1456,60,62.4,13.7,14.16,1.818,64.4,motor,
163800,1791190963800,56.631623,-4.651241,61.05,287.2,321.3,11,0.7,0.123,0.012,1476,61,62.4,13.7,14.16,1.844,64.2,motor,
164000,1791190964000,56.631632,-4.651294,61.9,287.1,321.3,11,0.7,0.122,0.012,1497,62,62.5,13.7,14.16,1.871,64,motor,
164200,1791190964200,56.631641,-4.651348,62.73,287.1,321.3,11,0.7,0.121,0.012,1519,63,62.5,13.7,14.16,1.898,63.8,motor,
164400,1791190964400,56.631651,-4.651403,63.56,287,321.3,11,0.7,0.12,0.012,1541,64,62.5,13.7,14.16,1.925,63.5,motor,
164600,1791190964600,56.63166,-4.651458,64.39,286.9,321.3,11,0.7,0.119,0.012,1564,64,62.6,13.7,14.16,1.952,63.2,motor,
164800,1791190964800,56.631669,-4.651515,65.2,286.8,321.3,11,0.7,0.118,0.012,1586,65,62.6,13.7,14.16,1.978,62.9,motor,
165000,1791190965000,56.631679,-4.651572,66,286.7,321.3,11,0.7,0.116,0.013,1607,66,62.6,13.6,14.15,1.992,62.6,motor,
165200,1791190965200,56.631688,-4.651629,66.79,286.6,321.3,11,0.7,0.115,0.016,1255,67,62.6,13.6,14.15,1.504,62.3,motor,
165400,1791190965400,56.631698,-4.651688,67.58,286.6,321.3,11,0.7,0.114,0.013,1269,68,62.7,13.6,14.15,1.521,61.9,motor,
165600,1791190965600,56.631708,-4.651747,68.35,286.5,321.3,11,0.7,0.112,0.013,1283,68,62.7,13.6,14.15,1.535,61.5,motor,
165800,1791190965800,56.631717,-4.651807,69.11,286.4,321.3,11,0.7,0.111,0.013,1295,69,62.7,13.6,14.15,1.548,61.1,motor,
166000,1791190966000,56.631727,-4.651867,69.86,286.3,321.3,11,0.7,0.109,0.013,1307,70,62.8,13.6,14.15,1.559,60.7,motor,
166200,1791190966200,56.631737,-4.651928,70.6,286.2,321.3,11,0.7,0.108,0.014,1318,71,62.8,13.6,14.15,1.569,60.3,motor,
166400,1791190966400,56.631747,-4.65199,71.33,286.1,321.3,11,0.7,0.106,0.017,1330,71,62.8,13.6,14.15,1.579,59.8,motor,
166600,1791190966600,56.631757,-4.652053,72.05,286,321.3,11,0.7,0.105,0.017,1341,72,62.9,13.5,14.14,1.589,59.3,motor,
166800,1791190966800,56.631767,-4.652116,72.75,285.9,321.3,11,0.7,0.103,0.018,1354,73,62.9,13.5,14.14,1.6,58.8,motor,
167000,1791190967000,56.631777,-4.652179,73.44,285.9,321.3,11,0.7,0.101,0.014,1368,73,62.9,13.5,14.14,1.611,58.3,motor,
167200,1791190967200,56.631787,-4.652244,74.12,285.8,321.3,11,0.7,0.1,0.014,1382,74,62.9,13.5,14.14,1.622,57.7,motor,
167400,1791190967400,56.631797,-4.652309,74.79,285.7,321.3,11,0.7,0.098,0.014,1396,75,63,13.5,14.14,1.633,57.2,motor,
167600,1791190967600,56.631807,-4.652374,75.44,285.6,321.3,11,0.7,0.096,0.015,1411,75,63,13.5,14.14,1.644,56.6,motor,
167800,1791190967800,56.631817,-4.652441,76.07,285.5,321.3,11,0.7,0.094,0.015,1425,76,63,13.5,14.14,1.653,56,motor,
168000,1791190968000,56.631827,-4.652507,76.7,285.4,321.3,11,0.7,0.092,0.019,1439,77,63.1,13.5,14.13,1.661,55.4,motor,
168200,1791190968200,56.631837,-4.652575,77.31,285.3,321.3,11,0.7,0.09,0.019,1451,77,63.1,13.5,14.13,1.666,54.8,motor,
168400,1791190968400,56.631848,-4.652643,77.9,285.2,321.3,11,0.7,0.088,0.019,1462,78,63.1,13.4,14.13,1.67,54.1,motor,
168600,1791190968600,56.631858,-4.652711,78.48,285.1,321.3,11,0.7,0.086,0.019,1472,78,63.1,13.4,14.13,1.671,53.5,motor,
168800,1791190968800,56.631868,-4.65278,79.05,285,321.3,11,0.7,0.084,0.019,1481,79,63.2,13.4,14.13,1.671,52.8,motor,
169000,1791190969000,56.631878,-4.65285,79.6,285,321.3,11,0.7,0.082,0.015,1489,80,63.2,13.4,14.13,1.668,52.1,motor,
169200,1791190969200,56.631889,-4.65292,80.13,284.9,321.3,11,0.7,0.08,0.016,1496,80,63.2,13.4,14.12,1.665,51.4,motor,
169400,1791190969400,56.631899,-4.65299,80.65,284.8,321.3,11,0.7,0.078,0.016,1504,81,63.3,13.4,14.12,1.662,50.6,motor,
169600,1791190969600,56.631909,-4.653061,81.15,284.7,321.3,11,0.7,0.076,0.016,1512,81,63.3,13.4,14.12,1.658,49.9,motor,
169800,1791190969800,56.631919,-4.653132,81.64,284.6,321.3,11,0.7,0.073,0.016,1520,82,63.3,13.4,14.12,1.655,49.1,motor,
170000,1791190970000,56.63193,-4.653204,82.11,284.5,321.3,11,0.7,0.071,0.02,1530,82,63.4,13.4,14.12,1.651,48.4,motor,
170200,1791190970200,56.63194,-4.653277,82.56,284.4,321.3,11,0.7,0.069,0.02,1539,83,63.4,13.4,14.12,1.648,47.6,motor,
170400,1791190970400,56.63195,-4.653349,82.99,284.3,321.3,11,0.7,0.066,0.02,1550,83,63.4,13.4,14.11,1.644,46.8,motor,
170600,1791190970600,56.631961,-4.653423,83.41,284.2,321.3,11,0.7,0.064,0.02,1560,83,63.4,13.4,14.11,1.639,46,motor,
170800,1791190970800,56.631971,-4.653496,83.81,284.1,321.3,11,0.7,0.061,0.02,1570,84,63.5,13.3,14.11,1.633,45.1,motor,
171000,1791190971000,56.631981,-4.65357,84.2,284,321.3,11,0.7,0.059,0.021,1579,84,63.5,13.3,14.11,1.626,44.3,motor,
171200,1791190971200,56.631991,-4.653644,84.56,284,321.3,11,0.7,0.057,0.017,1587,85,63.5,13.3,14.11,1.617,43.4,motor,
171400,1791190971400,56.632001,-4.653719,84.91,283.9,321.3,11,0.7,0.054,0.017,1593,85,63.6,13.3,14.11,1.607,42.6,motor,
171600,1791190971600,56.632012,-4.653794,85.24,283.8,321.3,11,0.7,0.052,0.017,1598,85,63.6,13.3,14.1,1.594,41.7,motor,
171800,1791190971800,56.632022,-4.653869,85.55,283.7,321.3,11,0.7,0.049,0.017,1602,86,63.6,13.3,14.1,1.579,40.8,motor,
172000,1791190972000,56.632032,-4.653945,85.85,283.6,321.3,11,0.7,0.047,0.017,1605,86,63.6,13.3,14.1,1.561,39.9,motor,
172200,1791190972200,56.632042,-4.65402,86.12,283.5,321.3,11,0.7,0.044,0.021,1608,86,63.7,13.3,14.1,1.544,39,motor,
172400,1791190972400,56.632052,-4.654096,86.38,283.4,321.3,11,0.7,0.042,0.021,1611,86,63.7,13.3,14.1,1.526,38.1,motor,
172600,1791190972600,56.632062,-4.654173,86.62,283.3,321.3,11,0.7,0.039,0.021,1614,87,63.7,13.3,14.1,1.508,37.1,motor,
172800,1791190972800,56.632072,-4.654249,86.84,283.2,321.3,11,0.7,0.037,0.021,1617,87,63.8,13.3,14.09,1.49,36.2,motor,
173000,1791190973000,56.632082,-4.654326,87.04,283.1,321.3,11,0.7,0.034,0.021,1622,87,63.8,13.3,14.09,1.471,35.3,motor,
173200,1791190973200,56.632092,-4.654403,87.22,283.1,321.3,11,0.7,0.031,0.017,1627,87,63.8,13.3,14.09,1.453,34.3,motor,
173400,1791190973400,56.632101,-4.65448,87.38,283,321.3,11,0.7,0.028,0.017,1632,87,63.8,13.3,14.09,1.434,33.3,motor,
173600,1791190973600,56.632111,-4.654558,87.53,282.9,321.3,11,0.7,0.026,0.017,1637,88,63.9,13.3,14.09,1.415,32.4,motor,
173800,1791190973800,56.632121,-4.654635,87.65,282.8,321.2,11,0.7,0.023,0.017,1642,88,63.9,13.3,14.09,1.396,31.4,motor,
174000,1791190974000,56.632131,-4.654713,87.76,282.7,321.2,11,0.7,0.02,0.017,1646,88,63.9,13.3,14.09,1.377,30.4,motor,
174200,1791190974200,56.63214,-4.65479,87.85,282.6,321.2,11,0.7,0.018,0.022,1648,88,64,13.3,14.09,1.357,29.4,motor,
174400,1791190974400,56.63215,-4.654868,87.91,282.5,321.2,11,0.7,0.015,0.022,1649,88,64,13.3,14.08,1.337,28.4,motor,
174600,1791190974600,56.632159,-4.654946,87.96,282.4,321.2,11,0.7,0.012,0.022,1649,88,64,13.3,14.08,1.318,27.4,motor,
174800,1791190974800,56.632169,-4.655024,87.99,282.4,321.2,11,0.7,0.01,0.017,1648,88,64,13.3,14.08,1.302,26.6,motor,
175000,1791190975000,56.632178,-4.655102,88,282.3,321.2,11,0.7,0.007,0.017,1646,88,64.1,13.3,14.08,1.29,26,motor,
175200,1791190975200,56.632187,-4.65518,88,282.2,321.2,11,0.7,0.004,0.017,1643,88,64.1,13.3,14.08,1.283,25.6,motor,
175400,1791190975400,56.632197,-4.655258,88,282.1,321.2,11,0.7,0.003,0.017,1641,88,64.1,13.3,14.08,1.279,25.4,motor,
175600,1791190975600,56.632206,-4.655336,88,282,321.2,11,0.7,0.001,0.017,1640,88,64.2,13.3,14.08,1.279,25.4,motor,
175800,1791190975800,56.632215,-4.655414,88,281.9,321.2,11,0.7,0,0.022,1639,88,64.2,13.3,14.08,1.279,25.4,motor,
176000,1791190976000,56.632224,-4.655492,88,281.9,321.2,11,0.7,0,0.017,1640,88,64.2,13.3,14.08,1.279,25.4,motor,
176200,1791190976200,56.632233,-4.65557,88,281.8,321.2,11,0.7,0,0.017,1641,88,64.2,13.3,14.08,1.279,25.4,motor,
176400,1791190976400,56.632242,-4.655649,88.01,281.7,321.2,11,0.7,0,0.017,1644,88,64.3,13.3,14.07,1.28,25.5,motor,
176600,1791190976600,56.632251,-4.655727,88.01,281.6,321.1,11,0.7,0,0.017,1646,88,64.3,13.3,14.07,1.28,25.5,motor,
176800,1791190976800,56.63226,-4.655805,88.01,281.5,321.1,11,0.7,0,0.017,1649,88,64.3,13.3,14.07,1.28,25.5,motor,
177000,1791190977000,56.632268,-4.655883,88.01,281.4,321.1,11,0.7,0,0.022,1650,88,64.3,13.3,14.07,1.28,25.5,motor,
177200,1791190977200,56.632277,-4.655961,88.02,281.4,321.1,11,0.7,0.001,0.017,1651,88,64.4,13.3,14.07,1.281,25.5,motor,
177400,1791190977400,56.632286,-4.65604,88.02,281.3,321.1,11,0.7,0,0.017,1651,88,64.4,13.3,14.07,1.281,25.5,motor,
177600,1791190977600,56.632294,-4.656118,88.02,281.2,321.1,11,0.7,0,0.017,1650,88,64.4,13.3,14.07,1.281,25.5,motor,
177800,1791190977800,56.632303,-4.656196,88.03,281.1,321.1,11,0.7,0.001,0.017,1648,88,64.5,13.3,14.07,1.282,25.6,motor,
178000,1791190978000,56.632311,-4.656275,88.03,281,321.1,11,0.7,0.001,0.017,1646,88,64.5,13.3,14.07,1.282,25.6,motor,
178200,1791190978200,56.63232,-4.656353,88.03,281,321.1,11,0.7,0,0.017,1644,88,64.5,13.3,14.07,1.282,25.6,motor,
178400,1791190978400,56.632328,-4.656432,88.04,280.9,321.1,11,0.7,0.001,0.017,1642,88,64.5,13.3,14.07,1.283,25.6,motor,
178600,1791190978600,56.632336,-4.65651,88.04,280.8,321.1,11,0.7,0.001,0.017,1640,88,64.6,13.3,14.07,1.283,25.6,motor,
178800,1791190978800,56.632345,-4.656588,88.05,280.7,321,11,0.7,0.001,0.017,1640,88,64.6,13.3,14.07,1.283,25.6,motor,
179000,1791190979000,56.632353,-4.656667,88.05,280.7,321,11,0.7,0.001,0.013,1641,88,64.6,13.3,14.07,1.283,25.6,motor,
179200,1791190979200,56.632361,-4.656745,88.06,280.6,321,11,0.7,0.001,0.017,1643,88,64.7,13.3,14.07,1.284,25.7,motor,
179400,1791190979400,56.632369,-4.656824,88.06,280.5,321,11,0.7,0.001,0.017,1645,88,64.7,13.3,14.07,1.284,25.7,motor,
179600,1791190979600,56.632377,-4.656902,88.07,280.4,321,11,0.7,0.001,0.017,1647,88,64.7,13.4,14.07,1.284,25.7,motor,
179800,1791190979800,56.632385,-4.656981,88.07,280.4,321,11,0.7,0.001,0.013,1650,88,64.7,13.4,14.07,1.285,25.7,motor,
180000,1791190980000,56.632393,-4.65706,88.08,280.3,321,11,0.7,0.001,0.017,1652,88,64.8,13.4,14.07,1.285,25.7,motor,
180200,1791190980200,56.632401,-4.657138,88.09,280.2,321,11,0.7,0.001,0.017,1653,88,64.8,13.4,14.07,1.285,25.7,motor,
180400,1791190980400,56.632408,-4.657217,88.09,280.1,321,11,0.7,0.001,0.017,1653,88,64.8,13.4,14.07,1.285,25.7,motor,
180600,1791190980600,56.632416,-4.657296,88.1,280.1,320.9,11,0.7,0.001,0.013,1652,88,64.8,13.4,14.07,1.286,25.8,motor,
180800,1791190980800,56.632424,-4.657374,88.11,280,320.9,11,0.7,0.001,0.017,1650,88,64.9,13.4,14.07,1.286,25.8,motor,
181000,1791190981000,56.632431,-4.657453,88.12,279.9,320.9,11,0.7,0.001,0.017,1648,88,64.9,13.4,14.07,1.286,25.8,motor,
181200,1791190981200,56.632439,-4.657532,88.12,279.8,320.9,11,0.7,0.001,0.017,1645,88,64.9,13.4,14.07,1.287,25.8,motor,
181400,1791190981400,56.632446,-4.657611,88.13,279.8,320.9,11,0.7,0.001,0.013,1643,88,65,13.4,14.07,1.287,25.8,motor,
181600,1791190981600,56.632454,-4.657689,88.14,279.7,320.9,11,0.7,0.001,0.017,1642,88,65,13.4,14.07,1.287,25.8,motor,
181800,1791190981800,56.632461,-4.657768,88.15,279.6,320.9,11,0.7,0.001,0.017,1642,88,65,13.4,14.08,1.288,25.8,motor,
182000,1791190982000,56.632469,-4.657847,88.16,279.5,320.9,11,0.7,0.001,0.017,1643,88,65,13.4,14.08,1.288,25.9,motor,
182200,1791190982200,56.632476,-4.657926,88.17,279.5,320.8,11,0.7,0.001,0.013,1645,88,65.1,13.4,14.08,1.288,25.9,motor,
182400,1791190982400,56.632483,-4.658005,88.18,279.4,320.8,11,0.7,0.001,0.017,1647,88,65.1,13.4,14.08,1.289,25.9,motor,
182600,1791190982600,56.63249,-4.658084,88.19,279.3,320.8,11,0.7,0.001,0.017,1650,88,65.1,13.4,14.08,1.289,25.9,motor,
182800,1791190982800,56.632497,-4.658163,88.2,279.3,320.8,11,0.7,0.001,0.013,1652,88,65.1,13.4,14.08,1.289,25.9,motor,
183000,1791190983000,56.632504,-4.658242,88.21,279.2,320.8,11,0.7,0.001,0.013,1654,88,65.2,13.4,14.08,1.289,25.9,motor,
183200,1791190983200,56.632511,-4.658321,88.22,279.1,320.8,11,0.7,0.001,0.017,1655,88,65.2,13.4,14.08,1.29,26,motor,
183400,1791190983400,56.632518,-4.6584,88.23,279.1,320.8,11,0.7,0.001,0.013,1655,88,65.2,13.4,14.08,1.29,26,motor,
183600,1791190983600,56.632525,-4.658479,88.24,279,320.7,11,0.7,0.001,0.013,1654,88,65.2,13.4,14.08,1.29,26,motor,
183800,1791190983800,56.632532,-4.658558,88.25,278.9,320.7,11,0.7,0.001,0.017,1652,88,65.3,13.4,14.08,1.291,26,motor,
184000,1791190984000,56.632539,-4.658637,88.26,278.8,320.7,11,0.7,0.001,0.017,1650,88,65.3,13.4,14.09,1.291,26,motor,
184200,1791190984200,56.632546,-4.658716,88.27,278.8,320.7,11,0.7,0.001,0.013,1648,88,65.3,13.4,14.09,1.291,26,motor,
184400,1791190984400,56.632552,-4.658795,88.28,278.7,320.7,11,0.7,0.001,0.017,1646,88,65.4,13.4,14.09,1.292,26,motor,
184600,1791190984600,56.632559,-4.658874,88.29,278.6,320.7,11,0.7,0.001,0.017,1645,88,65.4,13.4,14.09,1.292,26.1,motor,
184800,1791190984800,56.632566,-4.658953,88.31,278.6,320.7,11,0.7,0.002,0.013,1645,88,65.4,13.4,14.09,1.292,26.1,motor,
185000,1791190985000,56.632572,-4.659033,88.32,278.5,320.6,11,0.7,0.002,0.013,1646,88,65.4,13.4,14.09,1.292,26.1,motor,
185200,1791190985200,56.632579,-4.659112,88.33,278.4,320.6,11,0.7,0.002,0.017,1648,88,65.5,13.4,14.09,1.293,26.1,motor,
185400,1791190985400,56.632585,-4.659191,88.34,278.4,320.6,11,0.7,0.002,0.013,1650,88,65.5,13.4,14.1,1.293,26.1,motor,
185600,1791190985600,56.632592,-4.659271,88.36,278.3,320.6,11,0.7,0.002,0.013,1653,88,65.5,13.4,14.1,1.293,26.1,motor,
185800,1791190985800,56.632598,-4.65935,88.37,278.2,320.6,11,0.7,0.002,0.017,1656,88,65.5,13.4,14.1,1.294,26.1,motor,
186000,1791190986000,56.632604,-4.659429,88.38,278.2,320.6,11,0.7,0.002,0.013,1658,88,65.6,13.4,14.1,1.294,26.2,motor,
186200,1791190986200,56.632611,-4.659509,88.4,278.1,320.6,11,0.7,0.002,0.013,1659,88,65.6,13.4,14.1,1.294,26.2,motor,
186400,1791190986400,56.632617,-4.659588,88.41,278,320.5,11,0.7,0.002,0.017,1659,88,65.6,13.4,14.1,1.295,26.2,motor,
186600,1791190986600,56.632623,-4.659667,88.42,278,320.5,11,0.7,0.002,0.013,1658,88,65.6,13.4,14.1,1.295,26.2,motor,
186800,1791190986800,56.632629,-4.659747,88.44,277.9,320.5,11,0.7,0.002,0.013,1656,88,65.7,13.4,14.11,1.295,26.2,motor,
187000,1791190987000,56.632635,-4.659826,88.45,277.8,320.5,11,0.7,0.002,0.017,1654,88,65.7,13.4,14.11,1.296,26.2,motor,
187200,1791190987200,56.632641,-4.659906,88.47,277.8,320.5,11,0.7,0.002,0.013,1651,88,65.7,13.4,14.11,1.296,26.2,motor,
187400,1791190987400,56.632647,-4.659985,88.48,277.7,320.5,11,0.7,0.002,0.013,1650,88,65.8,13.4,14.11,1.296,26.3,motor,
187600,1791190987600,56.632653,-4.660065,88.5,277.7,320.4,11,0.7,0.002,0.013,1649,88,65.8,13.4,14.11,1.296,26.3,motor,
187800,1791190987800,56.632659,-4.660144,88.51,277.6,320.4,11,0.7,0.002,0.013,1649,89,65.8,13.4,14.11,1.297,26.3,motor,
188000,1791190988000,56.632665,-4.660224,88.53,277.5,320.4,11,0.7,0.002,0.013,1650,89,65.8,13.4,14.12,1.297,26.3,motor,
188200,1791190988200,56.63267,-4.660304,88.54,277.5,320.4,11,0.7,0.002,0.013,1652,89,65.9,13.4,14.12,1.297,26.3,motor,
188400,1791190988400,56.632676,-4.660383,88.56,277.4,320.4,11,0.7,0.002,0.013,1654,89,65.9,13.4,14.12,1.298,26.3,motor,
188600,1791190988600,56.632682,-4.660463,88.57,277.3,320.4,11,0.7,0.002,0.018,1657,89,65.9,13.4,14.12,1.298,26.3,motor,
188800,1791190988800,56.632687,-4.660543,88.59,277.3,320.3,11,0.7,0.002,0.013,1660,89,65.9,13.4,14.12,1.298,26.3,motor,
189000,1791190989000,56.632693,-4.660622,88.61,277.2,320.3,11,0.7,0.002,0.013,1662,89,66,13.4,14.12,1.298,26.4,motor,
189200,1791190989200,56.632699,-4.660702,88.62,277.2,320.3,11,0.7,0.002,0.013,1663,89,66,13.4,14.13,1.299,26.4,motor,
189400,1791190989400,56.632704,-4.660782,88.64,277.1,320.3,11,0.7,0.002,0.013,1663,89,66,13.4,14.13,1.299,26.4,motor,
189600,1791190989600,56.63271,-4.660862,88.66,277,320.3,11,0.7,0.003,0.013,1662,89,66,13.4,14.13,1.299,26.4,motor,
189800,1791190989800,56.632715,-4.660942,88.67,277,320.3,11,0.7,0.002,0.013,1660,89,66.1,13.4,14.13,1.3,26.4,motor,
190000,1791190990000,56.63272,-4.661021,88.69,276.9,320.2,11,0.7,0.002,0.013,1658,89,66.1,13.4,14.13,1.3,26.4,motor,
190200,1791190990200,56.632726,-4.661101,88.71,276.8,320.2,11,0.7,0.003,0.018,1656,89,66.1,13.4,14.13,1.3,26.4,motor,
190400,1791190990400,56.632731,-4.661181,88.73,276.8,320.2,11,0.7,0.003,0.013,1654,89,66.1,13.4,14.14,1.3,26.4,motor,
190600,1791190990600,56.632736,-4.661261,88.74,276.7,320.2,11,0.7,0.002,0.013,1653,89,66.2,13.4,14.14,1.301,26.5,motor,
190800,1791190990800,56.632741,-4.661341,88.76,276.7,320.2,11,0.7,0.003,0.013,1653,89,66.2,13.4,14.14,1.301,26.5,motor,
191000,1791190991000,56.632746,-4.661421,88.78,276.6,320.2,11,0.7,0.003,0.013,1655,89,66.2,13.4,14.14,1.301,26.5,motor,
191200,1791190991200,56.632751,-4.661501,88.8,276.5,320.1,11,0.7,0.003,0.013,1657,89,66.2,13.4,14.14,1.302,26.5,motor,
191400,1791190991400,56.632756,-4.661581,88.82,276.5,320.1,11,0.7,0.003,0.013,1659,89,66.3,13.5,14.14,1.302,26.5,motor,
191600,1791190991600,56.632761,-4.661661,88.83,276.4,320.1,11,0.7,0.003,0.013,1662,89,66.3,13.5,14.14,1.302,26.5,motor,
191800,1791190991800,56.632766,-4.661741,88.85,276.4,320.1,11,0.7,0.003,0.013,1665,89,66.3,13.5,14.15,1.302,26.5,motor,
192000,1791190992000,56.632771,-4.661821,88.87,276.3,320.1,11,0.7,0.003,0.013,1667,89,66.3,13.5,14.15,1.303,26.5,motor,
192200,1791190992200,56.632776,-4.661901,88.89,276.2,320,11,0.7,0.003,0.013,1668,89,66.4,13.5,14.15,1.303,26.6,motor,
192400,1791190992400,56.632781,-4.661982,88.91,276.2,320,11,0.7,0.003,0.013,1668,89,66.4,13.5,14.15,1.303,26.6,motor,
192600,1791190992600,56.632786,-4.662062,88.93,276.1,320,11,0.7,0.003,0.013,1667,89,66.4,13.5,14.15,1.303,26.6,motor,
192800,1791190992800,56.63279,-4.662142,88.95,276.1,320,11,0.7,0.003,0.013,1665,89,66.4,13.5,14.15,1.304,26.6,motor,
193000,1791190993000,56.632795,-4.662222,88.97,276,320,11,0.7,0.003,0.013,1663,89,66.5,13.5,14.15,1.304,26.6,motor,
193200,1791190993200,56.6328,-4.662303,88.99,275.9,320,11,0.7,0.003,0.013,1661,89,66.5,13.5,14.16,1.304,26.6,motor,
193400,1791190993400,56.632804,-4.662383,89.01,275.9,319.9,11,0.7,0.003,0.013,1659,89,66.5,13.5,14.16,1.305,26.6,motor,
193600,1791190993600,56.632809,-4.662463,89.03,275.8,319.9,11,0.7,0.003,0.013,1659,89,66.5,13.5,14.16,1.305,26.6,motor,
193800,1791190993800,56.632813,-4.662544,89.05,275.8,319.9,11,0.7,0.003,0.013,1659,89,66.6,13.5,14.16,1.305,26.7,motor,
194000,1791190994000,56.632818,-4.662624,89.07,275.7,319.9,12,0.7,0.003,0.013,1660,89,66.6,13.5,14.16,1.305,26.7,motor,
194200,1791190994200,56.632822,-4.662704,89.09,275.7,319.9,12,0.7,0.003,0.009,1662,89,66.6,13.5,14.16,1.306,26.7,motor,
194400,1791190994400,56.632827,-4.662785,89.11,275.6,319.9,12,0.7,0.003,0.013,1665,89,66.6,13.5,14.16,1.306,26.7,motor,
194600,1791190994600,56.632831,-4.662865,89.13,275.5,319.8,12,0.7,0.003,0.013,1668,89,66.7,13.5,14.16,1.306,26.7,motor,
194800,1791190994800,56.632835,-4.662946,89.15,275.5,319.8,12,0.7,0.003,0.013,1670,89,66.7,13.5,14.16,1.306,26.7,motor,
195000,1791190995000,56.63284,-4.663026,89.17,275.4,319.8,12,0.7,0.003,0.013,1672,89,66.7,13.5,14.16,1.307,26.7,motor,
195200,1791190995200,56.632844,-4.663107,89.19,275.4,319.8,12,0.7,0.003,0.013,1673,89,66.7,13.5,14.16,1.307,26.7,motor,
195400,1791190995400,56.632848,-4.663187,89.21,275.3,319.8,12,0.7,0.003,0.013,1673,89,66.8,13.5,14.17,1.307,26.7,motor,
195600,1791190995600,56.632852,-4.663268,89.23,275.3,319.7,12,0.7,0.003,0.009,1672,89,66.8,13.5,14.17,1.307,26.7,motor,
195800,1791190995800,56.632856,-4.663349,89.25,275.2,319.7,12,0.7,0.003,0.013,1671,89,66.8,13.5,14.17,1.307,26.8,motor,
196000,1791190996000,56.63286,-4.663429,89.27,275.2,319.7,12,0.7,0.003,0.009,1669,89,66.8,13.5,14.17,1.308,26.8,motor,
196200,1791190996200,56.632864,-4.66351,89.3,275.1,319.7,12,0.7,0.003,0.013,1667,89,66.9,13.5,14.17,1.308,26.8,motor,
196400,1791190996400,56.632868,-4.663591,89.32,275,319.7,12,0.7,0.003,0.013,1665,89,66.9,13.5,14.17,1.308,26.8,motor,
196600,1791190996600,56.632872,-4.663671,89.34,275,319.7,12,0.7,0.003,0.013,1664,89,66.9,13.5,14.17,1.308,26.8,motor,
196800,1791190996800,56.632876,-4.663752,89.36,274.9,319.6,12,0.7,0.003,0.013,1665,89,66.9,13.5,14.17,1.309,26.8,motor,
197000,1791190997000,56.63288,-4.663833,89.38,274.9,319.6,12,0.7,0.003,0.013,1666,89,67,13.5,14.17,1.309,26.8,motor,
197200,1791190997200,56.632883,-4.663914,89.4,274.8,319.6,12,0.7,0.003,0.013,1668,89,67,13.5,14.17,1.309,26.8,motor,
197400,1791190997400,56.632887,-4.663994,89.43,274.8,319.6,12,0.7,0.003,0.009,1671,89,67,13.5,14.17,1.309,26.8,motor,
197600,1791190997600,56.632891,-4.664075,89.45,274.7,319.6,12,0.7,0.003,0.013,1674,89,67,13.5,14.17,1.309,26.8,motor,
197800,1791190997800,56.632895,-4.664156,89.47,274.7,319.5,12,0.7,0.003,0.009,1676,89,67.1,13.5,14.17,1.31,26.8,motor,
198000,1791190998000,56.632898,-4.664237,89.49,274.6,319.5,12,0.7,0.003,0.013,1678,89,67.1,13.5,14.17,1.31,26.9,motor,
198200,1791190998200,56.632902,-4.664318,89.51,274.5,319.5,12,0.7,0.003,0.013,1679,90,67.1,13.5,14.17,1.31,26.9,motor,
198400,1791190998400,56.632905,-4.664399,89.54,274.5,319.5,12,0.7,0.003,0.013,1679,90,67.1,13.5,14.17,1.31,26.9,motor,
198600,1791190998600,56.632909,-4.66448,89.56,274.4,319.5,12,0.7,0.003,0.013,1679,90,67.2,13.5,14.17,1.31,26.9,motor,
198800,1791190998800,56.632912,-4.664561,89.58,274.4,319.5,12,0.7,0.003,0.013,1677,90,67.2,13.5,14.17,1.311,26.9,motor,
199000,1791190999000,56.632916,-4.664642,89.6,274.3,319.4,12,0.7,0.003,0.013,1675,90,67.2,13.5,14.17,1.311,26.9,motor,
199200,1791190999200,56.632919,-4.664723,89.63,274.3,319.4,12,0.7,0.003,0.009,1673,90,67.2,13.5,14.17,1.311,26.9,motor,
199400,1791190999400,56.632922,-4.664804,89.65,274.2,319.4,12,0.7,0.003,0.013,1671,90,67.3,13.5,14.17,1.311,26.9,motor,
199600,1791190999600,56.632926,-4.664885,89.67,274.2,319.4,12,0.7,0.003,0.009,1671,90,67.3,13.5,14.17,1.311,26.9,motor,
199800,1791190999800,56.632929,-4.664966,89.69,274.1,319.4,12,0.7,0.003,0.013,1671,90,67.3,13.5,14.17,1.312,26.9,motor,
200000,1791191000000,56.632932,-4.665047,89.72,274.1,319.3,12,0.7,0.003,0.009,1672,90,67.3,13.5,14.17,1.312,26.9,motor,
200200,1791191000200,56.632935,-4.665129,89.74,274,319.3,12,0.7,0.003,0.013,1675,90,67.4,13.5,14.17,1.312,26.9,motor,
200400,1791191000400,56.632938,-4.66521,89.76,274,319.3,12,0.7,0.003,0.009,1677,90,67.4,13.5,14.17,1.312,26.9,motor,
200600,1791191000600,56.632941,-4.665291,89.78,273.9,319.3,12,0.7,0.003,0.013,1680,90,67.4,13.5,14.17,1.312,27,motor,
200800,1791191000800,56.632944,-4.665372,89.81,273.9,319.3,12,0.7,0.003,0.009,1683,90,67.4,13.5,14.16,1.312,27,motor,
201000,1791191001000,56.632947,-4.665454,89.83,273.8,319.3,12,0.7,0.003,0.013,1685,90,67.5,13.5,14.16,1.313,27,motor,
201200,1791191001200,56.63295,-4.665535,89.85,273.8,319.2,12,0.7,0.003,0.009,1686,90,67.5,13.5,14.16,1.313,27,motor,
201400,1791191001400,56.632953,-4.665616,89.87,273.7,319.2,12,0.7,0.003,0.013,1686,90,67.5,13.5,14.16,1.313,27,motor,
201600,1791191001600,56.632956,-4.665698,89.9,273.6,319.2,12,0.7,0.003,0.013,1685,90,67.5,13.5,14.16,1.313,27,motor,
201800,1791191001800,56.632959,-4.665779,89.92,273.6,319.2,12,0.7,0.003,0.013,1683,90,67.6,13.5,14.16,1.313,27,motor,
202000,1791191002000,56.632962,-4.665861,89.94,273.5,319.2,12,0.7,0.003,0.013,1681,90,67.6,13.5,14.16,1.313,27,motor,
202200,1791191002200,56.632965,-4.665942,89.97,273.5,319.2,12,0.7,0.003,0.013,1679,90,67.6,13.5,14.16,1.314,27,motor,
202400,1791191002400,56.632967,-4.666023,89.99,273.4,319.1,12,0.7,0.003,0.013,1678,90,67.6,13.5,14.16,1.314,27,motor,
202600,1791191002600,56.63297,-4.666105,90.01,273.4,319.1,12,0.7,0.003,0.009,1677,90,67.7,13.5,14.16,1.314,27,motor,
202800,1791191002800,56.632973,-4.666186,90.03,273.3,319.1,12,0.7,0.003,0.013,1677,90,67.7,13.5,14.15,1.314,27,motor,
203000,1791191003000,56.632975,-4.666268,90.06,273.3,319.1,12,0.7,0.003,0.009,1679,90,67.7,13.5,14.15,1.314,27,motor,
203200,1791191003200,56.632978,-4.66635,90.08,273.2,319.1,12,0.7,0.003,0.013,1681,90,67.7,13.5,14.15,1.314,27,motor,
203400,1791191003400,56.63298,-4.666431,90.1,273.2,319.1,12,0.7,0.003,0.009,1684,90,67.7,13.5,14.15,1.314,27,motor,
203600,1791191003600,56.632983,-4.666513,90.13,273.1,319,12,0.7,0.003,0.013,1687,90,67.8,13.5,14.15,1.315,27,motor,
203800,1791191003800,56.632985,-4.666594,90.15,273.1,319,12,0.7,0.003,0.009,1689,90,67.8,13.5,14.15,1.315,27,motor,
204000,1791191004000,56.632988,-4.666676,90.17,273,319,12,0.7,0.003,0.013,1691,90,67.8,13.5,14.15,1.315,27,motor,
204200,1791191004200,56.63299,-4.666758,90.19,273,319,12,0.7,0.003,0.009,1692,90,67.8,13.5,14.15,1.315,27,motor,
204400,1791191004400,56.632992,-4.66684,90.22,272.9,319,12,0.7,0.003,0.013,1692,90,67.9,13.5,14.14,1.315,27,motor,
204600,1791191004600,56.632995,-4.666921,90.24,272.9,319,12,0.7,0.003,0.009,1691,90,67.9,13.5,14.14,1.315,27,motor,
204800,1791191004800,56.632997,-4.667003,90.26,272.8,318.9,12,0.7,0.003,0.013,1689,90,67.9,13.5,14.14,1.315,27.1,motor,
205000,1791191005000,56.632999,-4.667085,90.28,272.8,318.9,12,0.7,0.003,0.009,1687,90,67.9,13.5,14.14,1.315,27.1,motor,
205200,1791191005200,56.633001,-4.667167,90.31,272.7,318.9,12,0.7,0.003,0.013,1685,90,68,13.6,14.14,1.315,27.1,motor,
205400,1791191005400,56.633003,-4.667248,90.33,272.7,318.9,12,0.7,0.003,0.009,1684,90,68,13.6,14.14,1.316,27.1,motor,
205600,1791191005600,56.633006,-4.66733,90.35,272.6,318.9,12,0.7,0.003,0.013,1683,90,68,13.6,14.13,1.316,27.1,motor,
205800,1791191005800,56.633008,-4.667412,90.37,272.6,318.9,12,0.7,0.003,0.009,1684,90,68,13.6,14.13,1.316,27.1,motor,
206000,1791191006000,56.63301,-4.667494,90.4,272.5,318.8,12,0.7,0.003,0.013,1685,90,68.1,13.6,14.13,1.316,27.1,motor,
206200,1791191006200,56.633012,-4.667576,90.42,272.5,318.8,12,0.7,0.003,0.009,1687,90,68.1,13.6,14.13,1.316,27.1,motor,
206400,1791191006400,56.633014,-4.667658,90.44,272.4,318.8,12,0.7,0.003,0.013,1690,90,68.1,13.6,14.13,1.316,27.1,motor,
206600,1791191006600,56.633015,-4.66774,90.46,272.4,318.8,12,0.7,0.003,0.009,1693,90,68.1,13.6,14.13,1.316,27.1,motor,
206800,1791191006800,56.633017,-4.667822,90.49,272.3,318.8,12,0.7,0.003,0.013,1696,90,68.1,13.6,14.12,1.316,27.1,motor,
207000,1791191007000,56.633019,-4.667904,90.51,272.3,318.8,12,0.7,0.003,0.009,1698,91,68.2,13.6,14.12,1.316,27.1,motor,
207200,1791191007200,56.633021,-4.667986,90.53,272.2,318.7,12,0.7,0.003,0.013,1699,91,68.2,13.6,14.12,1.316,27.1,motor,
207400,1791191007400,56.633023,-4.668068,90.55,272.2,318.7,12,0.7,0.003,0.009,1698,91,68.2,13.6,14.12,1.316,27.1,motor,
207600,1791191007600,56.633024,-4.66815,90.57,272.1,318.7,12,0.7,0.003,0.013,1697,91,68.2,13.6,14.12,1.316,27.1,motor,
207800,1791191007800,56.633026,-4.668232,90.6,272.1,318.7,12,0.7,0.003,0.009,1696,91,68.3,13.6,14.12,1.316,27.1,motor,
208000,1791191008000,56.633028,-4.668314,90.62,272,318.7,12,0.7,0.003,0.013,1693,91,68.3,13.6,14.11,1.316,27.1,motor,
208200,1791191008200,56.633029,-4.668397,90.64,272,318.7,12,0.7,0.003,0.009,1691,91,68.3,13.6,14.11,1.317,27.1,motor,
208400,1791191008400,56.633031,-4.668479,90.66,271.9,318.7,12,0.7,0.003,0.013,1690,91,68.3,13.6,14.11,1.317,27.1,motor,
208600,1791191008600,56.633032,-4.668561,90.68,271.9,318.6,12,0.7,0.003,0.009,1689,91,68.4,13.6,14.11,1.317,27.1,motor,
208800,1791191008800,56.633034,-4.668643,90.7,271.8,318.6,12,0.7,0.003,0.013,1690,91,68.4,13.6,14.11,1.317,27.1,motor,
209000,1791191009000,56.633035,-4.668726,90.73,271.8,318.6,12,0.7,0.003,0.009,1691,91,68.4,13.6,14.11,1.317,27.1,motor,
209200,1791191009200,56.633037,-4.668808,90.75,271.7,318.6,12,0.7,0.003,0.013,1694,91,68.4,13.6,14.1,1.317,27.1,motor,
209400,1791191009400,56.633038,-4.66889,90.77,271.7,318.6,12,0.7,0.003,0.009,1696,91,68.5,13.6,14.1,1.317,27.1,motor,
209600,1791191009600,56.633039,-4.668972,90.79,271.6,318.6,12,0.7,0.003,0.013,1699,91,68.5,13.6,14.1,1.317,27.1,motor,
209800,1791191009800,56.633041,-4.669055,90.81,271.6,318.6,12,0.7,0.003,0.009,1702,91,68.5,13.6,14.1,1.317,27.1,motor,
210000,1791191010000,56.633042,-4.669137,90.83,271.5,318.5,12,0.7,0.003,0.013,1704,91,68.5,13.6,14.1,1.317,27.1,motor,
210200,1791191010200,56.633043,-4.669219,90.85,271.5,318.5,12,0.7,0.003,0.009,1705,91,68.5,13.6,14.1,1.317,27.1,motor,
210400,1791191010400,56.633044,-4.669302,90.87,271.4,318.5,12,0.7,0.003,0.013,1704,91,68.6,13.6,14.1,1.317,27.1,motor,
210600,1791191010600,56.633045,-4.669384,90.89,271.4,318.5,12,0.7,0.003,0.009,1703,91,68.6,13.6,14.09,1.317,27.1,motor,
210800,1791191010800,56.633046,-4.669467,90.91,271.4,318.5,12,0.7,0.003,0.009,1701,91,68.6,13.6,14.09,1.317,27.1,motor,
211000,1791191011000,56.633048,-4.669549,90.93,271.3,318.5,12,0.7,0.003,0.009,1699,91,68.6,13.6,14.09,1.317,27.1,motor,
211200,1791191011200,56.633049,-4.669632,90.95,271.3,318.5,12,0.7,0.003,0.009,1697,91,68.7,13.6,14.09,1.317,27.1,motor,
211400,1791191011400,56.63305,-4.669714,90.97,271.2,318.5,12,0.7,0.003,0.009,1696,91,68.7,13.6,14.09,1.317,27.1,motor,
211600,1791191011600,56.63305,-4.669797,90.99,271.2,318.4,12,0.7,0.003,0.009,1695,91,68.7,13.6,14.09,1.317,27.1,motor,
211800,1791191011800,56.633051,-4.669879,91.01,271.1,318.4,12,0.7,0.003,0.013,1696,91,68.7,13.6,14.09,1.317,27.1,motor,
212000,1791191012000,56.633052,-4.669962,91.03,271.1,318.4,12,0.8,0.003,0.009,1697,91,68.7,13.6,14.08,1.317,27.1,motor,
212200,1791191012200,56.633053,-4.670044,91.05,271,318.4,12,0.8,0.003,0.013,1699,91,68.8,13.6,14.08,1.317,27.1,motor,
212400,1791191012400,56.633054,-4.670127,91.07,271,318.4,12,0.8,0.003,0.009,1702,91,68.8,13.6,14.08,1.317,27.1,motor,
212600,1791191012600,56.633055,-4.670209,91.09,270.9,318.4,12,0.8,0.003,0.014,1705,91,68.8,13.6,14.08,1.317,27.1,motor,
212800,1791191012800,56.633055,-4.670292,91.11,270.9,318.4,12,0.8,0.003,0.009,1708,91,68.8,13.6,14.08,1.317,27,motor,
213000,1791191013000,56.633056,-4.670375,91.13,270.8,318.4,12,0.8,0.003,0.014,1709,91,68.9,13.6,14.08,1.317,27,motor,
213200,1791191013200,56.633057,-4.670457,91.15,270.8,318.4,12,0.8,0.003,0.009,1710,91,68.9,13.6,14.08,1.317,27,motor,
213400,1791191013400,56.633057,-4.67054,91.17,270.7,318.3,12,0.8,0.003,0.014,1710,91,68.9,13.6,14.08,1.317,27,motor,
213600,1791191013600,56.633058,-4.670623,91.18,270.7,318.3,12,0.8,0.003,0.009,1709,91,68.9,13.6,14.08,1.317,27,motor,
213800,1791191013800,56.633058,-4.670706,91.2,270.6,318.3,12,0.8,0.003,0.014,1707,91,69,13.6,14.08,1.317,27,motor,
214000,1791191014000,56.633059,-4.670788,91.22,270.6,318.3,12,0.8,0.003,0.009,1705,91,69,13.6,14.08,1.316,27,motor,
214200,1791191014200,56.633059,-4.670871,91.24,270.5,318.3,12,0.8,0.003,0.014,1703,91,69,13.6,14.07,1.316,27,motor,
214400,1791191014400,56.63306,-4.670954,91.26,270.5,318.3,12,0.8,0.003,0.009,1701,91,69,13.6,14.07,1.316,27,motor,
214600,1791191014600,56.63306,-4.671037,91.27,270.4,318.3,12,0.8,0.003,0.014,1701,91,69,13.6,14.07,1.316,27,motor,
214800,1791191014800,56.633061,-4.671119,91.29,270.4,318.3,12,0.8,0.003,0.009,1701,91,69.1,13.6,14.07,1.316,27,motor,
215000,1791191015000,56.633061,-4.671202,91.31,270.4,318.3,12,0.8,0.003,0.009,1702,91,69.1,13.6,14.07,1.316,27,motor,
215200,1791191015200,56.633061,-4.671285,91.33,270.3,318.3,12,0.8,0.003,0.009,1705,91,69.1,13.6,14.07,1.316,27,motor,
215400,1791191015400,56.633061,-4.671368,91.34,270.3,318.2,12,0.8,0.002,0.009,1707,91,69.1,13.6,14.07,1.316,27,motor,
215600,1791191015600,56.633062,-4.671451,91.36,270.2,318.2,12,0.8,0.003,0.009,1710,91,69.2,13.6,14.07,1.316,27,motor,
215800,1791191015800,56.633062,-4.671534,91.38,270.2,318.2,12,0.8,0.003,0.009,1713,91,69.2,13.6,14.07,1.316,27,motor,
216000,1791191016000,56.633062,-4.671617,91.39,270.1,318.2,12,0.8,0.002,0.014,1714,91,69.2,13.6,14.07,1.316,27,motor,
216200,1791191016200,56.633062,-4.671699,91.41,270.1,318.2,12,0.8,0.002,0.009,1715,91,69.2,13.6,14.07,1.316,27,motor,
216400,1791191016400,56.633062,-4.671782,91.43,270,318.2,12,0.8,0.003,0.014,1715,91,69.2,13.6,14.07,1.316,27,motor,
216600,1791191016600,56.633062,-4.671865,91.44,270,318.2,12,0.8,0.002,0.009,1713,91,69.3,13.6,14.07,1.316,27,motor,
216800,1791191016800,56.633062,-4.671948,91.46,269.9,318.2,12,0.8,0.002,0.014,1711,91,69.3,13.6,14.07,1.315,26.9,motor,
217000,1791191017000,56.633062,-4.672031,91.47,269.9,318.2,12,0.8,0.002,0.009,1709,91,69.3,13.6,14.07,1.315,26.9,motor,
217200,1791191017200,56.633062,-4.672114,91.49,269.8,318.2,12,0.8,0.002,0.014,1707,91,69.3,13.6,14.07,1.315,26.9,motor,
217400,1791191017400,56.633062,-4.672197,91.5,269.8,318.2,12,0.8,0.002,0.009,1706,92,69.3,13.6,14.07,1.315,26.9,motor,
217600,1791191017600,56.633061,-4.67228,91.52,269.7,318.1,12,0.8,0.002,0.014,1705,92,69.4,13.6,14.07,1.315,26.9,motor,
217800,1791191017800,56.633061,-4.672363,91.53,269.7,318.1,12,0.8,0.002,0.009,1705,92,69.4,13.6,14.07,1.315,26.9,motor,
218000,1791191018000,56.633061,-4.672446,91.55,269.7,318.1,12,0.8,0.002,0.009,1707,92,69.4,13.6,14.07,1.315,26.9,motor,
218200,1791191018200,56.633061,-4.672529,91.56,269.6,318.1,12,0.8,0.002,0.009,1709,92,69.4,13.6,14.07,1.315,26.9,motor,
218400,1791191018400,56.63306,-4.672612,91.58,269.6,318.1,12,0.8,0.002,0.009,1712,92,69.5,13.6,14.07,1.315,26.9,motor,
218600,1791191018600,56.63306,-4.672695,91.59,269.5,318.1,12,0.8,0.002,0.009,1715,92,69.5,13.6,14.07,1.314,26.9,motor,
218800,1791191018800,56.63306,-4.672779,91.6,269.5,318.1,12,0.8,0.002,0.009,1717,92,69.5,13.6,14.07,1.314,26.9,motor,
219000,1791191019000,56.633059,-4.672862,91.62,269.4,318.1,12,0.8,0.002,0.014,1718,92,69.5,13.7,14.07,1.314,26.9,motor,
219200,1791191019200,56.633059,-4.672945,91.63,269.4,318.1,12,0.8,0.002,0.009,1719,92,69.5,13.7,14.07,1.314,26.9,motor,
219400,1791191019400,56.633058,-4.673028,91.64,269.3,318.1,12,0.8,0.002,0.014,1719,92,69.6,13.7,14.07,1.314,26.8,motor,
219600,1791191019600,56.633058,-4.673111,91.66,269.3,318.1,12,0.8,0.002,0.009,1717,92,69.6,13.7,14.08,1.314,26.8,motor,
219800,1791191019800,56.633057,-4.673194,91.67,269.2,318.1,12,0.8,0.002,0.014,1715,92,69.6,13.7,14.08,1.314,26.8,motor,
220000,1791191020000,56.633056,-4.673277,91.68,269.2,318.1,12,0.8,0.002,0.009,1713,92,69.6,13.7,14.08,1.313,26.8,motor,
220200,1791191020200,56.633056,-4.673361,91.69,269.1,318.1,12,0.8,0.002,0.014,1711,92,69.7,13.7,14.08,1.313,26.8,motor,
220400,1791191020400,56.633055,-4.673444,91.71,269.1,318.1,12,0.8,0.002,0.009,1709,92,69.7,13.7,14.08,1.313,26.8,motor,
220600,1791191020600,56.633054,-4.673527,91.72,269,318.1,12,0.8,0.002,0.014,1709,92,69.7,13.7,14.08,1.313,26.8,motor,
220800,1791191020800,56.633054,-4.67361,91.73,269,318.1,12,0.8,0.002,0.009,1709,92,69.7,13.7,14.08,1.313,26.8,motor,
221000,1791191021000,56.633053,-4.673693,91.74,269,318,12,0.8,0.002,0.009,1711,92,69.7,13.7,14.08,1.313,26.8,motor,
221200,1791191021200,56.633052,-4.673776,91.75,268.9,318,12,0.8,0.002,0.009,1713,92,69.8,13.7,14.08,1.312,26.8,motor,
221400,1791191021400,56.633051,-4.67386,91.76,268.9,318,12,0.8,0.001,0.009,1715,92,69.8,13.7,14.08,1.312,26.8,motor,
221600,1791191021600,56.63305,-4.673943,91.77,268.8,318,12,0.8,0.001,0.009,1718,92,69.8,13.7,14.09,1.312,26.7,motor,
221800,1791191021800,56.633049,-4.674026,91.78,268.8,318,12,0.8,0.001,0.009,1720,92,69.8,13.7,14.09,1.312,26.7,motor,
222000,1791191022000,56.633048,-4.674109,91.79,268.7,318,12,0.8,0.001,0.014,1722,92,69.8,13.7,14.09,1.312,26.7,motor,
222200,1791191022200,56.633047,-4.674193,91.8,268.7,318,12,0.8,0.001,0.009,1722,92,69.9,13.7,14.09,1.312,26.7,motor,
222400,1791191022400,56.633046,-4.674276,91.81,268.6,318,12,0.8,0.001,0.014,1722,92,69.9,13.7,14.09,1.311,26.7,motor,
222600,1791191022600,56.633045,-4.674359,91.82,268.6,318,12,0.8,0.001,0.009,1720,92,69.9,13.7,14.09,1.311,26.7,motor,
222800,1791191022800,56.633044,-4.674442,91.83,268.5,318,12,0.8,0.001,0.014,1718,92,69.9,13.7,14.09,1.311,26.7,motor,
223000,1791191023000,56.633043,-4.674526,91.84,268.5,318,12,0.8,0.001,0.009,1716,92,70,13.7,14.09,1.311,26.7,motor,
223200,1791191023200,56.633041,-4.674609,91.85,268.4,318,12,0.8,0.001,0.014,1714,92,70,13.7,14.1,1.311,26.7,motor,
223400,1791191023400,56.63304,-4.674692,91.86,268.4,318,12,0.8,0.001,0.009,1712,92,70,13.7,14.1,1.31,26.7,motor,
223600,1791191023600,56.633039,-4.674776,91.87,268.3,318,12,0.8,0.001,0.014,1712,92,70,13.7,14.1,1.31,26.6,motor,
223800,1791191023800,56.633037,-4.674859,91.88,268.3,318,12,0.8,0.001,0.009,1712,92,70,13.7,14.1,1.31,26.6,motor,
224000,1791191024000,56.633036,-4.674942,91.88,268.3,318,12,0.8,0.001,0.009,1713,92,70.1,13.7,14.1,1.31,26.6,motor,
224200,1791191024200,56.633035,-4.675026,91.89,268.2,318,12,0.8,0.001,0.009,1716,92,70.1,13.7,14.1,1.31,26.6,motor,
224400,1791191024400,56.633033,-4.675109,91.9,268.2,318,12,0.8,0.001,0.009,1718,92,70.1,13.7,14.11,1.309,26.6,motor,
224600,1791191024600,56.633032,-4.675192,91.91,268.1,318,12,0.8,0.001,0.009,1721,92,70.1,13.7,14.11,1.309,26.6,motor,
224800,1791191024800,56.63303,-4.675276,91.91,268.1,318,12,0.8,0.001,0.009,1723,92,70.1,13.7,14.11,1.309,26.6,motor,
225000,1791191025000,56.633029,-4.675359,91.92,268,318,12,0.8,0.001,0.014,1724,92,70.2,13.7,14.11,1.309,26.6,motor,
225200,1791191025200,56.633027,-4.675442,91.93,268,318,12,0.8,0.001,0.009,1725,92,70.2,13.7,14.11,1.309,26.6,motor,
225400,1791191025400,56.633025,-4.675526,91.93,267.9,318,12,0.8,0.001,0.014,1724,92,70.2,13.7,14.11,1.308,26.5,motor,
225600,1791191025600,56.633024,-4.675609,91.94,267.9,318,12,0.8,0.001,0.009,1722,92,70.2,13.7,14.12,1.308,26.5,motor,
225800,1791191025800,56.633022,-4.675692,91.94,267.8,318,12,0.8,0.001,0.014,1720,92,70.2,13.7,14.12,1.308,26.5,motor,
226000,1791191026000,56.63302,-4.675776,91.95,267.8,318,12,0.8,0.001,0.009,1718,92,70.3,13.7,14.12,1.308,26.5,motor,
226200,1791191026200,56.633019,-4.675859,91.95,267.7,318,12,0.8,0.001,0.014,1716,92,70.3,13.7,14.12,1.307,26.5,motor,
226400,1791191026400,56.633017,-4.675942,91.96,267.7,318,12,0.8,0.001,0.009,1714,92,70.3,13.7,14.12,1.307,26.5,motor,
226600,1791191026600,56.633015,-4.676026,91.96,267.7,318,12,0.8,0.001,0.009,1713,92,70.3,13.7,14.12,1.307,26.5,motor,
226800,1791191026800,56.633013,-4.676109,91.97,267.6,318,12,0.8,0.001,0.009,1714,92,70.4,13.7,14.13,1.307,26.5,motor,
227000,1791191027000,56.633011,-4.676192,91.97,267.6,318,12,0.8,0.001,0.009,1715,92,70.4,13.7,14.13,1.306,26.4,motor,
227200,1791191027200,56.633009,-4.676276,91.97,267.5,318,12,0.8,0.001,0.009,1717,92,70.4,13.7,14.13,1.306,26.4,motor,
227400,1791191027400,56.633007,-4.676359,91.98,267.5,318,12,0.8,0.001,0.009,1720,92,70.4,13.7,14.13,1.306,26.4,motor,
227600,1791191027600,56.633005,-4.676442,91.98,267.4,318,12,0.8,0.001,0.014,1722,92,70.4,13.7,14.13,1.306,26.4,motor,
227800,1791191027800,56.633003,-4.676526,91.98,267.4,318,12,0.8,0,0.009,1724,92,70.5,13.7,14.13,1.305,26.4,motor,
228000,1791191028000,56.633001,-4.676609,91.99,267.3,318,12,0.8,0.001,0.014,1725,92,70.5,13.7,14.13,1.305,26.4,motor,
228200,1791191028200,56.632999,-4.676692,91.99,267.3,318,12,0.8,0.001,0.009,1726,92,70.5,13.7,14.14,1.305,26.4,motor,
228400,1791191028400,56.632996,-4.676776,91.99,267.2,318,12,0.8,0,0.014,1725,92,70.5,13.7,14.14,1.305,26.3,motor,
228600,1791191028600,56.632994,-4.676859,91.99,267.2,318,12,0.8,0,0.009,1723,92,70.5,13.7,14.14,1.304,26.3,motor,
228800,1791191028800,56.632992,-4.676942,92,267.1,318,12,0.8,0.001,0.014,1721,92,70.6,13.7,14.14,1.304,26.3,motor,
229000,1791191029000,56.63299,-4.677026,92,267.1,318,12,0.8,0,0.009,1719,92,70.6,13.7,14.14,1.304,26.3,motor,
229200,1791191029200,56.632987,-4.677109,92,267,318,12,0.8,0,0.014,1716,92,70.6,13.7,14.14,1.304,26.3,motor,
229400,1791191029400,56.632985,-4.677192,92,267,318,12,0.8,0,0.009,1715,92,70.6,13.7,14.15,1.303,26.3,motor,
229600,1791191029600,56.632983,-4.677276,92,266.9,318,12,0.8,0,0.014,1714,92,70.6,13.7,14.15,1.303,26.3,motor,
229800,1791191029800,56.63298,-4.677359,92,266.9,318,12,0.8,0,0.009,1714,92,70.7,13.7,14.15,1.303,26.3,motor,
230000,1791191030000,56.632978,-4.677442,92,266.9,318.1,12,0.8,0,0.009,1716,92,70.7,13.7,14.15,1.303,26.2,motor,
230200,1791191030200,56.632975,-4.677526,92,266.8,318.1,12,0.8,0,0.009,1718,92,70.7,13.7,14.15,1.303,26.2,motor,
230400,1791191030400,56.632972,-4.677609,92,266.8,318.1,12,0.8,0,0.009,1720,92,70.7,13.7,14.15,1.303,26.2,motor,
230600,1791191030600,56.63297,-4.677692,92,266.7,318.1,12,0.8,0,0.009,1723,92,70.7,13.7,14.15,1.303,26.2,motor,
230800,1791191030800,56.632967,-4.677776,92,266.7,318.1,12,0.8,0,0.009,1725,92,70.8,13.7,14.15,1.303,26.2,motor,
231000,1791191031000,56.632965,-4.677859,92,266.6,318.1,12,0.8,0,0.014,1726,92,70.8,13.7,14.16,1.303,26.2,motor,
231200,1791191031200,56.632962,-4.677942,92,266.6,318.1,12,0.8,0,0.009,1726,92,70.8,13.8,14.16,1.303,26.2,motor,
231400,1791191031400,56.632959,-4.678026,91.99,266.5,318.1,12,0.8,0,0.014,1725,92,70.8,13.8,14.16,1.303,26.2,motor,
231600,1791191031600,56.632956,-4.678109,91.99,266.5,318.1,12,0.8,0,0.009,1723,92,70.8,13.8,14.16,1.303,26.2,motor,
231800,1791191031800,56.632953,-4.678192,91.99,266.4,318.1,12,0.8,0,0.014,1721,92,70.9,13.8,14.16,1.303,26.2,motor,
232000,1791191032000,56.632951,-4.678276,91.99,266.4,318.1,12,0.8,0,0.009,1718,92,70.9,13.8,14.16,1.302,26.2,motor,
232200,1791191032200,56.632948,-4.678359,91.98,266.3,318.1,12,0.8,-0.001,0.014,1716,92,70.9,13.8,14.16,1.302,26.2,motor,
232400,1791191032400,56.632945,-4.678442,91.98,266.3,318.1,12,0.8,0,0.009,1714,92,70.9,13.8,14.16,1.302,26.2,motor,
232600,1791191032600,56.632942,-4.678525,91.98,266.2,318.1,12,0.8,0,0.014,1714,92,70.9,13.8,14.16,1.302,26.2,motor,
232800,1791191032800,56.632939,-4.678609,91.97,266.2,318.1,12,0.8,-0.001,0.009,1714,92,71,13.8,14.16,1.302,26.2,motor,
233000,1791191033000,56.632936,-4.678692,91.97,266.1,318.1,12,0.8,-0.001,0.014,1715,92,71,13.8,14.17,1.302,26.2,motor,
233200,1791191033200,56.632932,-4.678775,91.96,266.1,318.1,12,0.8,-0.001,0.009,1717,92,71,13.8,14.17,1.302,26.2,motor,
233400,1791191033400,56.632929,-4.678858,91.96,266,318.2,12,0.8,-0.001,0.014,1720,92,71,13.8,14.17,1.302,26.2,motor,
233600,1791191033600,56.632926,-4.678942,91.96,266,318.2,12,0.8,-0.001,0.009,1722,92,71,13.8,14.17,1.302,26.2,motor,
233800,1791191033800,56.632923,-4.679025,91.95,265.9,318.2,12,0.8,-0.001,0.014,1724,92,71.1,13.8,14.17,1.302,26.2,motor,
234000,1791191034000,56.63292,-4.679108,91.95,265.9,318.2,12,0.8,-0.001,0.009,1725,92,71.1,13.8,14.17,1.302,26.2,motor,
234200,1791191034200,56.632916,-4.679191,91.94,265.8,318.2,12,0.8,-0.001,0.014,1725,92,71.1,13.8,14.17,1.302,26.2,motor,
234400,1791191034400,56.632913,-4.679274,91.93,265.8,318.2,12,0.8,-0.001,0.009,1724,92,71.1,13.8,14.17,1.302,26.2,motor,
234600,1791191034600,56.63291,-4.679357,91.93,265.7,318.2,12,0.8,-0.001,0.014,1722,92,71.1,13.8,14.17,1.302,26.2,motor,
234800,1791191034800,56.632906,-4.679441,91.92,265.7,318.2,12,0.8,-0.001,0.009,1719,92,71.2,13.8,14.17,1.302,26.2,motor,
235000,1791191035000,56.632903,-4.679524,91.91,265.7,318.2,12,0.8,-0.001,0.009,1717,92,71.2,13.8,14.17,1.302,26.2,motor,
235200,1791191035200,56.632899,-4.679607,91.91,265.6,318.2,12,0.8,-0.001,0.009,1714,92,71.2,13.8,14.17,1.302,26.2,motor,
235400,1791191035400,56.632896,-4.67969,91.9,265.6,318.2,12,0.8,-0.001,0.009,1713,92,71.2,13.8,14.17,1.302,26.2,motor,
235600,1791191035600,56.632892,-4.679773,91.89,265.5,318.2,12,0.8,-0.001,0.009,1712,92,71.2,13.8,14.17,1.302,26.2,motor,
235800,1791191035800,56.632889,-4.679856,91.89,265.5,318.3,12,0.8,-0.001,0.009,1712,92,71.3,13.8,14.17,1.302,26.2,motor,
236000,1791191036000,56.632885,-4.679939,91.88,265.4,318.3,12,0.8,-0.001,0.014,1714,92,71.3,13.8,14.17,1.302,26.2,motor,
236200,1791191036200,56.632881,-4.680022,91.87,265.4,318.3,12,0.8,-0.001,0.009,1715,92,71.3,13.8,14.17,1.302,26.2,motor,
236400,1791191036400,56.632878,-4.680105,91.86,265.3,318.3,12,0.8,-0.001,0.014,1718,92,71.3,13.8,14.17,1.302,26.2,motor,
236600,1791191036600,56.632874,-4.680188,91.85,265.3,318.3,12,0.8,-0.001,0.009,1720,92,71.3,13.8,14.17,1.302,26.2,motor,
236800,1791191036800,56.63287,-4.680272,91.84,265.2,318.3,12,0.8,-0.001,0.014,1722,92,71.4,13.8,14.17,1.302,26.2,motor,
237000,1791191037000,56.632866,-4.680355,91.83,265.2,318.3,12,0.8,-0.001,0.009,1723,92,71.4,13.8,14.17,1.302,26.2,motor,
237200,1791191037200,56.632862,-4.680438,91.82,265.1,318.3,12,0.8,-0.001,0.014,1723,92,71.4,13.8,14.17,1.301,26.2,motor,
237400,1791191037400,56.632858,-4.680521,91.81,265.1,318.3,12,0.8,-0.001,0.009,1721,92,71.4,13.8,14.17,1.301,26.2,motor,
237600,1791191037600,56.632854,-4.680603,91.8,265,318.4,12,0.8,-0.001,0.014,1719,92,71.4,13.8,14.17,1.301,26.2,motor,
237800,1791191037800,56.63285,-4.680686,91.79,265,318.4,12,0.8,-0.001,0.009,1717,92,71.5,13.8,14.17,1.301,26.2,motor,
238000,1791191038000,56.632846,-4.680769,91.78,264.9,318.4,12,0.8,-0.001,0.014,1714,92,71.5,13.8,14.17,1.301,26.2,motor,
238200,1791191038200,56.632842,-4.680852,91.77,264.9,318.4,12,0.8,-0.001,0.009,1712,92,71.5,13.8,14.17,1.301,26.2,motor,
238400,1791191038400,56.632838,-4.680935,91.76,264.8,318.4,12,0.8,-0.001,0.014,1710,92,71.5,13.8,14.16,1.301,26.2,motor,
238600,1791191038600,56.632834,-4.681018,91.75,264.8,318.4,12,0.8,-0.001,0.009,1709,92,71.5,13.8,14.16,1.301,26.2,motor,
238800,1791191038800,56.63283,-4.681101,91.74,264.7,318.4,12,0.8,-0.001,0.014,1710,92,71.6,13.8,14.16,1.301,26.2,motor,
239000,1791191039000,56.632826,-4.681184,91.73,264.7,318.4,12,0.8,-0.001,0.009,1711,92,71.6,13.8,14.16,1.301,26.2,motor,
239200,1791191039200,56.632821,-4.681267,91.72,264.6,318.4,12,0.8,-0.001,0.014,1713,92,71.6,13.8,14.16,1.301,26.2,motor,
239400,1791191039400,56.632817,-4.681349,91.7,264.6,318.5,12,0.8,-0.002,0.009,1715,92,71.6,13.8,14.16,1.301,26.2,motor,
239600,1791191039600,56.632813,-4.681432,91.69,264.5,318.5,12,0.8,-0.002,0.014,1717,92,71.6,13.8,14.16,1.301,26.2,motor,
239800,1791191039800,56.632808,-4.681515,91.68,264.5,318.5,12,0.8,-0.002,0.009,1719,92,71.7,13.8,14.16,1.301,26.2,motor,
240000,1791191040000,56.632804,-4.681598,91.67,264.4,318.5,12,0.8,-0.002,0.014,1720,92,71.7,13.8,14.16,1.3,26.2,motor,
240200,1791191040200,56.632799,-4.681681,91.65,264.4,318.5,12,0.8,-0.002,0.009,1719,92,71.7,13.8,14.16,1.3,26.2,motor,
240400,1791191040400,56.632795,-4.681763,91.64,264.3,318.5,12,0.8,-0.002,0.014,1718,92,71.7,13.8,14.15,1.3,26.2,motor,
240600,1791191040600,56.63279,-4.681846,91.62,264.2,318.5,12,0.8,-0.002,0.014,1716,92,71.7,13.8,14.15,1.3,26.2,motor,
240800,1791191040800,56.632786,-4.681929,91.61,264.2,318.5,12,0.8,-0.002,0.014,1713,92,71.7,13.8,14.15,1.3,26.2,motor,
241000,1791191041000,56.632781,-4.682011,91.6,264.1,318.6,12,0.8,-0.002,0.014,1711,92,71.8,13.8,14.15,1.3,26.2,motor,
241200,1791191041200,56.632776,-4.682094,91.58,264.1,318.6,12,0.8,-0.002,0.014,1708,92,71.8,13.8,14.15,1.3,26.1,motor,
241400,1791191041400,56.632772,-4.682177,91.57,264,318.6,12,0.8,-0.002,0.014,1706,92,71.8,13.8,14.15,1.3,26.1,motor,
241600,1791191041600,56.632767,-4.682259,91.55,264,318.6,12,0.8,-0.002,0.009,1706,92,71.8,13.9,14.15,1.3,26.1,motor,
241800,1791191041800,56.632762,-4.682342,91.54,263.9,318.6,12,0.8,-0.002,0.014,1706,92,71.8,13.9,14.15,1.3,26.1,motor,
242000,1791191042000,56.632757,-4.682424,91.52,263.9,318.6,12,0.8,-0.002,0.009,1707,92,71.9,13.9,14.14,1.3,26.1,motor,
242200,1791191042200,56.632752,-4.682507,91.51,263.8,318.6,12,0.8,-0.002,0.014,1709,92,71.9,13.9,14.14,1.299,26.1,motor,
242400,1791191042400,56.632747,-4.682589,91.49,263.8,318.7,12,0.8,-0.002,0.009,1711,91,71.9,13.9,14.14,1.299,26.1,motor,
242600,1791191042600,56.632742,-4.682672,91.48,263.7,318.7,12,0.8,-0.002,0.014,1713,91,71.9,13.9,14.14,1.299,26.1,motor,
242800,1791191042800,56.632737,-4.682754,91.46,263.7,318.7,12,0.8,-0.002,0.009,1715,91,71.9,13.9,14.14,1.299,26.1,motor,
243000,1791191043000,56.632732,-4.682837,91.44,263.6,318.7,12,0.8,-0.002,0.014,1715,91,72,13.9,14.14,1.299,26.1,motor,
243200,1791191043200,56.632727,-4.682919,91.43,263.6,318.7,12,0.8,-0.002,0.009,1715,91,72,13.9,14.14,1.299,26.1,motor,
243400,1791191043400,56.632722,-4.683002,91.41,263.5,318.7,12,0.8,-0.002,0.014,1714,91,72,13.9,14.13,1.299,26.1,motor,
243600,1791191043600,56.632717,-4.683084,91.39,263.5,318.7,12,0.8,-0.003,0.009,1712,91,72,13.9,14.13,1.299,26.1,motor,
243800,1791191043800,56.632712,-4.683166,91.38,263.4,318.8,12,0.8,-0.002,0.014,1709,91,72,13.9,14.13,1.299,26.1,motor,
244000,1791191044000,56.632707,-4.683249,91.36,263.3,318.8,12,0.8,-0.002,0.014,1706,91,72.1,13.9,14.13,1.299,26.1,motor,
244200,1791191044200,56.632701,-4.683331,91.34,263.3,318.8,12,0.8,-0.003,0.014,1704,91,72.1,13.9,14.13,1.298,26.1,motor,
244400,1791191044400,56.632696,-4.683413,91.32,263.2,318.8,12,0.8,-0.003,0.014,1702,91,72.1,13.9,14.13,1.298,26.1,motor,
244600,1791191044600,56.632691,-4.683496,91.3,263.2,318.8,12,0.8,-0.003,0.014,1701,91,72.1,13.9,14.12,1.298,26.1,motor,
244800,1791191044800,56.632685,-4.683578,91.29,263.1,318.8,12,0.8,-0.003,0.014,1701,91,72.1,13.9,14.12,1.298,26.1,motor,
245000,1791191045000,56.63268,-4.68366,91.27,263.1,318.9,12,0.8,-0.003,0.009,1702,91,72.1,13.9,14.12,1.298,26.1,motor,
245200,1791191045200,56.632674,-4.683742,91.25,263,318.9,12,0.8,-0.003,0.014,1704,91,72.2,13.9,14.12,1.298,26.1,motor,
245400,1791191045400,56.632669,-4.683824,91.23,263,318.9,12,0.8,-0.003,0.009,1706,91,72.2,13.9,14.12,1.298,26.1,motor,
245600,1791191045600,56.632663,-4.683906,91.21,262.9,318.9,12,0.8,-0.003,0.014,1708,91,72.2,13.9,14.12,1.298,26.1,motor,
245800,1791191045800,56.632657,-4.683989,91.19,262.9,318.9,12,0.8,-0.003,0.009,1710,91,72.2,13.9,14.11,1.297,26.1,motor,
246000,1791191046000,56.632652,-4.684071,91.17,262.8,318.9,12,0.8,-0.003,0.014,1710,91,72.2,13.9,14.11,1.297,26.1,motor,
246200,1791191046200,56.632646,-4.684153,91.15,262.7,319,12,0.8,-0.003,0.014,1710,91,72.3,13.9,14.11,1.297,26.1,motor,
246400,1791191046400,56.63264,-4.684235,91.13,262.7,319,12,0.8,-0.003,0.014,1709,91,72.3,13.9,14.11,1.297,26,motor,
246600,1791191046600,56.632634,-4.684317,91.11,262.6,319,12,0.8,-0.003,0.014,1706,91,72.3,13.9,14.11,1.297,26,motor,
246800,1791191046800,56.632629,-4.684399,91.09,262.6,319,12,0.8,-0.003,0.014,1704,91,72.3,13.9,14.11,1.297,26,motor,
247000,1791191047000,56.632623,-4.684481,91.07,262.5,319,12,0.8,-0.003,0.014,1701,91,72.3,13.9,14.1,1.297,26,motor,
247200,1791191047200,56.632617,-4.684562,91.05,262.5,319,12,0.8,-0.003,0.009,1698,91,72.3,13.9,14.1,1.297,26,motor,
247400,1791191047400,56.632611,-4.684644,91.03,262.4,319.1,12,0.8,-0.003,0.014,1696,91,72.4,13.9,14.1,1.296,26,motor,
247600,1791191047600,56.632605,-4.684726,91.01,262.3,319.1,12,0.8,-0.003,0.014,1696,91,72.4,13.9,14.1,1.296,26,motor,
247800,1791191047800,56.632599,-4.684808,90.99,262.3,319.1,12,0.8,-0.003,0.014,1696,91,72.4,13.9,14.1,1.296,26,motor,
248000,1791191048000,56.632593,-4.68489,90.97,262.2,319.1,12,0.8,-0.003,0.013,1697,91,72.4,13.9,14.1,1.296,26,motor,
248200,1791191048200,56.632587,-4.684972,90.95,262.2,319.1,12,0.8,-0.003,0.013,1699,91,72.4,13.9,14.09,1.296,26,motor,
248400,1791191048400,56.63258,-4.685053,90.93,262.1,319.1,12,0.8,-0.003,0.013,1701,91,72.5,13.9,14.09,1.296,26,motor,
248600,1791191048600,56.632574,-4.685135,90.91,262.1,319.2,12,0.8,-0.003,0.009,1703,91,72.5,13.9,14.09,1.296,26,motor,
248800,1791191048800,56.632568,-4.685217,90.88,262,319.2,12,0.8,-0.003,0.013,1704,91,72.5,13.9,14.09,1.296,26,motor,
249000,1791191049000,56.632561,-4.685298,90.86,261.9,319.2,12,0.8,-0.003,0.013,1705,91,72.5,13.9,14.09,1.295,26,motor,
249200,1791191049200,56.632555,-4.68538,90.84,261.9,319.2,12,0.8,-0.003,0.013,1704,91,72.5,13.9,14.09,1.295,26,motor,
249400,1791191049400,56.632549,-4.685461,90.82,261.8,319.2,12,0.8,-0.003,0.013,1703,91,72.5,13.9,14.09,1.295,26,motor,
249600,1791191049600,56.632542,-4.685543,90.8,261.8,319.2,12,0.8,-0.003,0.013,1700,91,72.6,13.9,14.09,1.295,26,motor,
249800,1791191049800,56.632536,-4.685624,90.77,261.7,319.3,12,0.8,-0.003,0.013,1697,91,72.6,13.9,14.08,1.295,26,motor,
250000,1791191050000,56.632529,-4.685706,90.75,261.6,319.3,12,0.8,-0.003,0.013,1695,91,72.6,13.9,14.08,1.295,26,motor,
250200,1791191050200,56.632523,-4.685787,90.73,261.6,319.3,12,0.8,-0.003,0.013,1692,91,72.6,13.9,14.08,1.295,26,motor,
250400,1791191050400,56.632516,-4.685869,90.7,261.5,319.3,12,0.8,-0.003,0.013,1690,91,72.6,13.9,14.08,1.294,26,motor,
250600,1791191050600,56.632509,-4.68595,90.68,261.5,319.3,12,0.8,-0.003,0.013,1689,91,72.7,13.9,14.08,1.294,25.9,motor,
250800,1791191050800,56.632503,-4.686031,90.66,261.4,319.4,12,0.8,-0.003,0.013,1690,91,72.7,13.9,14.08,1.294,25.9,motor,
251000,1791191051000,56.632496,-4.686113,90.63,261.3,319.4,12,0.8,-0.003,0.013,1691,91,72.7,14,14.08,1.294,25.9,motor,
251200,1791191051200,56.632489,-4.686194,90.61,261.3,319.4,12,0.8,-0.003,0.013,1692,91,72.7,14,14.08,1.294,25.9,motor,
251400,1791191051400,56.632482,-4.686275,90.59,261.2,319.4,12,0.8,-0.003,0.013,1694,91,72.7,14,14.08,1.294,25.9,motor,
251600,1791191051600,56.632475,-4.686356,90.56,261.2,319.4,12,0.8,-0.003,0.013,1696,91,72.7,14,14.08,1.294,25.9,motor,
251800,1791191051800,56.632468,-4.686438,90.54,261.1,319.4,12,0.8,-0.003,0.013,1698,91,72.8,14,14.07,1.293,25.9,motor,
252000,1791191052000,56.632461,-4.686519,90.52,261,319.5,12,0.8,-0.003,0.013,1698,91,72.8,14,14.07,1.293,25.9,motor,
252200,1791191052200,56.632454,-4.6866,90.49,261,319.5,12,0.8,-0.003,0.013,1698,90,72.8,14,14.07,1.293,25.9,motor,
252400,1791191052400,56.632447,-4.686681,90.47,260.9,319.5,12,0.8,-0.003,0.013,1696,90,72.8,14,14.07,1.293,25.9,motor,
252600,1791191052600,56.63244,-4.686762,90.44,260.8,319.5,12,0.8,-0.003,0.018,1694,90,72.8,14,14.07,1.293,25.9,motor,
252800,1791191052800,56.632433,-4.686843,90.42,260.8,319.5,12,0.8,-0.003,0.013,1691,90,72.9,14,14.07,1.293,25.9,motor,
253000,1791191053000,56.632425,-4.686924,90.4,260.7,319.6,12,0.8,-0.003,0.013,1688,90,72.9,14,14.07,1.292,25.9,motor,
253200,1791191053200,56.632418,-4.687005,90.37,260.6,319.6,12,0.8,-0.003,0.018,1685,90,72.9,14,14.07,1.292,25.9,motor,
253400,1791191053400,56.632411,-4.687086,90.35,260.6,319.6,12,0.8,-0.003,0.013,1683,90,72.9,14,14.07,1.292,25.9,motor,
253600,1791191053600,56.632403,-4.687166,90.32,260.5,319.6,12,0.8,-0.003,0.013,1683,90,72.9,14,14.07,1.292,25.9,motor,
253800,1791191053800,56.632396,-4.687247,90.3,260.4,319.6,12,0.8,-0.003,0.018,1683,90,72.9,14,14.07,1.292,25.9,motor,
254000,1791191054000,56.632388,-4.687328,90.27,260.4,319.6,12,0.8,-0.004,0.013,1684,90,73,14,14.07,1.292,25.9,motor,
254200,1791191054200,56.632381,-4.687409,90.25,260.3,319.7,12,0.8,-0.003,0.013,1686,90,73,14,14.07,1.292,25.9,motor,
254400,1791191054400,56.632373,-4.687489,90.22,260.3,319.7,12,0.8,-0.004,0.013,1688,90,73,14,14.07,1.291,25.8,motor,
254600,1791191054600,56.632366,-4.68757,90.2,260.2,319.7,12,0.8,-0.003,0.013,1690,90,73,14,14.07,1.291,25.8,motor,
254800,1791191054800,56.632358,-4.687651,90.17,260.1,319.7,12,0.8,-0.004,0.013,1691,90,73,14,14.07,1.291,25.8,motor,
255000,1791191055000,56.63235,-4.687731,90.15,260.1,319.7,12,0.8,-0.003,0.013,1691,90,73.1,14,14.07,1.291,25.8,motor,
255200,1791191055200,56.632342,-4.687812,90.12,260,319.8,12,0.8,-0.004,0.013,1691,90,73.1,14,14.07,1.291,25.8,motor,
255400,1791191055400,56.632335,-4.687892,90.1,259.9,319.8,12,0.8,-0.003,0.018,1689,90,73.1,14,14.07,1.291,25.8,motor,
255600,1791191055600,56.632327,-4.687973,90.07,259.8,319.8,12,0.8,-0.004,0.018,1687,90,73.1,14,14.07,1.29,25.8,motor,
255800,1791191055800,56.632319,-4.688053,90.05,259.8,319.8,12,0.8,-0.003,0.013,1684,90,73.1,14,14.07,1.29,25.8,motor,
256000,1791191056000,56.632311,-4.688133,90.02,259.7,319.8,12,0.8,-0.004,0.018,1681,90,73.1,14,14.07,1.29,25.8,motor,
256200,1791191056200,56.632303,-4.688214,89.99,259.6,319.8,12,0.8,-0.004,0.018,1678,90,73.2,14,14.07,1.29,25.8,motor,
256400,1791191056400,56.632295,-4.688294,89.97,259.6,319.9,12,0.8,-0.004,0.013,1676,90,73.2,14,14.07,1.29,25.8,motor,
256600,1791191056600,56.632286,-4.688374,89.94,259.5,319.9,12,0.8,-0.004,0.013,1676,90,73.2,14,14.07,1.29,25.8,motor,
256800,1791191056800,56.632278,-4.688454,89.92,259.4,319.9,12,0.8,-0.004,0.018,1676,90,73.2,14,14.07,1.289,25.8,motor,
257000,1791191057000,56.63227,-4.688535,89.89,259.4,319.9,12,0.8,-0.004,0.013,1677,90,73.2,14,14.07,1.289,25.8,motor,
257200,1791191057200,56.632262,-4.688615,89.87,259.3,319.9,12,0.8,-0.003,0.013,1679,90,73.2,14,14.08,1.289,25.8,motor,
257400,1791191057400,56.632253,-4.688695,89.84,259.2,320,12,0.8,-0.004,0.018,1681,90,73.3,14,14.08,1.289,25.8,motor,
257600,1791191057600,56.632245,-4.688775,89.81,259.1,320,12,0.8,-0.004,0.018,1683,90,73.3,14,14.08,1.289,25.8,motor,
257800,1791191057800,56.632237,-4.688855,89.79,259.1,320,12,0.8,-0.004,0.013,1684,90,73.3,14,14.08,1.289,25.8,motor,
258000,1791191058000,56.632228,-4.688935,89.76,259,320,12,0.8,-0.004,0.018,1684,90,73.3,14,14.08,1.289,25.7,motor,
258200,1791191058200,56.632219,-4.689015,89.74,258.9,320,12,0.8,-0.004,0.018,1683,90,73.3,14,14.08,1.288,25.7,motor,
258400,1791191058400,56.632211,-4.689095,89.71,258.8,320,12,0.8,-0.004,0.018,1682,90,73.3,14,14.08,1.288,25.7,motor,
258600,1791191058600,56.632202,-4.689174,89.68,258.8,320.1,12,0.8,-0.004,0.013,1679,90,73.4,14,14.08,1.288,25.7,motor,
258800,1791191058800,56.632193,-4.689254,89.66,258.7,320.1,12,0.8,-0.004,0.018,1676,90,73.4,14,14.08,1.288,25.7,motor,
259000,1791191059000,56.632185,-4.689334,89.63,258.6,320.1,12,0.8,-0.004,0.018,1673,90,73.4,14,14.08,1.288,25.7,motor,
259200,1791191059200,56.632176,-4.689414,89.6,258.5,320.1,12,0.8,-0.004,0.018,1671,90,73.4,14,14.08,1.288,25.7,motor,
259400,1791191059400,56.632167,-4.689493,89.58,258.5,320.1,12,0.8,-0.004,0.013,1669,90,73.4,14,14.09,1.287,25.7,motor,
259600,1791191059600,56.632158,-4.689573,89.55,258.4,320.2,12,0.8,-0.004,0.018,1668,90,73.4,14,14.09,1.287,25.7,motor,
259800,1791191059800,56.632149,-4.689652,89.53,258.3,320.2,12,0.8,-0.004,0.018,1669,90,73.5,14,14.09,1.287,25.7,motor,
260000,1791191060000,56.63214,-4.689732,89.5,258.2,320.2,12,0.8,-0.004,0.018,1670,90,73.5,14,14.09,1.287,25.7,motor,
260200,1791191060200,56.632131,-4.689811,89.47,258.2,320.2,12,0.8,-0.004,0.013,1671,89,73.5,14.1,14.09,1.287,25.7,motor,
260400,1791191060400,56.632122,-4.689891,89.45,258.1,320.2,12,0.8,-0.004,0.018,1673,89,73.5,14.1,14.09,1.287,25.7,motor,
260600,1791191060600,56.632112,-4.68997,89.42,258,320.2,12,0.8,-0.004,0.018,1675,89,73.5,14.1,14.09,1.286,25.7,motor,
260800,1791191060800,56.632103,-4.69005,89.4,257.9,320.3,12,0.8,-0.004,0.018,1676,89,73.6,14.1,14.1,1.286,25.7,motor,
261000,1791191061000,56.632094,-4.690129,89.37,257.8,320.3,12,0.8,-0.004,0.018,1677,89,73.6,14.1,14.1,1.286,25.7,motor,
261200,1791191061200,56.632084,-4.690208,89.34,257.8,320.3,12,0.8,-0.004,0.018,1676,89,73.6,14.1,14.1,1.286,25.7,motor,
261400,1791191061400,56.632075,-4.690287,89.32,257.7,320.3,12,0.8,-0.004,0.018,1674,89,73.6,14.1,14.1,1.286,25.6,motor,
261600,1791191061600,56.632065,-4.690366,89.29,257.6,320.3,12,0.8,-0.004,0.018,1672,89,73.6,14.1,14.1,1.286,25.6,motor,
261800,1791191061800,56.632056,-4.690445,89.26,257.5,320.3,12,0.8,-0.004,0.018,1669,89,73.6,14.1,14.1,1.285,25.6,motor,
262000,1791191062000,56.632046,-4.690524,89.24,257.4,320.4,12,0.8,-0.004,0.018,1666,89,73.7,14.1,14.1,1.285,25.6,motor,
262200,1791191062200,56.632036,-4.690603,89.21,257.3,320.4,12,0.8,-0.004,0.022,1663,89,73.7,14.1,14.11,1.285,25.6,motor,
262400,1791191062400,56.632027,-4.690682,89.19,257.3,320.4,12,0.8,-0.004,0.018,1662,89,73.7,14.1,14.11,1.285,25.6,motor,
262600,1791191062600,56.632017,-4.690761,89.16,257.2,320.4,12,0.8,-0.004,0.018,1661,89,73.7,14.1,14.11,1.285,25.6,motor,
262800,1791191062800,56.632007,-4.69084,89.13,257.1,320.4,12,0.8,-0.004,0.018,1661,89,73.7,14.1,14.11,1.285,25.6,motor,
263000,1791191063000,56.631997,-4.690919,89.11,257,320.4,12,0.8,-0.004,0.018,1662,89,73.7,14.1,14.11,1.284,25.6,motor,
263200,1791191063200,56.631987,-4.690998,89.08,256.9,320.5,12,0.8,-0.004,0.018,1664,89,73.8,14.1,14.11,1.284,25.6,motor,
263400,1791191063400,56.631977,-4.691076,89.06,256.8,320.5,12,0.8,-0.004,0.022,1666,89,73.8,14.1,14.12,1.284,25.6,motor,
263600,1791191063600,56.631967,-4.691155,89.03,256.7,320.5,12,0.8,-0.004,0.022,1668,89,73.8,14.1,14.12,1.284,25.6,motor,
263800,1791191063800,56.631956,-4.691234,89.01,256.7,320.5,12,0.8,-0.003,0.018,1669,89,73.8,14.1,14.12,1.284,25.6,motor,
264000,1791191064000,56.631946,-4.691312,88.98,256.6,320.5,12,0.8,-0.004,0.018,1670,89,73.8,14.1,14.12,1.284,25.6,motor,
264200,1791191064200,56.631936,-4.691391,88.95,256.5,320.5,12,0.8,-0.004,0.018,1669,89,73.8,14.1,14.12,1.284,25.6,motor,
264400,1791191064400,56.631925,-4.691469,88.93,256.4,320.6,12,0.8,-0.004,0.018,1667,89,73.9,14.1,14.12,1.283,25.6,motor,
264600,1791191064600,56.631915,-4.691547,88.9,256.3,320.6,12,0.8,-0.004,0.018,1664,89,73.9,14.1,14.13,1.283,25.6,motor,
264800,1791191064800,56.631904,-4.691626,88.88,256.2,320.6,12,0.8,-0.004,0.022,1662,89,73.9,14.1,14.13,1.283,25.6,motor,
265000,1791191065000,56.631894,-4.691704,88.85,256.1,320.6,12,0.9,-0.004,0.022,1659,89,73.9,14.1,14.13,1.283,25.5,motor,
265200,1791191065200,56.631883,-4.691782,88.83,256,320.6,12,0.9,-0.003,0.022,1656,89,73.9,14.1,14.13,1.283,25.5,motor,
265400,1791191065400,56.631872,-4.69186,88.8,255.9,320.6,12,0.9,-0.004,0.022,1654,89,73.9,14.1,14.13,1.283,25.5,motor,
265600,1791191065600,56.631862,-4.691939,88.78,255.8,320.6,12,0.9,-0.003,0.022,1654,89,74,14.1,14.13,1.282,25.5,motor,
265800,1791191065800,56.631851,-4.692017,88.75,255.7,320.7,12,0.9,-0.004,0.022,1654,89,74,14.1,14.14,1.282,25.5,motor,
266000,1791191066000,56.63184,-4.692095,88.73,255.6,320.7,12,0.9,-0.003,0.022,1655,89,74,14.1,14.14,1.282,25.5,motor,
266200,1791191066200,56.631829,-4.692173,88.7,255.5,320.7,12,0.9,-0.004,0.022,1657,89,74,14.1,14.14,1.282,25.5,motor,
266400,1791191066400,56.631818,-4.69225,88.68,255.4,320.7,12,0.9,-0.003,0.022,1659,89,74,14.1,14.14,1.282,25.5,motor,
266600,1791191066600,56.631807,-4.692328,88.65,255.3,320.7,12,0.9,-0.004,0.022,1661,89,74,14.1,14.14,1.282,25.5,motor,
266800,1791191066800,56.631795,-4.692406,88.63,255.2,320.7,12,0.9,-0.003,0.022,1662,89,74.1,14.1,14.14,1.282,25.5,motor,
267000,1791191067000,56.631784,-4.692484,88.6,255.1,320.7,12,0.9,-0.004,0.022,1662,89,74.1,14.1,14.14,1.281,25.5,motor,
267200,1791191067200,56.631773,-4.692561,88.58,255,320.8,12,0.9,-0.003,0.022,1662,89,74.1,14.1,14.15,1.281,25.5,motor,
267400,1791191067400,56.631761,-4.692639,88.56,254.9,320.8,12,0.9,-0.003,0.022,1660,89,74.1,14.1,14.15,1.281,25.5,motor,
267600,1791191067600,56.63175,-4.692717,88.53,254.8,320.8,12,0.9,-0.003,0.022,1657,89,74.1,14.1,14.15,1.281,25.5,motor,
267800,1791191067800,56.631738,-4.692794,88.51,254.7,320.8,12,0.9,-0.003,0.022,1654,89,74.1,14.1,14.15,1.281,25.5,motor,
268000,1791191068000,56.631727,-4.692872,88.48,254.6,320.8,12,0.9,-0.003,0.022,1652,88,74.2,14.1,14.15,1.281,25.5,motor,
268200,1791191068200,56.631715,-4.692949,88.46,254.5,320.8,12,0.9,-0.003,0.022,1649,88,74.2,14.1,14.15,1.28,25.5,motor,
268400,1791191068400,56.631703,-4.693026,88.44,254.4,320.8,12,0.9,-0.003,0.022,1648,88,74.2,14.1,14.15,1.28,25.5,motor,
268600,1791191068600,56.631691,-4.693103,88.41,254.3,320.9,12,0.9,-0.003,0.022,1647,88,74.2,14.1,14.16,1.28,25.5,motor,
268800,1791191068800,56.631679,-4.693181,88.39,254.2,320.9,12,0.9,-0.003,0.022,1647,88,74.2,14.1,14.16,1.28,25.4,motor,
269000,1791191069000,56.631667,-4.693258,88.37,254.1,320.9,12,0.9,-0.003,0.022,1649,88,74.2,14.1,14.16,1.28,25.4,motor,
269200,1791191069200,56.631655,-4.693335,88.34,254,320.9,12,0.9,-0.003,0.022,1651,88,74.2,14.1,14.16,1.28,25.4,motor,
269400,1791191069400,56.631643,-4.693412,88.32,253.9,320.9,12,0.9,-0.003,0.022,1653,88,74.3,14.1,14.16,1.28,25.4,motor,
269600,1791191069600,56.631631,-4.693489,88.3,253.8,320.9,12,0.9,-0.003,0.022,1654,88,74.3,14.2,14.16,1.279,25.4,motor,
269800,1791191069800,56.631618,-4.693566,88.27,253.6,320.9,12,0.9,-0.003,0.026,1656,88,74.3,14.2,14.16,1.279,25.4,motor,
270000,1791191070000,56.631606,-4.693642,88.25,253.5,320.9,12,0.9,-0.003,0.026,1656,88,74.3,14.2,14.16,1.279,25.4,motor,
270200,1791191070200,56.631593,-4.693719,88.23,253.4,321,12,0.9,-0.003,0.026,1655,88,74.3,14.2,14.16,1.279,25.4,motor,
270400,1791191070400,56.631581,-4.693796,88.2,253.3,321,12,0.9,-0.003,0.026,1653,88,74.3,14.2,14.16,1.279,25.4,motor,
270600,1791191070600,56.631568,-4.693873,88.18,253.2,321,12,0.9,-0.003,0.026,1651,88,74.4,14.2,14.16,1.279,25.4,motor,
270800,1791191070800,56.631555,-4.693949,88.16,253.1,321,12,0.9,-0.003,0.022,1648,88,74.4,14.2,14.17,1.279,25.4,motor,
271000,1791191071000,56.631542,-4.694026,88.14,252.9,321,12,0.9,-0.003,0.026,1645,88,74.4,14.2,14.17,1.279,25.4,motor,
271200,1791191071200,56.63153,-4.694102,88.12,252.8,321,12,0.9,-0.003,0.026,1643,88,74.4,14.2,14.17,1.278,25.4,motor,
271400,1791191071400,56.631516,-4.694178,88.09,252.7,321,12,0.9,-0.003,0.026,1641,88,74.4,14.2,14.17,1.278,25.4,motor,
271600,1791191071600,56.631503,-4.694255,88.07,252.6,321,12,0.9,-0.003,0.026,1641,88,74.4,14.2,14.17,1.278,25.4,motor,
271800,1791191071800,56.63149,-4.694331,88.05,252.4,321,12,0.9,-0.003,0.03,1641,88,74.5,14.2,14.17,1.278,25.4,motor,
272000,1791191072000,56.631477,-4.694407,88.03,252.3,321.1,12,0.9,-0.003,0.026,1643,88,74.5,14.2,14.17,1.278,25.4,motor,
272200,1791191072200,56.631464,-4.694483,88.01,252.2,321.1,12,0.9,-0.003,0.026,1644,88,74.5,14.2,14.17,1.278,25.4,motor,
272400,1791191072400,56.63145,-4.694559,87.99,252.1,321.1,12,0.9,-0.003,0.026,1647,88,74.5,14.2,14.17,1.278,25.4,motor,
272600,1791191072600,56.631436,-4.694635,87.97,251.9,321.1,12,0.9,-0.003,0.03,1648,88,74.5,14.2,14.17,1.277,25.4,motor,
272800,1791191072800,56.631423,-4.694711,87.95,251.8,321.1,12,0.9,-0.003,0.026,1650,88,74.5,14.2,14.17,1.277,25.3,motor,
273000,1791191073000,56.631409,-4.694786,87.93,251.7,321.1,12,0.9,-0.003,0.026,1650,88,74.6,14.2,14.17,1.277,25.3,motor,
273200,1791191073200,56.631395,-4.694862,87.91,251.5,321.1,12,0.9,-0.003,0.03,1649,88,74.6,14.2,14.17,1.277,25.3,motor,
273400,1791191073400,56.631381,-4.694938,87.89,251.4,321.1,12,0.9,-0.003,0.03,1647,88,74.6,14.2,14.17,1.277,25.3,motor,
273600,1791191073600,56.631367,-4.695013,87.87,251.2,321.1,12,0.9,-0.003,0.03,1645,88,74.6,14.2,14.17,1.277,25.3,motor,
273800,1791191073800,56.631353,-4.695089,87.85,251.1,321.1,12,0.9,-0.003,0.03,1642,88,74.6,14.2,14.17,1.277,25.3,motor,
274000,1791191074000,56.631339,-4.695164,87.83,251,321.1,12,0.9,-0.003,0.03,1639,88,74.6,14.2,14.17,1.277,25.3,motor,
274200,1791191074200,56.631325,-4.695239,87.81,250.8,321.2,12,0.9,-0.003,0.03,1637,88,74.6,14.2,14.17,1.277,25.3,motor,
274400,1791191074400,56.63131,-4.695315,87.79,250.7,321.2,12,0.9,-0.003,0.03,1635,88,74.7,14.2,14.17,1.276,25.3,motor,
274600,1791191074600,56.631296,-4.69539,87.77,250.5,321.2,12,0.9,-0.003,0.03,1635,88,74.7,14.2,14.17,1.276,25.3,motor,
274800,1791191074800,56.631281,-4.695465,87.75,250.4,321.2,12,0.9,-0.003,0.03,1636,88,74.7,14.2,14.17,1.276,25.3,motor,
275000,1791191075000,56.631266,-4.69554,87.73,250.2,321.2,12,0.9,-0.003,0.035,1637,88,74.7,14.2,14.17,1.276,25.3,motor,
275200,1791191075200,56.631251,-4.695615,87.71,250.1,321.2,12,0.9,-0.003,0.03,1639,88,74.7,14.2,14.17,1.276,25.3,motor,
275400,1791191075400,56.631237,-4.695689,87.7,249.9,321.2,12,0.9,-0.003,0.035,1641,88,74.7,14.2,14.17,1.276,25.3,motor,
275600,1791191075600,56.631222,-4.695764,87.68,249.8,321.2,12,0.9,-0.003,0.03,1643,88,74.8,14.2,14.17,1.276,25.3,motor,
275800,1791191075800,56.631206,-4.695839,87.66,249.6,321.2,12,0.9,-0.003,0.035,1644,88,74.8,14.2,14.17,1.276,25.3,motor,
276000,1791191076000,56.631191,-4.695913,87.64,249.5,321.2,12,0.9,-0.003,0.03,1645,88,74.8,14.2,14.17,1.276,25.3,motor,
276200,1791191076200,56.631176,-4.695988,87.62,249.3,321.2,12,0.9,-0.003,0.035,1644,88,74.8,14.2,14.16,1.275,25.3,motor,
276400,1791191076400,56.63116,-4.696062,87.61,249.2,321.2,12,0.9,-0.003,0.03,1642,88,74.8,14.2,14.16,1.275,25.3,motor,
276600,1791191076600,56.631145,-4.696136,87.59,249,321.2,12,0.9,-0.003,0.035,1640,88,74.8,14.2,14.16,1.275,25.3,motor,
276800,1791191076800,56.631129,-4.69621,87.57,248.8,321.2,12,0.9,-0.003,0.035,1637,88,74.8,14.2,14.16,1.275,25.3,motor,
277000,1791191077000,56.631113,-4.696284,87.56,248.7,321.3,12,0.9,-0.002,0.035,1634,88,74.9,14.2,14.16,1.275,25.3,motor,
277200,1791191077200,56.631097,-4.696358,87.54,248.5,321.3,12,0.9,-0.002,0.035,1632,88,74.9,14.2,14.16,1.275,25.3,motor,
277400,1791191077400,56.631081,-4.696432,87.52,248.3,321.3,12,0.9,-0.003,0.039,1630,88,74.9,14.2,14.16,1.275,25.3,motor,
277600,1791191077600,56.631065,-4.696506,87.51,248.1,321.3,12,0.9,-0.002,0.039,1630,88,74.9,14.2,14.16,1.275,25.3,motor,
277800,1791191077800,56.631049,-4.696579,87.49,248,321.3,12,0.9,-0.002,0.035,1631,87,74.9,14.2,14.16,1.275,25.2,motor,
278000,1791191078000,56.631032,-4.696653,87.48,247.8,321.3,12,0.9,-0.002,0.039,1632,87,74.9,14.2,14.16,1.275,25.2,motor,
278200,1791191078200,56.631016,-4.696726,87.46,247.6,321.3,12,0.9,-0.002,0.039,1634,87,75,14.2,14.15,1.274,25.2,motor,
278400,1791191078400,56.630999,-4.6968,87.45,247.4,321.3,12,0.9,-0.002,0.039,1637,87,75,14.2,14.15,1.274,25.2,motor,
278600,1791191078600,56.630982,-4.696873,87.43,247.3,321.3,12,0.9,-0.002,0.035,1639,87,75,14.2,14.15,1.274,25.2,motor,
278800,1791191078800,56.630965,-4.696946,87.42,247.1,321.3,12,0.9,-0.002,0.039,1640,87,75,14.2,14.15,1.274,25.2,motor,
279000,1791191079000,56.630948,-4.697019,87.4,246.9,321.3,12,0.9,-0.002,0.039,1640,87,75,14.2,14.15,1.274,25.2,motor,
279200,1791191079200,56.630931,-4.697092,87.39,246.7,321.3,12,0.9,-0.002,0.039,1639,87,75,14.2,14.15,1.274,25.2,motor,
279400,1791191079400,56.630914,-4.697165,87.38,246.5,321.3,12,0.9,-0.002,0.039,1638,87,75,14.2,14.15,1.274,25.2,motor,
279600,1791191079600,56.630896,-4.697237,87.36,246.3,321.3,12,0.9,-0.002,0.043,1635,87,75.1,14.3,14.15,1.274,25.2,motor,
279800,1791191079800,56.630879,-4.69731,87.35,246.1,321.3,12,0.9,-0.002,0.043,1632,87,75.1,14.3,14.14,1.274,25.2,motor,
280000,1791191080000,56.630861,-4.697382,87.33,245.9,321.3,12,0.9,-0.002,0.043,1630,87,75.1,14.3,14.14,1.274,25.2,motor,
280200,1791191080200,56.630843,-4.697455,87.32,245.7,321.3,12,0.9,-0.002,0.043,1628,87,75.1,14.3,14.14,1.274,25.2,motor,
280400,1791191080400,56.630825,-4.697527,87.31,245.5,321.3,12,0.9,-0.002,0.043,1626,87,75.1,14.3,14.14,1.274,25.2,motor,
280600,1791191080600,56.630807,-4.697599,87.3,245.3,321.3,12,0.9,-0.002,0.043,1626,87,75.1,14.3,14.14,1.273,25.2,motor,
280800,1791191080800,56.630789,-4.697671,87.28,245.1,321.3,12,0.9,-0.002,0.043,1627,87,75.2,14.3,14.14,1.273,25.2,motor,
281000,1791191081000,56.630771,-4.697742,87.27,244.9,321.3,12,0.9,-0.002,0.043,1629,87,75.2,14.3,14.13,1.273,25.2,motor,
281200,1791191081200,56.630752,-4.697814,87.26,244.6,321.3,12,0.9,-0.002,0.047,1631,87,75.2,14.3,14.13,1.273,25.2,motor,
281400,1791191081400,56.630733,-4.697886,87.25,244.4,321.3,12,0.9,-0.002,0.047,1633,87,75.2,14.3,14.13,1.273,25.2,motor,
281600,1791191081600,56.630715,-4.697957,87.24,244.2,321.3,12,0.9,-0.002,0.047,1635,87,75.2,14.3,14.13,1.273,25.2,motor,
281800,1791191081800,56.630696,-4.698028,87.23,244,321.3,12,0.9,-0.001,0.047,1636,87,75.2,14.3,14.13,1.273,25.2,motor,
282000,1791191082000,56.630676,-4.698099,87.22,243.7,321.3,12,0.9,-0.001,0.052,1637,87,75.2,14.3,14.13,1.273,25.2,motor,
282200,1791191082200,56.630657,-4.69817,87.21,243.5,321.3,12,0.9,-0.001,0.047,1636,87,75.3,14.3,14.12,1.273,25.2,motor,
282400,1791191082400,56.630638,-4.698241,87.2,243.3,321.3,12,0.9,-0.001,0.047,1634,87,75.3,14.3,14.12,1.273,25.2,motor,
282600,1791191082600,56.630618,-4.698311,87.19,243,321.3,12,0.9,-0.001,0.052,1632,87,75.3,14.3,14.12,1.273,25.2,motor,
282800,1791191082800,56.630598,-4.698382,87.18,242.8,321.3,12,0.9,-0.001,0.052,1629,87,75.3,14.3,14.12,1.273,25.2,motor,
283000,1791191083000,56.630578,-4.698452,87.17,242.6,321.3,12,0.9,-0.001,0.047,1627,87,75.3,14.3,14.12,1.273,25.2,motor,
283200,1791191083200,56.630558,-4.698522,87.16,242.3,321.3,12,0.9,-0.001,0.052,1625,87,75.3,14.3,14.12,1.273,25.2,motor,
283400,1791191083400,56.630538,-4.698592,87.15,242.1,321.3,12,0.9,-0.001,0.052,1623,87,75.4,14.3,14.11,1.273,25.2,motor,
283600,1791191083600,56.630518,-4.698662,87.14,241.8,321.3,12,0.9,-0.001,0.052,1623,87,75.4,14.3,14.11,1.272,25.2,motor,
283800,1791191083800,56.630497,-4.698732,87.13,241.6,321.3,12,0.9,-0.001,0.052,1624,87,75.4,14.3,14.11,1.272,25.2,motor,
284000,1791191084000,56.630476,-4.698801,87.12,241.3,321.3,12,0.9,-0.001,0.056,1626,87,75.4,14.3,14.11,1.272,25.2,motor,
284200,1791191084200,56.630455,-4.69887,87.11,241,321.3,12,0.9,-0.001,0.056,1628,87,75.4,14.3,14.11,1.272,25.2,motor,
284400,1791191084400,56.630434,-4.698939,87.11,240.8,321.3,12,0.9,-0.001,0.056,1630,87,75.4,14.3,14.11,1.272,25.2,motor,
284600,1791191084600,56.630413,-4.699008,87.1,240.5,321.3,12,0.9,-0.001,0.056,1632,87,75.4,14.3,14.1,1.272,25.2,motor,
284800,1791191084800,56.630391,-4.699077,87.09,240.2,321.3,12,0.9,-0.001,0.06,1634,87,75.5,14.3,14.1,1.272,25.2,motor,
285000,1791191085000,56.63037,-4.699146,87.09,240,321.3,12,0.9,-0.001,0.056,1634,87,75.5,14.3,14.1,1.272,25.2,motor,
285200,1791191085200,56.630348,-4.699214,87.08,239.7,321.3,12,0.9,-0.001,0.056,1633,87,75.5,14.3,14.1,1.272,25.2,motor,
285400,1791191085400,56.630326,-4.699282,87.07,239.4,321.3,12,0.9,-0.001,0.06,1632,87,75.5,14.3,14.1,1.272,25.2,motor,
285600,1791191085600,56.630304,-4.69935,87.07,239.1,321.3,12,0.9,-0.001,0.06,1629,87,75.5,14.3,14.1,1.272,25.2,motor,
285800,1791191085800,56.630281,-4.699418,87.06,238.8,321.3,12,0.9,-0.001,0.06,1627,87,75.5,14.3,14.1,1.272,25.2,motor,
286000,1791191086000,56.630259,-4.699485,87.05,238.5,321.2,12,0.9,-0.001,0.065,1624,87,75.5,14.3,14.09,1.272,25.2,motor,
286200,1791191086200,56.630236,-4.699552,87.05,238.2,321.2,12,0.9,-0.001,0.065,1622,87,75.6,14.3,14.09,1.272,25.2,motor,
286400,1791191086400,56.630213,-4.699619,87.04,237.9,321.2,12,0.9,-0.001,0.065,1621,87,75.6,14.3,14.09,1.272,25.1,motor,
286600,1791191086600,56.63019,-4.699686,87.04,237.6,321.2,12,0.9,-0.001,0.065,1621,87,75.6,14.3,14.09,1.272,25.1,motor,
286800,1791191086800,56.630167,-4.699753,87.04,237.3,321.2,12,0.9,-0.001,0.065,1622,87,75.6,14.3,14.09,1.272,25.1,motor,
287000,1791191087000,56.630143,-4.699819,87.03,237,321.2,12,0.9,-0.001,0.065,1624,87,75.6,14.3,14.09,1.272,25.1,motor,
287200,1791191087200,56.63012,-4.699885,87.03,236.7,321.2,12,0.9,-0.001,0.065,1627,87,75.6,14.3,14.09,1.272,25.1,motor,
287400,1791191087400,56.630096,-4.699951,87.02,236.4,321.2,12,0.9,-0.001,0.065,1629,87,75.6,14.3,14.08,1.272,25.1,motor,
287600,1791191087600,56.630072,-4.700017,87.02,236,321.2,12,0.9,-0.001,0.069,1631,87,75.7,14.3,14.08,1.272,25.1,motor,
287800,1791191087800,56.630047,-4.700082,87.02,235.7,321.2,12,0.9,-0.001,0.069,1632,87,75.7,14.3,14.08,1.272,25.1,motor,
288000,1791191088000,56.630023,-4.700148,87.01,235.4,321.2,12,0.9,-0.001,0.069,1633,87,75.7,14.3,14.08,1.272,25.1,motor,
288200,1791191088200,56.629998,-4.700212,87.01,235,321.2,12,0.9,-0.001,0.073,1632,87,75.7,14.3,14.08,1.272,25.1,motor,
288400,1791191088400,56.629973,-4.700277,87.01,234.7,321.2,12,0.9,0,0.073,1630,87,75.7,14.3,14.08,1.272,25.1,motor,
288600,1791191088600,56.629948,-4.700341,87.01,234.4,321.1,12,0.9,0,0.069,1628,87,75.7,14.3,14.08,1.272,25.1,motor,
288800,1791191088800,56.629922,-4.700405,87,234,321.1,12,0.9,-0.001,0.073,1626,87,75.7,14.3,14.08,1.272,25.1,motor,
289000,1791191089000,56.629897,-4.700469,87,233.7,321.1,12,0.9,0,0.073,1623,87,75.8,14.3,14.08,1.272,25.1,motor,
289200,1791191089200,56.629871,-4.700533,87,233.3,321.1,12,0.9,0,0.073,1622,87,75.8,14.3,14.08,1.272,25.1,motor,
289400,1791191089400,56.629845,-4.700596,87,233,321.1,12,0.9,0,0.073,1621,87,75.8,14.3,14.08,1.272,25.1,motor,
289600,1791191089600,56.629819,-4.700659,87,232.6,321.1,12,0.9,0,0.077,1621,87,75.8,14.3,14.07,1.272,25.1,motor,
289800,1791191089800,56.629792,-4.700721,87,232.2,321.1,12,0.9,0,0.077,1622,87,75.8,14.3,14.07,1.272,25.1,motor,
290000,1791191090000,56.629766,-4.700784,87,231.9,321.1,12,0.9,0,0.077,1624,87,75.8,14.3,14.07,1.272,25.1,motor,
290200,1791191090200,56.629739,-4.700846,87,231.5,321.1,12,0.9,0,0.077,1626,87,75.8,14.3,14.07,1.272,25.2,motor,
290400,1791191090400,56.629712,-4.700907,87,231.2,321.1,12,0.9,0,0.077,1629,87,75.9,14.3,14.07,1.272,25.2,motor,
290600,1791191090600,56.629685,-4.700969,87,230.8,321,12,0.9,0,0.077,1631,87,75.9,14.3,14.07,1.273,25.2,motor,
290800,1791191090800,56.629657,-4.70103,87,230.4,321,12,0.9,0,0.077,1632,87,75.9,14.3,14.07,1.273,25.2,motor,
291000,1791191091000,56.629629,-4.701091,87,230,321,10,0.9,0,0.082,1633,87,75.9,14.3,14.07,1.274,25.2,motor,
291200,1791191091200,56.629601,-4.701151,87.01,229.7,321,10,0.9,0,0.077,1632,87,75.9,14.3,14.07,1.274,25.3,motor,
291400,1791191091400,56.629573,-4.701211,87.01,229.3,321,10,0.9,0,0.082,1630,87,75.9,14.4,14.07,1.274,25.3,motor,
291600,1791191091600,56.629545,-4.701271,87.01,228.9,321,10,0.9,0,0.082,1628,87,75.9,14.4,14.07,1.275,25.3,motor,
291800,1791191091800,56.629516,-4.70133,87.01,228.5,321,10,0.9,0,0.082,1626,87,76,14.4,14.07,1.275,25.3,motor,
292000,1791191092000,56.629487,-4.701389,87.02,228.1,320.9,10,0.9,0.001,0.082,1624,87,76,14.4,14.07,1.276,25.3,motor,
292200,1791191092200,56.629458,-4.701448,87.02,227.7,320.9,10,0.9,0,0.086,1622,87,76,14.4,14.07,1.276,25.4,motor,
292400,1791191092400,56.629429,-4.701506,87.03,227.4,320.9,10,0.9,0.001,0.082,1621,87,76,14.4,14.07,1.276,25.4,motor,
292600,1791191092600,56.6294,-4.701564,87.03,227,320.9,10,0.9,0.001,0.082,1621,87,76,14.4,14.07,1.277,25.4,motor,
292800,1791191092800,56.62937,-4.701622,87.04,226.6,320.9,10,0.9,0.001,0.082,1623,87,76,14.4,14.07,1.277,25.4,motor,
293000,1791191093000,56.62934,-4.701679,87.04,226.2,320.9,10,0.9,0.001,0.082,1625,87,76,14.4,14.07,1.278,25.4,motor,
293200,1791191093200,56.62931,-4.701736,87.05,225.8,320.9,10,0.9,0.001,0.082,1627,87,76.1,14.4,14.07,1.278,25.5,motor,
293400,1791191093400,56.629279,-4.701792,87.05,225.4,320.8,10,0.9,0.001,0.086,1630,87,76.1,14.4,14.07,1.278,25.5,motor,
293600,1791191093600,56.629249,-4.701848,87.06,225,320.8,10,0.9,0.001,0.086,1632,87,76.1,14.4,14.07,1.279,25.5,motor,
293800,1791191093800,56.629218,-4.701904,87.07,224.6,320.8,10,0.9,0.001,0.086,1633,87,76.1,14.4,14.07,1.279,25.5,motor,
294000,1791191094000,56.629187,-4.70196,87.07,224.3,320.8,10,0.9,0.001,0.082,1634,87,76.1,14.4,14.07,1.28,25.5,motor,
294200,1791191094200,56.629156,-4.702015,87.08,223.9,320.8,10,0.9,0.001,0.082,1633,87,76.1,14.4,14.07,1.28,25.6,motor,
294400,1791191094400,56.629125,-4.702069,87.09,223.5,320.7,10,0.9,0.001,0.082,1632,87,76.1,14.4,14.07,1.28,25.6,motor,
294600,1791191094600,56.629093,-4.702123,87.1,223.1,320.7,10,0.9,0.001,0.082,1630,87,76.2,14.4,14.07,1.281,25.6,motor,
294800,1791191094800,56.629061,-4.702177,87.11,222.7,320.7,10,0.9,0.001,0.082,1627,87,76.2,14.4,14.07,1.281,25.6,motor,
295000,1791191095000,56.629029,-4.702231,87.11,222.4,320.7,10,0.9,0.001,0.082,1625,87,76.2,14.4,14.08,1.282,25.6,motor,
295200,1791191095200,56.628997,-4.702284,87.12,222,320.7,10,0.9,0.001,0.082,1624,87,76.2,14.4,14.08,1.282,25.7,motor,
295400,1791191095400,56.628965,-4.702337,87.13,221.6,320.7,10,0.9,0.001,0.082,1623,87,76.2,14.4,14.08,1.283,25.7,motor,
295600,1791191095600,56.628932,-4.702389,87.14,221.3,320.6,10,0.9,0.001,0.078,1623,87,76.2,14.4,14.08,1.283,25.7,motor,
295800,1791191095800,56.628899,-4.702441,87.15,220.9,320.6,10,0.9,0.001,0.078,1625,87,76.2,14.4,14.08,1.283,25.7,motor,
296000,1791191096000,56.628866,-4.702493,87.16,220.5,320.6,10,0.9,0.001,0.082,1627,87,76.3,14.4,14.08,1.284,25.7,motor,
296200,1791191096200,56.628833,-4.702544,87.17,220.2,320.6,10,0.9,0.001,0.078,1630,87,76.3,14.4,14.08,1.284,25.8,motor,
296400,1791191096400,56.6288,-4.702595,87.19,219.8,320.6,10,0.9,0.002,0.078,1632,87,76.3,14.4,14.08,1.285,25.8,motor,
296600,1791191096600,56.628767,-4.702646,87.2,219.5,320.5,10,0.9,0.002,0.078,1635,87,76.3,14.4,14.08,1.285,25.8,motor,
296800,1791191096800,56.628733,-4.702696,87.21,219.2,320.5,10,0.9,0.002,0.073,1636,87,76.3,14.4,14.08,1.285,25.8,motor,
297000,1791191097000,56.628699,-4.702746,87.22,218.8,320.5,10,0.9,0.002,0.073,1637,87,76.3,14.4,14.09,1.286,25.8,motor,
297200,1791191097200,56.628665,-4.702795,87.23,218.5,320.5,10,0.9,0.002,0.073,1636,87,76.3,14.4,14.09,1.286,25.9,motor,
297400,1791191097400,56.628631,-4.702844,87.25,218.2,320.4,10,0.9,0.002,0.069,1635,87,76.4,14.4,14.09,1.287,25.9,motor,
297600,1791191097600,56.628597,-4.702893,87.26,217.9,320.4,10,0.9,0.002,0.069,1633,87,76.4,14.4,14.09,1.287,25.9,motor,
297800,1791191097800,56.628562,-4.702942,87.27,217.6,320.4,10,0.9,0.002,0.069,1630,87,76.4,14.4,14.09,1.287,25.9,motor,
298000,1791191098000,56.628528,-4.70299,87.29,217.3,320.4,10,0.9,0.002,0.065,1628,87,76.4,14.4,14.09,1.288,25.9,motor,
298200,1791191098200,56.628493,-4.703038,87.3,217,320.3,10,0.9,0.002,0.065,1627,87,76.4,14.4,14.09,1.288,26,motor,
298400,1791191098400,56.628458,-4.703085,87.31,216.7,320.3,10,0.9,0.002,0.065,1626,87,76.4,14.4,14.09,1.289,26,motor,
298600,1791191098600,56.628423,-4.703133,87.33,216.4,320.3,10,0.9,0.002,0.065,1627,87,76.4,14.4,14.1,1.289,26,motor,
298800,1791191098800,56.628388,-4.70318,87.34,216.1,320.3,10,0.9,0.002,0.065,1628,87,76.4,14.4,14.1,1.289,26,motor,
299000,1791191099000,56.628353,-4.703226,87.36,215.9,320.2,10,0.9,0.002,0.06,1631,87,76.5,14.4,14.1,1.29,26,motor,
299200,1791191099200,56.628318,-4.703273,87.37,215.6,320.2,10,0.9,0.002,0.06,1634,87,76.5,14.4,14.1,1.29,26,motor,
299400,1791191099400,56.628282,-4.703319,87.39,215.4,320.2,10,0.9,0.002,0.056,1636,87,76.5,14.4,14.1,1.291,26.1,motor,
299600,1791191099600,56.628247,-4.703364,87.41,215.1,320.2,10,0.9,0.002,0.056,1639,87,76.5,14.4,14.1,1.291,26.1,motor,
299800,1791191099800,56.628211,-4.70341,87.42,214.9,320.1,10,0.9,0.002,0.052,1640,87,76.5,14.4,14.11,1.291,26.1,motor,
300000,1791191100000,56.628175,-4.703455,87.44,214.7,320.1,10,0.9,0.002,0.052,1641,87,76.5,14.4,14.11,1.292,26.1,motor,
300200,1791191100200,56.628139,-4.7035,87.46,214.5,320.1,10,0.9,0.003,0.048,1640,87,76.5,14.4,14.11,1.292,26.1,motor,
300400,1791191100400,56.628103,-4.703545,87.47,214.3,320.1,10,0.9,0.002,0.048,1639,87,76.6,14.4,14.11,1.292,26.2,motor,
300600,1791191100600,56.628067,-4.70359,87.49,214.1,320,10,0.9,0.002,0.043,1637,87,76.6,14.4,14.11,1.293,26.2,motor,
300800,1791191100800,56.628031,-4.703634,87.51,213.9,320,10,0.9,0.003,0.043,1635,88,76.6,14.4,14.11,1.293,26.2,motor,
301000,1791191101000,56.627994,-4.703678,87.53,213.7,320,10,0.9,0.003,0.043,1633,88,76.6,14.4,14.12,1.293,26.2,motor,
301200,1791191101200,56.627958,-4.703722,87.54,213.5,320,10,0.9,0.002,0.043,1631,88,76.6,14.4,14.12,1.294,26.2,motor,
301400,1791191101400,56.627922,-4.703766,87.56,213.3,319.9,10,0.9,0.003,0.043,1631,88,76.6,14.4,14.12,1.294,26.2,motor,
301600,1791191101600,56.627885,-4.70381,87.58,213.2,319.9,10,0.9,0.003,0.039,1632,88,76.6,14.4,14.12,1.295,26.3,motor,
301800,1791191101800,56.627848,-4.703853,87.6,213,319.9,10,0.9,0.003,0.039,1633,88,76.6,14.4,14.12,1.295,26.3,motor,
302000,1791191102000,56.627812,-4.703896,87.62,212.9,319.8,10,0.9,0.003,0.035,1636,88,76.7,14.4,14.12,1.295,26.3,motor,
302200,1791191102200,56.627775,-4.703939,87.64,212.7,319.8,10,0.9,0.003,0.035,1639,88,76.7,14.4,14.13,1.296,26.3,motor,
302400,1791191102400,56.627738,-4.703982,87.66,212.6,319.8,10,0.9,0.003,0.03,1641,88,76.7,14.4,14.13,1.296,26.3,motor,
302600,1791191102600,56.627701,-4.704025,87.68,212.4,319.7,10,0.9,0.003,0.035,1644,88,76.7,14.4,14.13,1.296,26.3,motor,
302800,1791191102800,56.627664,-4.704068,87.7,212.3,319.7,10,0.9,0.003,0.03,1645,88,76.7,14.4,14.13,1.297,26.3,motor,
303000,1791191103000,56.627627,-4.70411,87.72,212.2,319.7,10,0.9,0.003,0.03,1646,88,76.7,14.4,14.13,1.297,26.4,motor,
303200,1791191103200,56.62759,-4.704153,87.74,212.1,319.6,10,0.9,0.003,0.026,1645,88,76.7,14.4,14.13,1.297,26.4,motor,
303400,1791191103400,56.627553,-4.704195,87.76,212,319.6,10,0.9,0.003,0.026,1644,88,76.8,14.4,14.13,1.298,26.4,motor,
303600,1791191103600,56.627516,-4.704237,87.78,211.9,319.6,10,0.9,0.003,0.022,1642,88,76.8,14.4,14.14,1.298,26.4,motor,
303800,1791191103800,56.627479,-4.704279,87.8,211.8,319.5,10,0.9,0.003,0.022,1640,88,76.8,14.4,14.14,1.298,26.4,motor,
304000,1791191104000,56.627442,-4.704321,87.82,211.7,319.5,10,0.9,0.003,0.022,1638,88,76.8,14.4,14.14,1.298,26.4,motor,
304200,1791191104200,56.627404,-4.704363,87.84,211.6,319.5,10,0.9,0.003,0.022,1637,88,76.8,14.4,14.14,1.299,26.4,motor,
304400,1791191104400,56.627367,-4.704405,87.86,211.6,319.4,10,0.9,0.003,0.017,1637,88,76.8,14.4,14.14,1.299,26.5,motor,
304600,1791191104600,56.62733,-4.704446,87.88,211.5,319.4,10,0.9,0.003,0.017,1637,88,76.8,14.4,14.14,1.299,26.5,motor,
304800,1791191104800,56.627292,-4.704488,87.9,211.4,319.4,10,0.9,0.003,0.017,1639,88,76.8,14.4,14.15,1.3,26.5,motor,
305000,1791191105000,56.627255,-4.70453,87.93,211.4,319.3,10,0.9,0.003,0.013,1642,88,76.9,14.4,14.15,1.3,26.5,motor,
305200,1791191105200,56.627217,-4.704571,87.95,211.3,319.3,10,0.9,0.003,0.013,1644,88,76.9,14.4,14.15,1.3,26.5,motor,
305400,1791191105400,56.62718,-4.704612,87.97,211.2,319.3,10,0.9,0.003,0.017,1647,88,76.9,14.4,14.15,1.3,26.5,motor,
305600,1791191105600,56.627142,-4.704654,87.99,211.2,319.2,10,0.9,0.003,0.013,1650,88,76.9,14.4,14.15,1.301,26.5,motor,
305800,1791191105800,56.627105,-4.704695,88.01,211.2,319.2,10,0.9,0.003,0.009,1651,88,76.9,14.4,14.15,1.301,26.5,motor,
306000,1791191106000,56.627067,-4.704736,88.04,211.1,319.2,10,0.9,0.003,0.013,1652,88,76.9,14.4,14.15,1.301,26.6,motor,
306200,1791191106200,56.627029,-4.704778,88.06,211.1,319.1,10,0.9,0.003,0.009,1651,88,76.9,14.4,14.15,1.302,26.6,motor,
306400,1791191106400,56.626992,-4.704819,88.08,211,319.1,10,0.9,0.003,0.009,1650,88,77,14.4,14.16,1.302,26.6,motor,
306600,1791191106600,56.626954,-4.70486,88.1,211,319.1,10,0.9,0.003,0.009,1648,88,77,14.4,14.16,1.302,26.6,motor,
306800,1791191106800,56.626916,-4.704901,88.13,211,319,10,0.9,0.003,0.009,1646,88,77,14.4,14.16,1.302,26.6,motor,
307000,1791191107000,56.626879,-4.704942,88.15,210.9,319,10,0.9,0.003,0.009,1644,88,77,14.4,14.16,1.302,26.6,motor,
307200,1791191107200,56.626841,-4.704983,88.17,210.9,318.9,10,0.9,0.003,0.009,1643,88,77,14.4,14.16,1.303,26.6,motor,
307400,1791191107400,56.626803,-4.705025,88.2,210.9,318.9,10,0.9,0.003,0.004,1643,88,77,14.5,14.16,1.303,26.6,motor,
307600,1791191107600,56.626765,-4.705066,88.22,210.8,318.9,10,0.9,0.003,0.009,1644,88,77,14.5,14.16,1.303,26.6,motor,
307800,1791191107800,56.626728,-4.705107,88.24,210.8,318.8,10,0.9,0.003,0.009,1645,88,77,14.5,14.16,1.303,26.6,motor,
308000,1791191108000,56.62669,-4.705148,88.27,210.8,318.8,10,0.9,0.003,0.004,1648,88,77.1,14.5,14.16,1.304,26.6,motor,
308200,1791191108200,56.626652,-4.705189,88.29,210.8,318.7,10,0.9,0.003,0.004,1651,88,77.1,14.5,14.16,1.304,26.7,motor,
308400,1791191108400,56.626614,-4.70523,88.31,210.7,318.7,10,0.9,0.003,0.009,1654,88,77.1,14.5,14.17,1.304,26.7,motor,
308600,1791191108600,56.626576,-4.70527,88.34,210.7,318.7,10,0.9,0.003,0.004,1656,88,77.1,14.5,14.17,1.304,26.7,motor,
308800,1791191108800,56.626538,-4.705311,88.36,210.7,318.6,10,0.9,0.003,0.004,1658,88,77.1,14.5,14.17,1.304,26.7,motor,
309000,1791191109000,56.6265,-4.705352,88.38,210.7,318.6,10,0.9,0.003,0.004,1658,88,77.1,14.5,14.17,1.304,26.7,motor,
309200,1791191109200,56.626462,-4.705393,88.41,210.6,318.5,10,0.9,0.003,0.009,1658,88,77.1,14.5,14.17,1.305,26.7,motor,
309400,1791191109400,56.626424,-4.705434,88.43,210.6,318.5,10,0.9,0.003,0.004,1656,88,77.1,14.5,14.17,1.305,26.7,motor,
309600,1791191109600,56.626386,-4.705475,88.45,210.6,318.5,10,0.9,0.003,0.004,1655,88,77.2,14.5,14.17,1.305,26.7,motor,
309800,1791191109800,56.626348,-4.705516,88.48,210.6,318.4,10,0.9,0.003,0.004,1653,88,77.2,14.5,14.17,1.305,26.7,motor,
310000,1791191110000,56.62631,-4.705557,88.5,210.6,318.4,10,0.9,0.003,0.004,1651,88,77.2,14.5,14.17,1.305,26.7,motor,
310200,1791191110200,56.626272,-4.705597,88.52,210.5,318.3,10,0.9,0.003,0.004,1650,89,77.2,14.5,14.17,1.305,26.7,motor,
310400,1791191110400,56.626234,-4.705638,88.55,210.5,318.3,10,0.9,0.003,0.004,1649,89,77.2,14.5,14.17,1.306,26.7,motor,
310600,1791191110600,56.626196,-4.705679,88.57,210.5,318.2,10,0.9,0.003,0.004,1650,89,77.2,14.5,14.17,1.306,26.7,motor,
310800,1791191110800,56.626158,-4.70572,88.59,210.4,318.2,10,0.9,0.003,0.009,1652,89,77.2,14.5,14.17,1.306,26.7,motor,
311000,1791191111000,56.62612,-4.70576,88.62,210.4,318.2,10,0.9,0.003,0.009,1655,89,77.2,14.5,14.17,1.306,26.7,motor,
311200,1791191111200,56.626082,-4.705801,88.64,210.4,318.1,10,0.9,0.003,0.004,1658,89,77.3,14.5,14.17,1.306,26.7,motor,
311400,1791191111400,56.626044,-4.705842,88.66,210.4,318.1,10,0.9,0.003,0.004,1660,89,77.3,14.5,14.17,1.306,26.7,motor,
311600,1791191111600,56.626005,-4.705882,88.69,210.3,318,10,0.9,0.003,0.009,1663,89,77.3,14.5,14.17,1.306,26.7,motor,
311800,1791191111800,56.625967,-4.705923,88.71,210.3,318,10,0.9,0.003,0.004,1664,89,77.3,14.5,14.17,1.306,26.7,motor,
312000,1791191112000,56.625929,-4.705964,88.73,210.3,317.9,10,0.9,0.003,0.004,1665,89,77.3,14.5,14.17,1.306,26.7,motor,
312200,1791191112200,56.625891,-4.706004,88.76,210.2,317.9,10,0.9,0.003,0.009,1664,89,77.3,14.5,14.17,1.306,26.8,motor,
312400,1791191112400,56.625852,-4.706045,88.78,210.2,317.8,10,0.9,0.003,0.009,1663,89,77.3,14.5,14.17,1.307,26.8,motor,
312600,1791191112600,56.625814,-4.706085,88.8,210.1,317.8,10,0.9,0.003,0.009,1661,89,77.3,14.5,14.17,1.307,26.8,motor,
312800,1791191112800,56.625776,-4.706126,88.83,210.1,317.8,10,0.9,0.003,0.009,1659,89,77.4,14.5,14.17,1.307,26.8,motor,
313000,1791191113000,56.625737,-4.706166,88.85,210,317.7,10,0.9,0.003,0.013,1657,89,77.4,14.5,14.17,1.307,26.8,motor,
313200,1791191113200,56.625699,-4.706206,88.87,210,317.7,10,0.9,0.003,0.009,1656,89,77.4,14.5,14.17,1.307,26.8,motor,
313400,1791191113400,56.625661,-4.706247,88.9,209.9,317.6,10,0.9,0.003,0.013,1656,89,77.4,14.5,14.17,1.307,26.8,motor,
313600,1791191113600,56.625622,-4.706287,88.92,209.9,317.6,10,0.9,0.003,0.009,1657,89,77.4,14.5,14.17,1.307,26.8,motor,
313800,1791191113800,56.625584,-4.706327,88.94,209.8,317.5,10,0.9,0.003,0.013,1659,89,77.4,14.5,14.16,1.307,26.8,motor,
314000,1791191114000,56.625545,-4.706367,88.96,209.8,317.5,10,0.9,0.003,0.009,1661,89,77.4,14.5,14.16,1.307,26.8,motor,
314200,1791191114200,56.625507,-4.706407,88.99,209.7,317.4,10,0.9,0.003,0.013,1664,89,77.4,14.5,14.16,1.307,26.8,motor,
314400,1791191114400,56.625468,-4.706447,89.01,209.6,317.4,10,0.9,0.003,0.013,1667,89,77.5,14.5,14.16,1.307,26.8,motor,
314600,1791191114600,56.625429,-4.706487,89.03,209.6,317.3,10,0.9,0.003,0.013,1669,89,77.5,14.5,14.16,1.307,26.7,motor,
314800,1791191114800,56.625391,-4.706527,89.05,209.5,317.3,10,0.9,0.003,0.013,1671,89,77.5,14.5,14.16,1.307,26.7,motor,
315000,1791191115000,56.625352,-4.706567,89.07,209.4,317.2,10,0.9,0.003,0.018,1671,89,77.5,14.5,14.16,1.307,26.7,motor,
315200,1791191115200,56.625313,-4.706606,89.1,209.4,317.2,10,0.9,0.003,0.013,1671,89,77.5,14.5,14.16,1.307,26.7,motor,
315400,1791191115400,56.625274,-4.706646,89.12,209.3,317.1,10,0.9,0.003,0.013,1669,89,77.5,14.5,14.16,1.307,26.7,motor,
315600,1791191115600,56.625236,-4.706685,89.14,209.2,317.1,10,0.9,0.003,0.018,1667,89,77.5,14.5,14.16,1.307,26.7,motor,
315800,1791191115800,56.625197,-4.706725,89.16,209.1,317,10,0.9,0.003,0.018,1665,89,77.5,14.5,14.15,1.307,26.7,motor,
316000,1791191116000,56.625158,-4.706764,89.18,209,317,10,0.9,0.003,0.018,1663,89,77.6,14.5,14.15,1.307,26.7,motor,
316200,1791191116200,56.625119,-4.706803,89.2,208.9,316.9,10,0.9,0.003,0.022,1662,89,77.6,14.5,14.15,1.307,26.7,motor,
316400,1791191116400,56.62508,-4.706843,89.22,208.8,316.9,10,0.9,0.003,0.022,1662,89,77.6,14.5,14.15,1.307,26.7,motor,
316600,1791191116600,56.625041,-4.706882,89.24,208.7,316.8,10,0.9,0.003,0.022,1663,89,77.6,14.5,14.15,1.307,26.7,motor,
316800,1791191116800,56.625002,-4.70692,89.26,208.6,316.8,10,0.9,0.003,0.022,1665,89,77.6,14.5,14.15,1.307,26.7,motor,
317000,1791191117000,56.624963,-4.706959,89.28,208.5,316.7,10,0.9,0.003,0.022,1667,89,77.6,14.5,14.15,1.306,26.7,motor,
317200,1791191117200,56.624924,-4.706998,89.3,208.4,316.7,10,0.9,0.003,0.022,1670,89,77.6,14.5,14.15,1.306,26.7,motor,
317400,1791191117400,56.624884,-4.707036,89.32,208.3,316.6,10,0.9,0.003,0.022,1673,89,77.6,14.5,14.14,1.306,26.7,motor,
317600,1791191117600,56.624845,-4.707075,89.34,208.2,316.6,10,0.9,0.003,0.022,1675,89,77.7,14.5,14.14,1.306,26.7,motor,
317800,1791191117800,56.624806,-4.707113,89.36,208.1,316.5,10,0.9,0.003,0.022,1677,89,77.7,14.5,14.14,1.306,26.7,motor,
318000,1791191118000,56.624767,-4.707151,89.38,208,316.4,10,0.7,0.003,0.022,1677,89,77.7,14.5,14.14,1.306,26.7,motor,
318200,1791191118200,56.624727,-4.707189,89.4,207.9,316.4,10,0.7,0.003,0.022,1676,89,77.7,14.5,14.14,1.306,26.7,motor,
318400,1791191118400,56.624688,-4.707227,89.42,207.7,316.3,10,0.7,0.003,0.027,1675,89,77.7,14.5,14.14,1.306,26.7,motor,
318600,1791191118600,56.624648,-4.707265,89.44,207.6,316.3,10,0.7,0.003,0.027,1673,89,77.7,14.5,14.14,1.306,26.6,motor,
318800,1791191118800,56.624609,-4.707302,89.46,207.5,316.2,10,0.7,0.003,0.027,1671,89,77.7,14.5,14.13,1.306,26.6,motor,
319000,1791191119000,56.624569,-4.70734,89.47,207.3,316.2,10,0.7,0.003,0.031,1669,89,77.7,14.5,14.13,1.305,26.6,motor,
319200,1791191119200,56.624529,-4.707377,89.49,207.2,316.1,10,0.7,0.003,0.031,1668,89,77.8,14.5,14.13,1.305,26.6,motor,
319400,1791191119400,56.62449,-4.707414,89.51,207.1,316.1,10,0.7,0.003,0.027,1667,90,77.8,14.5,14.13,1.305,26.6,motor,
319600,1791191119600,56.62445,-4.707451,89.53,206.9,316,10,0.7,0.003,0.031,1668,90,77.8,14.5,14.13,1.305,26.6,motor,
319800,1791191119800,56.62441,-4.707488,89.54,206.8,316,10,0.7,0.002,0.031,1670,90,77.8,14.5,14.13,1.305,26.6,motor,
320000,1791191120000,56.62437,-4.707524,89.56,206.6,315.9,10,0.7,0.003,0.031,1673,90,77.8,14.5,14.12,1.305,26.6,motor,
320200,1791191120200,56.62433,-4.707561,89.58,206.5,315.8,10,0.7,0.003,0.031,1675,90,77.8,14.5,14.12,1.304,26.6,motor,
320400,1791191120400,56.62429,-4.707597,89.59,206.3,315.8,10,0.7,0.002,0.035,1678,90,77.8,14.5,14.12,1.304,26.6,motor,
320600,1791191120600,56.62425,-4.707633,89.61,206.1,315.7,10,0.7,0.002,0.035,1680,90,77.8,14.5,14.12,1.304,26.6,motor,
320800,1791191120800,56.62421,-4.707668,89.63,206,315.7,10,0.7,0.003,0.035,1681,90,77.8,14.5,14.12,1.304,26.5,motor,
321000,1791191121000,56.624169,-4.707704,89.64,205.8,315.6,10,0.7,0.002,0.035,1682,90,77.9,14.5,14.12,1.304,26.5,motor,
321200,1791191121200,56.624129,-4.707739,89.66,205.6,315.6,10,0.7,0.002,0.04,1681,90,77.9,14.5,14.11,1.304,26.5,motor,
321400,1791191121400,56.624089,-4.707774,89.67,205.5,315.5,10,0.7,0.002,0.035,1679,90,77.9,14.5,14.11,1.303,26.5,motor,
321600,1791191121600,56.624048,-4.707809,89.69,205.3,315.4,10,0.7,0.002,0.035,1677,90,77.9,14.5,14.11,1.303,26.5,motor,
321800,1791191121800,56.624008,-4.707844,89.7,205.1,315.4,10,0.7,0.002,0.04,1675,90,77.9,14.5,14.11,1.303,26.5,motor,
322000,1791191122000,56.623967,-4.707878,89.71,204.9,315.3,10,0.7,0.002,0.04,1673,90,77.9,14.5,14.11,1.303,26.5,motor,
322200,1791191122200,56.623927,-4.707913,89.73,204.7,315.3,10,0.7,0.002,0.04,1672,90,77.9,14.5,14.11,1.302,26.5,motor,
322400,1791191122400,56.623886,-4.707947,89.74,204.5,315.2,10,0.7,0.002,0.044,1672,90,77.9,14.5,14.1,1.302,26.4,motor,
322600,1791191122600,56.623845,-4.70798,89.75,204.3,315.2,10,0.7,0.002,0.044,1673,90,78,14.5,14.1,1.302,26.4,motor,
322800,1791191122800,56.623804,-4.708014,89.77,204.1,315.1,10,0.7,0.002,0.044,1674,90,78,14.5,14.1,1.302,26.4,motor,
323000,1791191123000,56.623764,-4.708047,89.78,203.9,315,10,0.7,0.002,0.044,1677,90,78,14.5,14.1,1.301,26.4,motor,
323200,1791191123200,56.623723,-4.70808,89.79,203.7,315,10,0.7,0.002,0.044,1680,90,78,14.5,14.1,1.301,26.4,motor,
323400,1791191123400,56.623681,-4.708113,89.8,203.5,314.9,10,0.7,0.002,0.044,1682,90,78,14.5,14.1,1.301,26.4,motor,
323600,1791191123600,56.62364,-4.708145,89.81,203.3,314.9,10,0.7,0.002,0.044,1684,90,78,14.5,14.09,1.301,26.4,motor,
323800,1791191123800,56.623599,-4.708177,89.83,203.1,314.8,10,0.7,0.002,0.044,1685,90,78,14.5,14.09,1.3,26.3,motor,
324000,1791191124000,56.623558,-4.708209,89.84,202.9,314.7,10,0.7,0.002,0.044,1685,90,78,14.5,14.09,1.3,26.3,motor,
324200,1791191124200,56.623517,-4.708241,89.85,202.6,314.7,10,0.7,0.002,0.049,1684,90,78,14.5,14.09,1.3,26.3,motor,
324400,1791191124400,56.623475,-4.708272,89.86,202.4,314.6,10,0.7,0.002,0.049,1683,90,78.1,14.5,14.09,1.3,26.3,motor,
324600,1791191124600,56.623434,-4.708303,89.87,202.2,314.6,10,0.7,0.002,0.049,1681,90,78.1,14.5,14.09,1.299,26.3,motor,
324800,1791191124800,56.623392,-4.708334,89.88,201.9,314.5,10,0.7,0.001,0.053,1678,90,78.1,14.5,14.09,1.299,26.3,motor,
325000,1791191125000,56.623351,-4.708364,89.89,201.7,314.4,10,0.7,0.001,0.053,1676,90,78.1,14.5,14.09,1.299,26.3,motor,
325200,1791191125200,56.623309,-4.708394,89.89,201.5,314.4,10,0.7,0.001,0.049,1675,90,78.1,14.5,14.08,1.298,26.2,motor,
325400,1791191125400,56.623267,-4.708424,89.9,201.2,314.3,10,0.7,0.001,0.053,1675,90,78.1,14.6,14.08,1.298,26.2,motor,
325600,1791191125600,56.623225,-4.708453,89.91,201,314.2,10,0.7,0.001,0.053,1676,90,78.1,14.6,14.08,1.298,26.2,motor,
325800,1791191125800,56.623183,-4.708482,89.92,200.7,314.2,10,0.7,0.001,0.053,1677,90,78.1,14.6,14.08,1.297,26.2,motor,
326000,1791191126000,56.623141,-4.708511,89.93,200.5,314.1,10,0.7,0.001,0.053,1680,90,78.2,14.6,14.08,1.297,26.2,motor,
326200,1791191126200,56.623099,-4.70854,89.93,200.2,314.1,10,0.7,0.001,0.058,1682,90,78.2,14.6,14.08,1.297,26.2,motor,
326400,1791191126400,56.623057,-4.708568,89.94,200,314,10,0.7,0.001,0.053,1685,90,78.2,14.6,14.08,1.296,26.1,motor,
326600,1791191126600,56.623015,-4.708595,89.95,199.7,313.9,10,0.7,0.001,0.058,1687,90,78.2,14.6,14.08,1.296,26.1,motor,
326800,1791191126800,56.622973,-4.708623,89.95,199.4,313.9,10,0.7,0.001,0.058,1688,90,78.2,14.6,14.08,1.296,26.1,motor,
327000,1791191127000,56.62293,-4.70865,89.96,199.2,313.8,10,0.7,0.001,0.058,1688,90,78.2,14.6,14.08,1.295,26.1,motor,
327200,1791191127200,56.622888,-4.708677,89.96,198.9,313.7,10,0.7,0.001,0.058,1687,90,78.2,14.6,14.07,1.295,26.1,motor,
327400,1791191127400,56.622845,-4.708703,89.97,198.6,313.7,10,0.7,0.001,0.062,1685,90,78.2,14.6,14.07,1.295,26,motor,
327600,1791191127600,56.622803,-4.708729,89.97,198.3,313.6,10,0.7,0.001,0.062,1682,90,78.2,14.6,14.07,1.294,26,motor,
327800,1791191127800,56.62276,-4.708754,89.98,198,313.6,10,0.7,0.001,0.062,1680,90,78.3,14.6,14.07,1.294,26,motor,
328000,1791191128000,56.622717,-4.708779,89.98,197.8,313.5,10,0.7,0.001,0.062,1678,90,78.3,14.6,14.07,1.294,26,motor,
328200,1791191128200,56.622675,-4.708804,89.99,197.5,313.4,10,0.7,0.001,0.062,1677,90,78.3,14.6,14.07,1.293,26,motor,
328400,1791191128400,56.622632,-4.708829,89.99,197.2,313.4,10,0.7,0.001,0.062,1676,90,78.3,14.6,14.07,1.293,26,motor,
328600,1791191128600,56.622589,-4.708853,89.99,196.9,313.3,10,0.7,0.001,0.062,1677,90,78.3,14.6,14.07,1.293,25.9,motor,
328800,1791191128800,56.622546,-4.708876,89.99,196.6,313.2,10,0.7,0,0.062,1679,90,78.3,14.6,14.07,1.292,25.9,motor,
329000,1791191129000,56.622503,-4.708899,90,196.3,313.2,10,0.7,0.001,0.067,1681,90,78.3,14.6,14.07,1.292,25.9,motor,
329200,1791191129200,56.62246,-4.708922,90,196,313.1,10,0.7,0,0.067,1684,90,78.3,14.6,14.07,1.292,25.9,motor,
329400,1791191129400,56.622416,-4.708944,90,195.7,313,10,0.7,0,0.067,1686,90,78.3,14.6,14.07,1.291,25.9,motor,
329600,1791191129600,56.622373,-4.708966,90,195.3,313,10,0.7,0,0.071,1688,90,78.4,14.6,14.07,1.29,25.8,motor,
329800,1791191129800,56.62233,-4.708988,90,195,312.9,10,0.7,0,0.071,1689,90,78.4,14.6,14.07,1.29,25.8,motor,
330000,1791191130000,56.622286,-4.709009,90,194.7,312.9,10,0.7,0,0.071,1688,90,78.4,14.6,14.07,1.29,25.8,motor,
330200,1791191130200,56.622243,-4.709029,89.98,194.4,312.8,10,0.7,-0.001,0.071,1687,90,78.4,14.6,14.07,1.29,25.8,motor,
330400,1791191130400,56.622199,-4.70905,89.91,194.1,312.7,10,0.7,-0.003,0.071,1684,90,78.4,14.6,14.07,1.289,25.8,motor,
330600,1791191130600,56.622156,-4.709069,89.8,193.8,312.7,10,0.7,-0.006,0.067,1679,90,78.4,14.6,14.07,1.289,25.8,motor,
330800,1791191130800,56.622112,-4.709089,89.65,193.4,312.6,10,0.7,-0.01,0.071,1674,90,78.4,14.6,14.07,1.288,25.7,motor,
331000,1791191131000,56.622069,-4.709107,89.45,193.1,312.5,10,0.7,-0.016,0.071,1668,89,78.4,14.6,14.07,1.01,0,motor,
331200,1791191131200,56.622025,-4.709126,89.21,192.8,312.5,10,0.7,-0.022,0.071,1662,89,78.5,14.6,14.07,1.01,0,motor,
331400,1791191131400,56.621982,-4.709143,88.93,192.4,312.4,10,0.7,-0.028,0.075,1657,89,78.5,14.6,14.07,1.01,0,motor,
331600,1791191131600,56.621939,-4.70916,88.61,192.1,312.3,10,0.7,-0.034,0.075,1651,89,78.5,14.6,14.07,1.01,0,motor,
331800,1791191131800,56.621896,-4.709177,88.24,191.8,312.3,10,0.7,-0.04,0.07,1646,88,78.5,14.6,14.07,1.01,0,motor,
332000,1791191132000,56.621853,-4.709193,87.84,191.4,312.2,10,0.7,-0.046,0.075,1641,88,78.5,14.6,14.07,1.01,0,motor,
332200,1791191132200,56.62181,-4.709209,87.39,191.1,312.1,10,0.7,-0.052,0.074,1635,87,78.5,14.7,14.07,1.01,0,motor,
332400,1791191132400,56.621767,-4.709224,86.91,190.8,312.1,10,0.7,-0.057,0.07,1628,87,78.5,14.7,14.07,1.01,0,motor,
332600,1791191132600,56.621725,-4.709239,86.38,190.4,312,10,0.7,-0.063,0.074,1620,86,78.5,14.7,14.08,1.01,0,motor,
332800,1791191132800,56.621682,-4.709253,85.82,190.1,312,10,0.7,-0.069,0.073,1610,86,78.5,14.7,14.08,1.01,0,motor,
333000,1791191133000,56.62164,-4.709266,85.23,189.8,311.9,10,0.7,-0.074,0.068,1599,85,78.6,14.7,14.08,1.01,0,motor,
333200,1791191133200,56.621598,-4.709279,84.59,189.4,311.8,10,0.7,-0.079,0.072,1586,85,78.6,14.7,14.08,1.01,0,motor,
333400,1791191133400,56.621557,-4.709291,83.92,189.1,311.8,10,0.7,-0.085,0.072,1572,84,78.6,14.7,14.08,1.01,0,motor,
333600,1791191133600,56.621516,-4.709303,83.22,188.7,311.7,10,0.7,-0.09,0.071,1556,83,78.6,14.7,14.08,1.01,0,motor,
333800,1791191133800,56.621475,-4.709314,82.49,188.4,311.6,10,0.7,-0.094,0.071,1540,82,78.6,14.8,14.08,1.01,0,motor,
334000,1791191134000,56.621434,-4.709325,81.73,188.1,311.6,10,0.7,-0.099,0.07,1524,82,78.6,14.8,14.08,1.01,0,motor,
334200,1791191134200,56.621394,-4.709335,80.94,187.8,311.5,10,0.7,-0.103,0.065,1507,81,78.6,14.8,14.08,1.01,0,motor,
334400,1791191134400,56.621354,-4.709345,80.11,187.4,311.5,10,0.7,-0.108,0.069,1492,80,78.6,14.8,14.08,1.01,0,motor,
334600,1791191134600,56.621315,-4.709354,79.27,187.1,311.4,10,0.7,-0.112,0.064,1477,79,78.6,14.8,14.08,1.01,0,motor,
334800,1791191134800,56.621276,-4.709363,78.4,186.8,311.3,10,0.7,-0.116,0.064,1462,78,78.7,14.8,14.09,1.01,0,motor,
335000,1791191135000,56.621237,-4.709371,77.5,186.5,311.3,10,0.7,-0.12,0.063,1448,78,78.7,14.9,14.09,1.01,0,motor,
335200,1791191135200,56.621199,-4.709379,76.58,186.1,311.2,10,0.7,-0.123,0.066,1433,77,78.7,14.9,14.09,1.01,0,motor,
335400,1791191135400,56.621161,-4.709386,75.64,185.8,311.2,10,0.7,-0.127,0.062,1418,76,78.7,14.9,14.09,1.01,0,motor,
335600,1791191135600,56.621124,-4.709393,74.69,185.5,311.1,10,0.7,-0.13,0.061,1402,75,78.7,14.9,14.09,1.01,0,motor,
335800,1791191135800,56.621087,-4.7094,73.71,185.2,311.1,10,0.7,-0.133,0.06,1384,74,78.7,14.9,14.09,1.01,0,motor,
336000,1791191136000,56.621051,-4.709406,72.73,184.9,311,10,0.7,-0.135,0.059,1365,73,78.7,15,14.09,1.01,0,motor,
336200,1791191136200,56.621015,-4.709411,71.72,184.6,311,10,0.7,-0.138,0.055,1345,72,78.7,15,14.1,1.01,0,motor,
336400,1791191136400,56.620979,-4.709416,70.71,184.3,310.9,10,0.7,-0.14,0.054,1324,71,78.7,15,14.1,1.01,0,motor,
336600,1791191136600,56.620944,-4.709421,69.68,184,310.8,10,0.7,-0.142,0.054,1303,70,78.7,15,14.1,1.01,0,motor,
336800,1791191136800,56.62091,-4.709425,68.65,183.7,310.8,10,0.7,-0.143,0.053,1281,69,78.8,15.1,14.1,1.01,0,motor,
337000,1791191137000,56.620876,-4.709429,67.61,183.4,310.7,10,0.7,-0.145,0.052,1260,68,78.8,15.1,14.1,1.01,0,motor,
337200,1791191137200,56.620842,-4.709433,66.57,183.1,310.7,10,0.7,-0.146,0.051,1239,67,78.8,15.1,14.1,1.01,0,motor,
337400,1791191137400,56.62081,-4.709436,65.52,182.8,310.6,10,0.7,-0.147,0.051,1585,66,78.8,15.1,14.1,1.01,0,motor,
337600,1791191137600,56.620777,-4.709439,64.48,182.6,310.6,10,0.7,-0.147,0.046,1560,64,78.8,15.1,14.11,1.01,0,motor,
337800,1791191137800,56.620745,-4.709441,63.43,182.3,310.6,10,0.7,-0.148,0.046,1537,63,78.8,15.2,14.11,1.01,0,motor,
338000,1791191138000,56.620714,-4.709443,62.39,182,310.5,10,0.7,-0.148,0.045,1514,62,78.8,15.2,14.11,1.01,0,motor,
338200,1791191138200,56.620683,-4.709445,61.35,181.8,310.5,10,0.7,-0.148,0.041,1491,61,78.8,15.2,14.11,1.01,0,motor,
338400,1791191138400,56.620653,-4.709447,60.32,181.5,310.4,10,0.7,-0.147,0.04,1468,60,78.8,15.2,14.11,1.01,0,motor,
338600,1791191138600,56.620623,-4.709448,59.29,181.2,310.4,10,0.7,-0.147,0.043,1445,59,78.9,15.3,14.11,1.01,0,motor,
338800,1791191138800,56.620594,-4.709449,58.28,181,310.3,10,0.7,-0.146,0.039,1421,58,78.9,15.3,14.12,1.01,0,motor,
339000,1791191139000,56.620565,-4.70945,57.27,180.7,310.3,10,0.7,-0.145,0.038,1396,57,78.9,15.3,14.12,1.01,0,motor,
339200,1791191139200,56.620536,-4.709451,56.29,180.5,310.2,10,0.7,-0.143,0.038,1371,56,78.9,15.3,14.12,1.01,0,motor,
339400,1791191139400,56.620509,-4.709451,55.31,180.2,310.2,10,0.7,-0.142,0.037,1345,55,78.9,15.3,14.12,1.01,0,motor,
339600,1791191139600,56.620481,-4.709452,54.36,180,310.2,10,0.7,-0.14,0.034,1320,54,78.9,15.4,14.12,1.01,0,motor,
339800,1791191139800,56.620454,-4.709451,53.42,179.8,310.1,10,0.7,-0.138,0.033,1294,53,78.9,15.4,14.12,1.01,0,motor,
340000,1791191140000,56.620428,-4.709451,52.5,179.6,310.1,10,0.7,-0.135,0.03,1270,53,78.9,15.4,14.13,1.01,0,motor,
340200,1791191140200,56.620402,-4.709451,51.6,179.3,310,10,0.7,-0.133,0.032,1247,52,78.9,15.4,14.13,1.01,0,motor,
340400,1791191140400,56.620376,-4.70945,50.73,179.1,310,10,0.7,-0.13,0.029,1226,51,79,15.4,14.13,1.01,0,motor,
340600,1791191140600,56.620351,-4.70945,49.89,178.9,310,10,0.7,-0.127,0.028,1206,50,79,15.5,14.13,1.01,0,motor,
340800,1791191140800,56.620327,-4.709449,49.06,178.7,309.9,10,0.7,-0.123,0.028,1188,49,79,15.5,14.13,1.01,0,motor,
341000,1791191141000,56.620302,-4.709448,48.27,178.5,309.9,10,0.7,-0.12,0.027,1171,48,79,15.5,14.13,1.01,0,motor,
341200,1791191141200,56.620278,-4.709446,47.51,178.3,309.9,10,0.7,-0.116,0.024,1616,48,79,15.5,14.14,1.01,0,motor,
341400,1791191141400,56.620255,-4.709445,46.78,178,309.8,10,0.7,-0.112,0.027,1594,47,79,15.5,14.14,1.01,0,motor,
341600,1791191141600,56.620232,-4.709444,46.08,177.8,309.8,10,0.7,-0.108,0.026,1571,46,79,15.5,14.14,1.01,0,motor,
341800,1791191141800,56.620209,-4.709442,45.41,177.6,309.7,10,0.7,-0.103,0.026,1549,45,79,15.6,14.14,1.01,0,motor,
342000,1791191142000,56.620186,-4.70944,44.77,177.5,309.7,10,0.7,-0.099,0.023,1528,45,79,15.6,14.14,1.01,0,motor,
342200,1791191142200,56.620164,-4.709439,44.18,177.3,309.7,10,0.7,-0.094,0.023,1506,44,79,15.6,14.14,1.01,0,motor,
342400,1791191142400,56.620142,-4.709437,43.62,177.1,309.6,10,0.7,-0.09,0.02,1485,44,79.1,15.6,14.14,1.01,0,motor,
342600,1791191142600,56.620121,-4.709435,43.09,176.9,309.6,10,0.7,-0.085,0.02,1465,43,79.1,15.6,14.15,1.01,0,motor,
342800,1791191142800,56.620099,-4.709433,42.61,176.7,309.6,10,0.7,-0.079,0.02,1446,43,79.1,15.6,14.15,1.01,0,motor,
343000,1791191143000,56.620078,-4.70943,42.16,176.5,309.6,10,0.7,-0.074,0.021,1429,42,79.1,15.6,14.15,1.01,0,motor,
343200,1791191143200,56.620057,-4.709428,41.76,176.3,309.5,10,0.7,-0.069,0.021,1414,42,79.1,15.6,14.15,1.01,0,motor,
343400,1791191143400,56.620037,-4.709426,41.39,176.1,309.5,10,0.7,-0.063,0.021,1401,41,79.1,15.6,14.15,1.01,0,motor,
343600,1791191143600,56.620016,-4.709423,41.07,176,309.5,10,0.7,-0.057,0.019,1391,41,79.1,15.7,14.15,1.01,0,motor,
343800,1791191143800,56.619996,-4.70942,40.79,175.8,309.4,10,0.7,-0.052,0.019,1383,41,79.1,15.7,14.15,1.01,0,motor,
344000,1791191144000,56.619976,-4.709418,40.55,175.6,309.4,10,0.7,-0.046,0.018,1377,41,79.1,15.7,14.16,1.01,0,motor,
344200,1791191144200,56.619955,-4.709415,40.35,175.4,309.4,10,0.7,-0.04,0.018,1373,40,79.2,15.7,14.16,1.048,14.9,motor,
344400,1791191144400,56.619935,-4.709412,40.2,175.3,309.3,10,0.7,-0.034,0.016,1370,40,79.2,15.7,14.16,1.048,14.8,motor,
344600,1791191144600,56.619915,-4.709409,40.09,175.1,309.3,10,0.7,-0.028,0.018,1368,40,79.2,15.7,14.16,1.047,14.8,motor,
344800,1791191144800,56.619896,-4.709406,40.02,174.9,309.3,10,0.7,-0.022,0.018,1366,40,79.2,15.7,14.16,1.047,14.8,motor,
345000,1791191145000,56.619876,-4.709403,40,174.7,309.2,10,0.7,-0.016,0.018,1365,40,79.2,15.7,14.16,1.047,14.8,motor,
345200,1791191145200,56.619856,-4.709399,40,174.6,309.2,10,0.7,-0.01,0.016,1364,40,79.2,15.7,14.16,1.047,14.8,motor,
345400,1791191145400,56.619836,-4.709396,40,174.4,309.2,10,0.7,-0.006,0.018,1362,40,79.2,15.7,14.16,1.046,14.8,motor,
345600,1791191145600,56.619816,-4.709392,40,174.2,309.2,10,0.7,-0.003,0.018,1359,40,79.2,15.7,14.16,1.047,14.9,motor,
345800,1791191145800,56.619796,-4.709389,40,174.1,309.1,10,0.7,-0.001,0.016,1357,40,79.2,15.7,14.16,1.047,14.9,motor,
346000,1791191146000,56.619776,-4.709385,40,173.9,309.1,10,0.7,0,0.016,1355,40,79.2,15.7,14.16,1.047,14.9,motor,
346200,1791191146200,56.619756,-4.709381,40.01,173.7,309.1,10,0.7,0,0.018,1354,40,79.3,15.7,14.17,1.047,14.9,motor,
346400,1791191146400,56.619737,-4.709377,40.01,173.5,309,10,0.7,0,0.018,1354,40,79.3,15.7,14.17,1.047,14.9,motor,
346600,1791191146600,56.619717,-4.709373,40.01,173.4,309,10,0.7,0,0.016,1355,40,79.3,15.7,14.17,1.048,14.9,motor,
346800,1791191146800,56.619697,-4.709369,40.01,173.2,309,10,0.7,0,0.018,1357,40,79.3,15.7,14.17,1.048,15,motor,
347000,1791191147000,56.619677,-4.709364,40.02,173,309,10,0.7,0.001,0.018,1359,40,79.3,15.7,14.17,1.049,15,motor,
347200,1791191147200,56.619657,-4.70936,40.02,172.8,308.9,10,0.7,0,0.018,1362,40,79.3,15.7,14.17,1.049,15,motor,
347400,1791191147400,56.619637,-4.709356,40.02,172.7,308.9,10,0.7,0,0.016,1364,40,79.3,15.7,14.17,1.049,15,motor,
347600,1791191147600,56.619618,-4.709351,40.03,172.5,308.9,10,0.7,0.001,0.018,1366,40,79.3,15.7,14.17,1.05,15,motor,
347800,1791191147800,56.619598,-4.709346,40.03,172.3,308.8,10,0.7,0.001,0.018,1367,40,79.3,15.7,14.17,1.05,15,motor,
348000,1791191148000,56.619578,-4.709341,40.04,172.2,308.8,10,0.7,0.001,0.016,1366,40,79.3,15.7,14.17,1.05,15.1,motor,
348200,1791191148200,56.619558,-4.709336,40.04,172,308.8,10,0.7,0.001,0.016,1365,40,79.4,15.7,14.17,1.05,15.1,motor,
348400,1791191148400,56.619538,-4.709331,40.05,171.8,308.7,10,0.7,0.001,0.018,1363,40,79.4,15.7,14.17,1.05,15.1,motor,
348600,1791191148600,56.619519,-4.709326,40.05,171.7,308.7,10,0.7,0.001,0.016,1361,40,79.4,15.7,14.17,1.05,15.1,motor,
348800,1791191148800,56.619499,-4.709321,40.06,171.5,308.7,10,0.7,0.001,0.016,1359,40,79.4,15.7,14.17,1.05,15.1,motor,
349000,1791191149000,56.619479,-4.709315,40.06,171.3,308.7,10,0.7,0.001,0.018,1357,40,79.4,15.7,14.17,1.051,15.1,motor,
349200,1791191149200,56.619459,-4.70931,40.07,171.1,308.6,10,0.7,0.001,0.018,1356,40,79.4,15.7,14.17,1.051,15.2,motor,
349400,1791191149400,56.61944,-4.709304,40.08,171,308.6,10,0.7,0.001,0.016,1356,40,79.4,15.7,14.17,1.051,15.2,motor,
349600,1791191149600,56.61942,-4.709299,40.08,170.8,308.6,10,0.7,0.001,0.018,1358,40,79.4,15.7,14.17,1.051,15.2,motor,
349800,1791191149800,56.6194,-4.709293,40.09,170.6,308.5,10,0.7,0.001,0.018,1360,40,79.4,15.7,14.17,1.052,15.2,motor,
350000,1791191150000,56.61938,-4.709287,40.1,170.5,308.5,10,0.7,0.001,0.016,1362,40,79.5,15.7,14.17,1.052,15.2,motor,
350200,1791191150200,56.619361,-4.709281,40.11,170.3,308.5,10,0.7,0.001,0.016,1365,40,79.5,15.7,14.17,1.053,15.2,motor,
350400,1791191150400,56.619341,-4.709275,40.12,170.1,308.4,10,0.7,0.001,0.018,1367,40,79.5,15.7,14.17,1.053,15.3,motor,
350600,1791191150600,56.619321,-4.709268,40.12,170,308.4,10,0.7,0.001,0.016,1369,40,79.5,15.7,14.17,1.053,15.3,motor,
350800,1791191150800,56.619301,-4.709262,40.13,169.8,308.4,10,0.7,0.001,0.016,1370,40,79.5,15.7,14.17,1.054,15.3,motor,
351000,1791191151000,56.619282,-4.709256,40.14,169.6,308.4,10,0.7,0.001,0.018,1370,40,79.5,15.7,14.17,1.054,15.3,motor,
351200,1791191151200,56.619262,-4.709249,40.15,169.4,308.3,10,0.7,0.001,0.018,1369,40,79.5,15.7,14.17,1.054,15.3,motor,
351400,1791191151400,56.619242,-4.709242,40.16,169.3,308.3,10,0.7,0.001,0.016,1367,40,79.5,15.7,14.17,1.054,15.3,motor,
351600,1791191151600,56.619223,-4.709236,40.17,169.1,308.3,10,0.7,0.001,0.018,1365,40,79.5,15.7,14.16,1.054,15.4,motor,
351800,1791191151800,56.619203,-4.709229,40.18,168.9,308.2,10,0.7,0.001,0.018,1363,40,79.5,15.7,14.16,1.054,15.4,motor,
352000,1791191152000,56.619183,-4.709222,40.19,168.8,308.2,10,0.7,0.001,0.016,1361,40,79.6,15.7,14.16,1.054,15.4,motor,
352200,1791191152200,56.619164,-4.709215,40.2,168.6,308.2,10,0.7,0.001,0.016,1361,40,79.6,15.7,14.16,1.054,15.4,motor,
352400,1791191152400,56.619144,-4.709207,40.21,168.4,308.2,10,0.7,0.001,0.018,1361,40,79.6,15.7,14.16,1.054,15.4,motor,
352600,1791191152600,56.619124,-4.7092,40.22,168.3,308.1,10,0.7,0.001,0.016,1362,40,79.6,15.7,14.16,1.055,15.4,motor,
352800,1791191152800,56.619105,-4.709193,40.24,168.1,308.1,10,0.7,0.002,0.016,1365,40,79.6,15.7,14.16,1.055,15.5,motor,
353000,1791191153000,56.619085,-4.709185,40.25,167.9,308.1,10,0.7,0.002,0.018,1367,40,79.6,15.7,14.16,1.056,15.5,motor,
353200,1791191153200,56.619065,-4.709177,40.26,167.8,308,10,0.7,0.002,0.016,1370,40,79.6,15.7,14.16,1.056,15.5,motor,
353400,1791191153400,56.619046,-4.70917,40.27,167.6,308,10,0.7,0.002,0.016,1373,40,79.6,15.7,14.16,1.057,15.5,motor,
353600,1791191153600,56.619026,-4.709162,40.28,167.4,308,10,0.7,0.002,0.018,1375,40,79.6,15.7,14.15,1.057,15.5,motor,
353800,1791191153800,56.619006,-4.709154,40.3,167.3,307.9,10,0.7,0.002,0.016,1376,40,79.6,15.7,14.15,1.057,15.5,motor,
354000,1791191154000,56.618987,-4.709146,40.31,167.1,307.9,10,0.7,0.002,0.016,1376,40,79.6,15.7,14.15,1.057,15.6,motor,
354200,1791191154200,56.618967,-4.709138,40.32,166.9,307.9,10,0.7,0.002,0.018,1375,40,79.7,15.7,14.15,1.057,15.6,motor,
354400,1791191154400,56.618948,-4.709129,40.34,166.8,307.9,10,0.7,0.002,0.016,1373,40,79.7,15.7,14.15,1.057,15.6,motor,
354600,1791191154600,56.618928,-4.709121,40.35,166.6,307.8,10,0.7,0.002,0.016,1371,40,79.7,15.7,14.15,1.057,15.6,motor,
354800,1791191154800,56.618908,-4.709113,40.36,166.4,307.8,10,0.7,0.002,0.018,1369,40,79.7,15.7,14.15,1.057,15.6,motor,
355000,1791191155000,56.618889,-4.709104,40.38,166.3,307.8,10,0.7,0.002,0.016,1368,40,79.7,15.8,14.14,1.057,15.6,motor,
355200,1791191155200,56.618869,-4.709095,40.39,166.1,307.7,10,0.7,0.002,0.016,1367,40,79.7,15.8,14.14,1.058,15.6,motor,
355400,1791191155400,56.61885,-4.709086,40.4,166,307.7,10,0.7,0.002,0.016,1368,40,79.7,15.8,14.14,1.058,15.7,motor,
355600,1791191155600,56.61883,-4.709078,40.42,165.8,307.7,10,0.7,0.002,0.016,1369,40,79.7,15.8,14.14,1.058,15.7,motor,
355800,1791191155800,56.618811,-4.709069,40.43,165.6,307.6,10,0.7,0.002,0.016,1371,40,79.7,15.8,14.14,1.058,15.7,motor,
356000,1791191156000,56.618791,-4.709059,40.45,165.5,307.6,10,0.7,0.002,0.016,1374,40,79.7,15.8,14.14,1.059,15.7,motor,
356200,1791191156200,56.618771,-4.70905,40.46,165.3,307.6,10,0.7,0.002,0.016,1377,40,79.8,15.8,14.14,1.059,15.7,motor,
356400,1791191156400,56.618752,-4.709041,40.48,165.1,307.6,10,0.7,0.002,0.018,1380,40,79.8,15.8,14.13,1.06,15.7,motor,
356600,1791191156600,56.618732,-4.709032,40.49,165,307.5,10,0.7,0.002,0.016,1382,40,79.8,15.8,14.13,1.06,15.7,motor,
356800,1791191156800,56.618713,-4.709022,40.51,164.8,307.5,10,0.7,0.002,0.016,1383,41,79.8,15.8,14.13,1.06,15.7,motor,
357000,1791191157000,56.618693,-4.709012,40.53,164.7,307.5,10,0.7,0.002,0.016,1383,41,79.8,15.8,14.13,1.061,15.7,motor,
357200,1791191157200,56.618674,-4.709003,40.54,164.5,307.4,10,0.7,0.002,0.016,1382,41,79.8,15.8,14.13,1.061,15.8,motor,
357400,1791191157400,56.618654,-4.708993,40.56,164.3,307.4,10,0.7,0.002,0.016,1380,41,79.8,15.8,14.13,1.061,15.8,motor,
357600,1791191157600,56.618635,-4.708983,40.57,164.2,307.4,10,0.7,0.002,0.016,1378,41,79.8,15.8,14.12,1.06,15.8,motor,
357800,1791191157800,56.618615,-4.708973,40.59,164,307.4,10,0.7,0.002,0.016,1377,41,79.8,15.8,14.12,1.06,15.8,motor,
358000,1791191158000,56.618596,-4.708963,40.61,163.8,307.3,10,0.7,0.002,0.018,1375,41,79.8,15.8,14.12,1.06,15.8,motor,
358200,1791191158200,56.618576,-4.708952,40.62,163.7,307.3,10,0.7,0.002,0.016,1375,41,79.9,15.8,14.12,1.06,15.8,motor,
358400,1791191158400,56.618557,-4.708942,40.64,163.5,307.3,10,0.7,0.002,0.016,1376,41,79.9,15.8,14.12,1.061,15.8,motor,
358600,1791191158600,56.618538,-4.708932,40.66,163.4,307.2,10,0.7,0.003,0.016,1377,41,79.9,15.8,14.12,1.061,15.8,motor,
358800,1791191158800,56.618518,-4.708921,40.67,163.2,307.2,10,0.7,0.002,0.016,1380,41,79.9,15.8,14.11,1.061,15.8,motor,
359000,1791191159000,56.618499,-4.70891,40.69,163.1,307.2,10,0.7,0.002,0.014,1383,41,79.9,15.8,14.11,1.062,15.9,motor,
359200,1791191159200,56.618479,-4.7089,40.71,162.9,307.2,10,0.7,0.003,0.016,1386,41,79.9,15.8,14.11,1.062,15.9,motor,
359400,1791191159400,56.61846,-4.708889,40.73,162.7,307.1,10,0.7,0.003,0.016,1388,41,79.9,15.8,14.11,1.063,15.9,motor,
359600,1791191159600,56.61844,-4.708878,40.74,162.6,307.1,10,0.7,0.002,0.016,1390,41,79.9,15.8,14.11,1.063,15.9,motor,
359800,1791191159800,56.618421,-4.708867,40.76,162.4,307.1,10,0.7,0.003,0.016,1392,41,79.9,15.8,14.11,1.063,15.9,motor,
