"Interval"|"ms"|10,"Utc"|"ms"|10,"GPS_Latitude"|"deg"|10,"GPS_Longitude"|"deg"|10,"GPS_Speed"|"km/h"|10,"GPS_Heading"|"deg"|10,"GPS_Altitude"|"m"|10,"GPS_Nsat"|""|10,"GPS_HDOP"|""|10,"rpm"|"rpm"|5,"speed"|"km/h"|5,"coolant_temp"|"°C"|5,"air_temp"|"°C"|5,"battery"|"V"|5,"manifold_press"|"bar"|5,"accel_pedal_pct"|"%"|5,"module"|""|5,"faults"|""|5
0,1791190800000,56.623467,-4.639307,0,12.6,310,10,0.7,760,0,21,13,13.97,1.01,6,motor,
200,1791190800200,56.623467,-4.639307,0,12.6,310,10,0.7,762,0,21.1,13,13.97,1.01,6,motor,
400,1791190800400,56.623467,-4.639307,0,12.6,310,10,0.7,764,0,21.2,13,13.97,1.01,6,motor,
600,1791190800600,56.623467,-4.639307,0,12.6,310,10,0.7,766,0,21.2,13,13.97,1.01,6,motor,
800,1791190800800,56.623467,-4.639307,0,12.6,310,10,0.7,766,0,21.3,13,13.98,1.01,6,motor,
1000,1791190801000,56.623467,-4.639307,0,12.6,310,10,0.7,765,0,21.4,13,13.98,1.01,6,motor,
1200,1791190801200,56.623467,-4.639307,0,12.6,310,10,0.7,763,0,21.5,13,13.98,1.01,6,motor,
1400,1791190801400,56.623467,-4.639307,0,12.6,310,10,0.7,761,0,21.5,13,13.98,1.01,6,motor,
1600,1791190801600,56.623467,-4.639307,0,12.6,310,10,0.7,759,0,21.6,13,13.98,1.01,6,motor,
1800,1791190801800,56.623467,-4.639307,0,12.6,310,10,0.7,756,0,21.7,13,13.98,1.01,6,motor,
2000,1791190802000,56.623467,-4.639307,0,12.6,310,10,0.7,755,0,21.8,13,13.99,1.01,6,motor,
2200,1791190802200,56.623467,-4.639307,0,12.6,310,10,0.7,754,0,21.9,13,13.99,1.01,6,motor,
2400,1791190802400,56.623467,-4.639307,0,12.6,310,10,0.7,754,0,21.9,13,13.99,1.01,6,motor,
2600,1791190802600,56.623467,-4.639307,0,12.6,310,10,0.7,756,0,22,13,13.99,1.01,6,motor,
2800,1791190802800,56.623467,-4.639307,0,12.6,310,10,0.7,758,0,22.1,13,13.99,1.01,6,motor,
3000,1791190803000,56.623467,-4.639307,0,12.6,310,10,0.7,760,0,22.2,13,13.99,1.01,6,motor,
3200,1791190803200,56.623467,-4.639307,0,12.6,310,10,0.7,763,0,22.2,13,14,1.01,6,motor,
3400,1791190803400,56.623467,-4.639307,0,12.6,310,10,0.7,765,0,22.3,13,14,1.01,6,motor,
3600,1791190803600,56.623467,-4.639307,0,12.6,310,10,0.7,766,0,22.4,13.1,14,1.01,6,motor,
3800,1791190803800,56.623467,-4.639307,0,12.6,310,10,0.7,766,0,22.5,13.1,14,1.01,6,motor,
4000,1791190804000,56.623467,-4.639307,0,12.6,310,10,0.7,765,0,22.6,13.1,14,1.01,6,motor,
4200,1791190804200,56.623467,-4.639307,0,12.6,310,10,0.7,763,0,22.6,13.1,14,1.01,6,motor,
4400,1791190804400,56.623467,-4.639307,0,12.6,310,10,0.7,761,0,22.7,13.1,14,1.01,6,motor,
4600,1791190804600,56.623467,-4.639307,0,12.6,310,10,0.7,759,0,22.8,13.1,14,1.01,6,motor,
4800,1791190804800,56.623467,-4.639307,0,12.6,310,10,0.7,756,0,22.9,13.1,14.01,1.01,6,motor,
5000,1791190805000,56.623467,-4.639307,0,12.6,310,10,0.7,755,0,22.9,13.1,14.01,1.01,6,motor,
5200,1791190805200,56.623467,-4.639307,0,12.6,310,10,0.7,754,0,23,13.1,14.01,1.01,6,motor,
5400,1791190805400,56.623467,-4.639307,0,12.6,310,10,0.7,754,0,23.1,13.1,14.01,1.01,6,motor,
5600,1791190805600,56.623467,-4.639307,0,12.6,310,10,0.7,756,0,23.2,13.1,14.01,1.01,6,motor,
5800,1791190805800,56.623467,-4.639307,0,12.6,310,10,0.7,758,0,23.2,13.1,14.01,1.01,6,motor,
6000,1791190806000,56.623467,-4.639307,0,12.6,310,10,0.7,760,0,23.3,13.1,14.01,1.01,6,motor,
6200,1791190806200,56.623467,-4.639307,0,12.6,310,10,0.7,763,0,23.4,13.1,14.01,1.01,6,motor,
6400,1791190806400,56.623467,-4.639307,0,12.6,310,10,0.7,765,0,23.5,13.1,14.01,1.01,6,motor,
6600,1791190806600,56.623467,-4.639307,0,12.6,310,10,0.7,766,0,23.6,13.1,14.01,1.01,6,motor,
6800,1791190806800,56.623467,-4.639307,0,12.6,310,10,0.7,766,0,23.6,13.1,14.02,1.01,6,motor,
7000,1791190807000,56.623467,-4.639307,0,12.6,310,10,0.7,765,0,23.7,13.1,14.02,1.01,6,motor,
7200,1791190807200,56.623467,-4.639307,0,12.6,310,10,0.7,763,0,23.8,13.1,14.02,1.01,6,motor,
7400,1791190807400,56.623467,-4.639307,0,12.6,310,10,0.7,761,0,23.9,13.1,14.02,1.01,6,motor,
7600,1791190807600,56.623467,-4.639307,0,12.6,310,10,0.7,759,0,23.9,13.1,14.02,1.01,6,motor,
7800,1791190807800,56.623467,-4.639307,0,12.6,310,10,0.7,756,0,24,13.1,14.02,1.01,6,motor,
8000,1791190808000,56.623467,-4.639307,0,12.6,310,10,0.7,755,0,24.1,13.1,14.02,1.01,6,motor,
8200,1791190808200,56.623467,-4.639307,0,12.6,310,10,0.7,754,0,24.2,13.1,14.02,1.01,6,motor,
8400,1791190808400,56.623467,-4.639307,0,12.6,310,10,0.7,754,0,24.2,13.1,14.02,1.01,6,motor,
8600,1791190808600,56.623467,-4.639307,0,12.6,310,10,0.7,756,0,24.3,13.1,14.02,1.01,6,motor,
8800,1791190808800,56.623467,-4.639307,0,12.6,310,10,0.7,758,0,24.4,13.1,14.02,1.01,6,motor,
9000,1791190809000,56.623467,-4.639307,0,12.6,310,10,0.7,760,0,24.5,13.1,14.02,1.01,6,motor,
9200,1791190809200,56.623467,-4.639307,0,12.6,310,10,0.7,763,0,24.5,13.1,14.02,1.01,6,motor,
9400,1791190809400,56.623467,-4.639307,0,12.6,310,10,0.7,765,0,24.6,13.1,14.02,1.01,6,motor,
9600,1791190809600,56.623467,-4.639307,0,12.6,310,10,0.7,766,0,24.7,13.1,14.02,1.01,6,motor,
9800,1791190809800,56.623467,-4.639307,0,12.6,310,10,0.7,766,0,24.8,13.1,14.02,1.01,6,motor,
10000,1791190810000,56.623467,-4.639307,0,12.6,310,10,0.7,765,0,24.8,13.1,14.02,1.01,6,motor,
10200,1791190810200,56.623467,-4.639307,0,12.6,310,10,0.7,763,0,24.9,13.1,14.02,1.01,6,motor,
10400,1791190810400,56.623467,-4.639307,0,12.6,310,10,0.7,761,0,25,13.1,14.02,1.01,6,motor,
10600,1791190810600,56.623467,-4.639307,0,12.6,310,10,0.7,758,0,25.1,13.1,14.02,1.01,6,motor,
10800,1791190810800,56.623467,-4.639307,0,12.6,310,10,0.7,756,0,25.1,13.1,14.02,1.01,6,motor,
11000,1791190811000,56.623467,-4.639307,0,12.6,310,10,0.7,755,0,25.2,13.2,14.02,1.01,6,motor,
11200,1791190811200,56.623467,-4.639307,0,12.6,310,10,0.7,754,0,25.3,13.2,14.02,1.01,6,motor,
11400,1791190811400,56.623467,-4.639307,0,12.6,310,10,0.7,754,0,25.3,13.2,14.02,1.01,6,motor,
11600,1791190811600,56.623467,-4.639307,0,12.6,310,10,0.7,756,0,25.4,13.2,14.02,1.01,6,motor,
11800,1791190811800,56.623467,-4.639307,0,12.6,310,10,0.7,758,0,25.5,13.2,14.02,1.01,6,motor,
12000,1791190812000,56.623467,-4.639307,0,12.6,310,10,0.7,760,0,25.6,13.2,14.02,1.01,6,motor,
12200,1791190812200,56.623467,-4.639307,0,12.6,310,10,0.7,763,0,25.6,13.2,14.01,1.01,6,motor,
12400,1791190812400,56.623467,-4.639307,0,12.6,310,10,0.7,765,0,25.7,13.2,14.01,1.01,6,motor,
12600,1791190812600,56.623467,-4.639307,0,12.6,310,10,0.7,766,0,25.8,13.2,14.01,1.01,6,motor,
12800,1791190812800,56.623467,-4.639307,0,12.6,310,10,0.7,766,0,25.9,13.2,14.01,1.01,6,motor,
13000,1791190813000,56.623467,-4.639307,0,12.6,310,10,0.7,765,0,25.9,13.2,14.01,1.01,6,motor,
13200,1791190813200,56.623467,-4.639307,0,12.6,310,10,0.7,763,0,26,13.2,14.01,1.01,6,motor,
13400,1791190813400,56.623467,-4.639307,0,12.6,310,10,0.7,761,0,26.1,13.2,14.01,1.01,6,motor,
13600,1791190813600,56.623467,-4.639307,0,12.6,310,10,0.7,758,0,26.2,13.2,14.01,1.01,6,motor,
13800,1791190813800,56.623467,-4.639307,0,12.6,310,10,0.7,756,0,26.2,13.2,14.01,1.01,6,motor,
14000,1791190814000,56.623467,-4.639307,0,12.6,310,10,0.7,755,0,26.3,13.2,14.01,1.01,6,motor,
14200,1791190814200,56.623467,-4.639307,0,12.6,310,10,0.7,754,0,26.4,13.2,14,1.01,6,motor,
14400,1791190814400,56.623467,-4.639307,0,12.6,310,10,0.7,754,0,26.4,13.2,14,1.01,6,motor,
14600,1791190814600,56.623467,-4.639307,0,12.6,310,10,0.7,756,0,26.5,13.2,14,1.01,6,motor,
14800,1791190814800,56.623467,-4.639307,0,12.6,310,10,0.7,758,0,26.6,13.2,14,1.01,6,motor,
15000,1791190815000,56.623467,-4.639307,0,12.6,310,10,0.7,761,0,26.7,13.2,14,1.01,6,motor,
15200,1791190815200,56.623467,-4.639307,0,12.6,310,10,0.7,763,0,26.7,13.2,14,1.01,6,motor,
15400,1791190815400,56.623467,-4.639307,0,12.6,310,10,0.7,765,0,26.8,13.2,14,1.01,6,motor,
15600,1791190815600,56.623467,-4.639307,0,12.6,310,10,0.7,766,0,26.9,13.2,14,1.01,6,motor,
15800,1791190815800,56.623467,-4.639307,0,12.6,310,10,0.7,766,0,26.9,13.2,13.99,1.01,6,motor,
16000,1791190816000,56.623467,-4.639307,0,12.6,310,10,0.7,765,0,27,13.2,13.99,1.01,6,motor,
16200,1791190816200,56.623467,-4.639307,0,12.6,310,10,0.7,763,0,27.1,13.2,13.99,1.01,6,motor,
16400,1791190816400,56.623467,-4.639307,0,12.6,310,10,0.7,761,0,27.2,13.2,13.99,1.01,6,motor,
16600,1791190816600,56.623467,-4.639307,0,12.6,310,10,0.7,758,0,27.2,13.2,13.99,1.01,6,motor,
16800,1791190816800,56.623467,-4.639307,0,12.6,310,10,0.7,756,0,27.3,13.2,13.99,1.01,6,motor,
17000,1791190817000,56.623467,-4.639307,0,12.6,310,10,0.7,755,0,27.4,13.2,13.99,1.01,6,motor,
17200,1791190817200,56.623467,-4.639307,0,12.6,310,10,0.7,754,0,27.4,13.2,13.98,1.01,6,motor,
17400,1791190817400,56.623467,-4.639307,0,12.6,310,10,0.7,755,0,27.5,13.2,13.98,1.01,6,motor,
17600,1791190817600,56.623467,-4.639307,0,12.6,310,10,0.7,756,0,27.6,13.2,13.98,1.01,6,motor,
17800,1791190817800,56.623467,-4.639307,0,12.6,310,10,0.7,758,0,27.7,13.2,13.98,1.01,6,motor,
18000,1791190818000,56.623467,-4.639307,0,12.6,310,10,0.7,761,0,27.7,13.2,13.98,1.01,6,motor,
18200,1791190818200,56.623467,-4.639307,0,12.6,310,10,0.7,763,0,27.8,13.3,13.98,1.01,6,motor,
18400,1791190818400,56.623467,-4.639307,0,12.6,310,10,0.7,765,0,27.9,13.3,13.97,1.01,6,motor,
18600,1791190818600,56.623467,-4.639307,0,12.6,310,10,0.7,766,0,27.9,13.3,13.97,1.01,6,motor,
18800,1791190818800,56.623467,-4.639307,0,12.6,310,10,0.7,766,0,28,13.3,13.97,1.01,6,motor,
19000,1791190819000,56.623467,-4.639307,0,12.6,310,10,0.7,765,0,28.1,13.3,13.97,1.01,6,motor,
19200,1791190819200,56.623467,-4.639307,0,12.6,310,10,0.7,763,0,28.2,13.3,13.97,1.01,6,motor,
19400,1791190819400,56.623467,-4.639307,0,12.6,310,10,0.7,761,0,28.2,13.3,13.97,1.01,6,motor,
19600,1791190819600,56.623467,-4.639307,0,12.6,310,10,0.7,758,0,28.3,13.3,13.96,1.01,6,motor,
19800,1791190819800,56.623467,-4.639307,0,12.6,310,10,0.7,757,0,28.4,13.3,13.96,1.01,6.2,motor,
20000,1791190820000,56.623467,-4.639307,0,12.6,310,10,0.7,756,0,28.4,13.3,13.96,1.01,6.5,motor,
20200,1791190820200,56.623467,-4.639307,0.01,12.6,310,10,0.7,758,0,28.5,13.3,13.96,1.01,7,motor,
20400,1791190820400,56.623467,-4.639307,0.03,12.6,310,10,0.7,762,0,28.6,13.3,13.96,1.01,7.7,motor,
20600,1791190820600,56.623467,-4.639307,0.07,12.6,310,10,0.7,768,0,28.6,13.3,13.96,1.01,8.5,motor,
20800,1791190820800,56.623467,-4.639307,0.13,12.6,310,10,0.7,776,0,28.7,13.3,13.95,1.01,9.4,motor,
21000,1791190821000,56.623467,-4.639307,0.2,12.6,310,10,0.7,785,0,28.8,13.3,13.95,1.01,10.2,motor,
21200,1791190821200,56.623467,-4.639307,0.28,12.6,310,10,0.7,794,0,28.9,13.3,13.95,1.01,11,motor,
21400,1791190821400,56.623467,-4.639307,0.39,12.6,310,10,0.7,804,0,28.9,13.3,13.95,1.01,11.9,motor,
21600,1791190821600,56.623467,-4.639306,0.5,12.6,310,10,0.7,814,1,29,13.3,13.95,1.01,12.7,motor,
21800,1791190821800,56.623468,-4.639306,0.64,12.6,310,10,0.7,824,1,29.1,13.3,13.95,1.01,13.6,motor,
22000,1791190822000,56.623468,-4.639306,0.79,12.6,310,10,0.7,834,1,29.1,13.3,13.94,1.01,14.4,motor,
22200,1791190822200,56.623468,-4.639306,0.95,12.5,310,10,0.7,844,1,29.2,13.3,13.94,1.01,15.3,motor,
22400,1791190822400,56.623469,-4.639306,1.13,12.5,310,10,0.7,854,1,29.3,13.3,13.94,1.01,16.1,motor,
22600,1791190822600,56.62347,-4.639306,1.32,12.5,310,10,0.7,864,1,29.3,13.3,13.94,1.01,16.9,motor,
22800,1791190822800,56.62347,-4.639305,1.53,12.5,310,10,0.7,876,2,29.4,13.3,13.94,1.01,17.8,motor,
23000,1791190823000,56.623471,-4.639305,1.76,12.5,310,10,0.7,890,2,29.5,13.3,13.94,1.01,18.6,motor,
23200,1791190823200,56.623472,-4.639305,1.99,12.5,310,10,0.7,905,2,29.5,13.3,14.09,1.012,19.4,motor,
23400,1791190823400,56.623473,-4.639304,2.25,12.5,310,10,0.7,922,2,29.6,13.3,14.09,1.018,20.2,motor,
23600,1791190823600,56.623474,-4.639304,2.51,12.5,310,10,0.7,940,3,29.7,13.3,14.08,1.026,21,motor,
23800,1791190823800,56.623475,-4.639303,2.8,12.5,310,10,0.7,960,3,29.8,13.3,14.08,1.036,21.8,motor,
24000,1791190824000,56.623477,-4.639303,3.09,12.5,310,10,0.7,981,3,29.8,13.3,14.08,1.047,22.6,motor,
24200,1791190824200,56.623478,-4.639302,3.4,12.5,310,10,0.7,1003,3,29.9,13.3,14.08,1.059,23.4,motor,
24400,1791190824400,56.62348,-4.639301,3.73,12.5,310,10,0.7,1025,4,30,13.3,14.08,1.071,24.2,motor,
24600,1791190824600,56.623482,-4.6393,4.06,12.4,310,10,0.7,1046,4,30,13.3,14.08,1.085,25,motor,
24800,1791190824800,56.623484,-4.6393,4.41,12.4,310,10,0.7,1068,4,30.1,13.3,14.08,1.099,25.8,motor,
25000,1791190825000,56.623486,-4.639299,4.77,12.4,310,10,0.7,1089,5,30.2,13.2,14.08,1.114,26.5,motor,
25200,1791190825200,56.623489,-4.639298,5.15,12.4,310,10,0.7,1110,5,30.2,13.2,14.08,1.129,27.3,motor,
25400,1791190825400,56.623491,-4.639297,5.54,12.4,310,10,0.7,1131,6,30.3,13.2,14.08,1.146,28,motor,
25600,1791190825600,56.623494,-4.639296,5.94,12.4,310,10,0.7,1152,6,30.4,13.2,14.07,1.163,28.7,motor,
25800,1791190825800,56.623497,-4.639294,6.35,12.3,310,10,0.7,1175,6,30.4,13.2,14.07,1.182,29.5,motor,
26000,1791190826000,56.6235,-4.639293,6.78,12.3,310.1,10,0.7,1199,7,30.5,13.2,14.07,1.202,30.2,motor,
26200,1791190826200,56.623504,-4.639292,7.21,12.3,310.1,10,0.7,1224,7,30.6,13.2,14.07,1.224,30.9,motor,
26400,1791190826400,56.623507,-4.63929,7.66,12.3,310.1,10,0.7,1251,8,30.6,13.2,14.07,1.247,31.6,motor,
26600,1791190826600,56.623511,-4.639289,8.12,12.2,310.1,10,0.7,756,8,30.7,13.2,13.92,1.01,32.2,motor,
26800,1791190826800,56.623515,-4.639287,8.59,12.2,310.1,10,0.7,768,9,30.8,13.2,13.92,1.01,32.9,motor,
27000,1791190827000,56.62352,-4.639285,9.06,12.2,310.1,10,0.7,813,9,30.8,13.2,13.92,1.01,33.5,motor,
27200,1791190827200,56.623524,-4.639284,9.55,12.1,310.1,10,0.7,859,10,30.9,13.2,13.92,1.01,34.2,motor,
27400,1791190827400,56.623529,-4.639282,10.05,12.1,310.1,10,0.7,906,10,31,13.2,14.07,1.014,34.8,motor,
27600,1791190827600,56.623534,-4.63928,10.56,12.1,310.1,10,0.7,952,11,31,13.2,14.07,1.05,35.4,motor,
27800,1791190827800,56.623539,-4.639278,11.08,12,310.1,10,0.7,998,11,31.1,13.2,14.07,1.087,36,motor,
28000,1791190828000,56.623545,-4.639276,11.6,12,310.1,10,0.7,1044,12,31.2,13.1,14.07,1.125,36.5,motor,
28200,1791190828200,56.623551,-4.639273,12.14,11.9,310.1,10,0.7,1090,12,31.2,13.1,14.07,1.164,37.1,motor,
28400,1791190828400,56.623557,-4.639271,12.68,11.9,310.1,10,0.7,1136,13,31.3,13.1,14.07,1.204,37.6,motor,
28600,1791190828600,56.623563,-4.639269,13.23,11.8,310.1,10,0.7,1183,13,31.4,13.1,14.07,1.246,38.1,motor,
28800,1791190828800,56.62357,-4.639266,13.79,11.8,310.2,10,0.7,1231,14,31.4,13.1,14.07,1.29,38.7,motor,
29000,1791190829000,56.623576,-4.639263,14.36,11.7,310.2,10,0.7,1281,14,31.5,13.1,14.07,1.336,39.1,motor,
29200,1791190829200,56.623584,-4.639261,14.93,11.7,310.2,10,0.7,1331,15,31.6,13.1,14.07,1.384,39.6,motor,
29400,1791190829400,56.623591,-4.639258,15.51,11.6,310.2,10,0.7,1384,16,31.6,13.1,14.07,1.434,40.1,motor,
29600,1791190829600,56.623599,-4.639255,16.09,11.6,310.2,10,0.7,828,16,31.7,13.1,13.92,1.01,40.5,motor,
29800,1791190829800,56.623607,-4.639252,16.68,11.5,310.2,10,0.7,861,17,31.8,13.1,13.92,1.01,40.9,motor,
30000,1791190830000,56.623615,-4.639249,17.27,11.5,310.2,10,0.7,894,17,31.8,13.1,13.92,1.01,41.3,motor,
30200,1791190830200,56.623624,-4.639246,17.87,11.4,310.2,10,0.7,928,18,31.9,13.1,14.07,1.035,41.7,motor,
30400,1791190830400,56.623633,-4.639243,18.48,11.3,310.3,10,0.7,961,18,32,13,14.07,1.066,42.1,motor,
30600,1791190830600,56.623642,-4.639239,19.09,11.3,310.3,10,0.7,993,19,32,13,14.07,1.096,42.4,motor,
30800,1791190830800,56.623651,-4.639236,19.7,11.2,310.3,10,0.7,1025,20,32.1,13,14.07,1.126,42.7,motor,
31000,1791190831000,56.623661,-4.639232,20.32,11.1,310.3,10,0.7,1055,20,32.2,13,14.08,1.156,43,motor,
31200,1791190831200,56.623671,-4.639229,20.93,11,310.3,10,0.7,1085,21,32.2,13,14.08,1.185,43.3,motor,
31400,1791190831400,56.623682,-4.639225,21.56,10.9,310.3,10,0.7,1115,22,32.3,13,14.08,1.214,43.6,motor,
31600,1791190831600,56.623692,-4.639221,22.18,10.9,310.3,10,0.7,1145,22,32.4,13,14.08,1.243,43.8,motor,
31800,1791190831800,56.623703,-4.639217,22.8,10.8,310.4,10,0.7,1175,23,32.4,13,14.08,1.273,44,motor,
32000,1791190832000,56.623715,-4.639213,23.43,10.7,310.4,10,0.7,1206,23,32.5,13,14.08,1.304,44.2,motor,
32200,1791190832200,56.623726,-4.639209,24.06,10.6,310.4,10,0.7,1238,24,32.6,13,14.08,1.335,44.4,motor,
32400,1791190832400,56.623738,-4.639205,24.69,10.5,310.4,10,0.7,1271,25,32.6,12.9,14.08,1.368,44.6,motor,
32600,1791190832600,56.62375,-4.639201,25.31,10.4,310.4,10,0.7,1305,25,32.7,12.9,14.08,1.402,44.7,motor,
32800,1791190832800,56.623763,-4.639197,25.94,10.3,310.5,10,0.7,1340,26,32.8,12.9,14.08,1.436,44.8,motor,
33000,1791190833000,56.623776,-4.639193,26.57,10.2,310.5,10,0.7,1375,27,32.8,12.9,14.08,1.47,44.9,motor,
33200,1791190833200,56.623789,-4.639188,27.2,10.1,310.5,10,0.7,1410,27,32.9,12.9,14.09,1.503,45,motor,
33400,1791190833400,56.623803,-4.639184,27.82,10,310.5,10,0.7,1444,28,33,12.9,14.09,1.536,45,motor,
33600,1791190833600,56.623816,-4.639179,28.44,9.9,310.5,10,0.7,1477,28,33,12.9,14.09,1.567,45.1,motor,
33800,1791190833800,56.623831,-4.639175,29.07,9.8,310.6,10,0.7,1509,29,33.1,12.9,14.09,1.597,45.1,motor,
34000,1791190834000,56.623845,-4.63917,29.68,9.7,310.6,10,0.7,1540,30,33.1,12.9,14.09,1.625,45.1,motor,
34200,1791190834200,56.62386,-4.639166,30.3,9.6,310.6,10,0.7,1032,30,33.2,12.9,14.09,1.137,45.1,motor,
34400,1791190834400,56.623875,-4.639161,30.91,9.4,310.6,10,0.7,1051,31,33.3,12.8,14.09,1.154,45,motor,
34600,1791190834600,56.62389,-4.639157,31.52,9.3,310.6,10,0.7,1069,32,33.3,12.8,14.1,1.171,44.9,motor,
34800,1791190834800,56.623906,-4.639152,32.13,9.2,310.7,10,0.7,1088,32,33.4,12.8,14.1,1.188,44.8,motor,
35000,1791190835000,56.623922,-4.639147,32.73,9.1,310.7,10,0.7,1107,33,33.5,12.8,14.1,1.205,44.7,motor,
35200,1791190835200,56.623938,-4.639143,33.32,8.9,310.7,10,0.7,1127,33,33.5,12.8,14.1,1.222,44.6,motor,
35400,1791190835400,56.623955,-4.639138,33.91,8.8,310.7,10,0.7,1147,34,33.6,12.8,14.1,1.24,44.4,motor,
35600,1791190835600,56.623972,-4.639133,34.49,8.7,310.8,10,0.7,1169,34,33.7,12.8,14.1,1.258,44.2,motor,
35800,1791190835800,56.623989,-4.639128,35.07,8.5,310.8,10,0.7,1191,35,33.7,12.8,14.1,1.276,44,motor,
36000,1791190836000,56.624006,-4.639124,35.64,8.4,310.8,10,0.7,1213,36,33.8,12.8,14.11,1.294,43.8,motor,
36200,1791190836200,56.624024,-4.639119,36.21,8.2,310.8,10,0.7,1234,36,33.9,12.8,14.11,1.311,43.6,motor,
36400,1791190836400,56.624042,-4.639114,36.77,8.1,310.9,10,0.7,1255,37,33.9,12.8,14.11,1.326,43.3,motor,
36600,1791190836600,56.62406,-4.639109,37.32,7.9,310.9,10,0.7,1274,37,34,12.7,14.11,1.34,43,motor,
36800,1791190836800,56.624079,-4.639105,37.86,7.8,310.9,10,0.7,1293,38,34,12.7,14.11,1.352,42.7,motor,
37000,1791190837000,56.624098,-4.6391,38.4,7.6,311,10,0.7,1310,38,34.1,12.7,14.11,1.363,42.4,motor,
37200,1791190837200,56.624117,-4.639095,38.92,7.5,311,10,0.7,1325,39,34.2,12.7,14.12,1.372,42.1,motor,
37400,1791190837400,56.624136,-4.639091,39.44,7.3,311,10,0.7,1341,39,34.2,12.7,14.12,1.38,41.7,motor,
37600,1791190837600,56.624156,-4.639086,39.95,7.1,311,10,0.7,1355,40,34.3,12.7,14.12,1.387,41.4,motor,
37800,1791190837800,56.624176,-4.639082,40.45,7,311.1,10,0.7,1370,40,34.4,12.7,14.12,1.394,41,motor,
38000,1791190838000,56.624196,-4.639077,40.94,6.8,311.1,10,0.7,1386,41,34.4,12.7,14.12,1.4,40.5,motor,
38200,1791190838200,56.624216,-4.639073,41.41,6.6,311.1,10,0.7,1402,41,34.5,12.7,14.12,1.406,40.1,motor,
38400,1791190838400,56.624237,-4.639068,41.88,6.5,311.2,10,0.7,1419,42,34.5,12.7,14.13,1.412,39.7,motor,
38600,1791190838600,56.624258,-4.639064,42.34,6.3,311.2,10,0.7,1436,42,34.6,12.7,14.13,1.418,39.2,motor,
38800,1791190838800,56.624279,-4.63906,42.79,6.1,311.2,10,0.7,1453,43,34.7,12.7,14.13,1.423,38.7,motor,
39000,1791190839000,56.6243,-4.639056,43.22,5.9,311.3,10,0.7,1471,43,34.7,12.7,14.13,1.428,38.2,motor,
39200,1791190839200,56.624322,-4.639052,43.65,5.7,311.3,10,0.7,1487,44,34.8,12.7,14.13,1.431,37.7,motor,
39400,1791190839400,56.624344,-4.639048,44.06,5.6,311.3,10,0.7,1503,44,34.9,12.6,14.13,1.432,37.1,motor,
39600,1791190839600,56.624366,-4.639044,44.46,5.4,311.4,10,0.7,1517,44,34.9,12.6,14.14,1.432,36.6,motor,
39800,1791190839800,56.624388,-4.63904,44.85,5.2,311.4,10,0.7,1530,45,35,12.6,14.14,1.431,36,motor,
40000,1791190840000,56.62441,-4.639036,45.23,5,311.4,10,0.7,1542,45,35,12.6,14.14,1.427,35.4,motor,
40200,1791190840200,56.624433,-4.639033,45.59,4.8,311.5,10,0.7,1552,46,35.1,12.6,14.14,1.422,34.8,motor,
40400,1791190840400,56.624456,-4.639029,45.94,4.6,311.5,10,0.7,1561,46,35.2,12.6,14.14,1.417,34.2,motor,
40600,1791190840600,56.624478,-4.639026,46.27,4.4,311.5,10,0.7,1570,46,35.2,12.6,14.14,1.41,33.6,motor,
40800,1791190840800,56.624502,-4.639023,46.6,4.2,311.6,10,0.7,1579,47,35.3,12.6,14.14,1.403,32.9,motor,
41000,1791190841000,56.624525,-4.63902,46.91,4,311.6,10,0.7,1589,47,35.4,12.6,14.15,1.395,32.3,motor,
41200,1791190841200,56.624548,-4.639017,47.2,3.8,311.6,10,0.7,1599,47,35.4,12.6,14.15,1.387,31.6,motor,
41400,1791190841400,56.624572,-4.639014,47.49,3.5,311.7,10,0.7,1609,47,35.5,12.6,14.15,1.374,30.9,motor,
41600,1791190841600,56.624596,-4.639011,47.75,3.3,311.7,10,0.7,1620,48,35.5,12.6,14.15,1.36,30.2,motor,
41800,1791190841800,56.624619,-4.639009,48.01,3.1,311.7,10,0.7,1164,48,35.6,12.6,14.15,1.137,29.5,motor,
42000,1791190842000,56.624643,-4.639006,48.24,2.9,311.8,10,0.7,1173,48,35.7,12.6,14.15,1.135,28.8,motor,
42200,1791190842200,56.624668,-4.639004,48.47,2.7,311.8,10,0.7,1180,48,35.7,12.6,14.15,1.133,28.1,motor,
42400,1791190842400,56.624692,-4.639002,48.68,2.5,311.8,10,0.7,1187,49,35.8,12.6,14.16,1.13,27.3,motor,
42600,1791190842600,56.624716,-4.639,48.87,2.2,311.9,10,0.7,1193,49,35.9,12.6,14.16,1.126,26.6,motor,
42800,1791190842800,56.62474,-4.638999,49.05,2,311.9,10,0.7,1197,49,35.9,12.6,14.16,1.121,25.8,motor,
43000,1791190843000,56.624765,-4.638997,49.21,1.8,312,10,0.7,1199,49,36,12.6,14.16,1.115,25.1,motor,
43200,1791190843200,56.62479,-4.638996,49.36,1.5,312,10,0.7,1201,49,36,12.6,14.16,1.109,24.3,motor,
43400,1791190843400,56.624814,-4.638995,49.5,1.3,312,10,0.7,1202,49,36.1,12.6,14.16,1.103,23.5,motor,
43600,1791190843600,56.624839,-4.638994,49.61,1.1,312.1,10,0.7,1202,50,36.2,12.6,14.16,1.096,22.7,motor,
43800,1791190843800,56.624864,-4.638993,49.72,0.9,312.1,10,0.7,1203,50,36.2,12.6,14.16,1.089,21.9,motor,
44000,1791190844000,56.624889,-4.638992,49.8,0.6,312.1,10,0.7,1203,50,36.3,12.6,14.16,1.083,21.1,motor,
44200,1791190844200,56.624913,-4.638992,49.87,0.4,312.2,10,0.7,1205,50,36.3,12.6,14.16,1.076,20.3,motor,
44400,1791190844400,56.624938,-4.638991,49.93,0.1,312.2,10,0.7,1207,50,36.4,12.6,14.16,1.069,19.5,motor,
44600,1791190844600,56.624963,-4.638991,49.97,359.9,312.2,10,0.7,1210,50,36.5,12.6,14.17,1.063,18.7,motor,
44800,1791190844800,56.624988,-4.638991,49.99,359.7,312.3,10,0.7,1213,50,36.5,12.6,14.17,1.058,18,motor,
45000,1791190845000,56.625013,-4.638992,50,359.4,312.3,10,0.7,1215,50,36.6,12.6,14.17,1.054,17.6,motor,
45200,1791190845200,56.625038,-4.638992,50,359.2,312.4,10,0.7,1218,50,36.6,12.6,14.17,1.052,17.3,motor,
45400,1791190845400,56.625063,-4.638993,50,358.9,312.4,10,0.7,1219,50,36.7,12.6,14.17,1.051,17.2,motor,
45600,1791190845600,56.625088,-4.638994,50.01,358.7,312.4,10,0.7,1220,50,36.8,12.6,14.17,1.052,17.3,motor,
45800,1791190845800,56.625113,-4.638995,50.01,358.5,312.5,10,0.7,1220,50,36.8,12.6,14.17,1.053,17.4,motor,
46000,1791190846000,56.625138,-4.638996,50.02,358.2,312.5,10,0.7,1219,50,36.9,12.6,14.17,1.054,17.5,motor,
46200,1791190846200,56.625163,-4.638997,50.03,358,312.5,10,0.7,1217,50,36.9,12.6,14.17,1.054,17.6,motor,
46400,1791190846400,56.625188,-4.638999,50.04,357.7,312.6,10,0.7,1215,50,37,12.6,14.17,1.055,17.6,motor,
46600,1791190846600,56.625213,-4.639001,50.06,357.5,312.6,10,0.7,1213,50,37.1,12.6,14.17,1.055,17.7,motor,
46800,1791190846800,56.625238,-4.639003,50.07,357.2,312.6,10,0.7,1211,50,37.1,12.6,14.17,1.056,17.8,motor,
47000,1791190847000,56.625263,-4.639005,50.09,357,312.7,10,0.7,1210,50,37.2,12.6,14.17,1.056,17.9,motor,
47200,1791190847200,56.625288,-4.639008,50.1,356.7,312.7,10,0.7,1211,50,37.2,12.6,14.17,1.057,18,motor,
47400,1791190847400,56.625313,-4.63901,50.12,356.5,312.7,10,0.7,1212,50,37.3,12.6,14.17,1.058,18.1,motor,
47600,1791190847600,56.625338,-4.639013,50.14,356.2,312.8,10,0.7,1214,50,37.4,12.6,14.17,1.059,18.2,motor,
47800,1791190847800,56.625363,-4.639016,50.17,356,312.8,10,0.7,1217,50,37.4,12.6,14.17,1.06,18.3,motor,
48000,1791190848000,56.625388,-4.639019,50.19,355.7,312.9,10,0.7,1220,50,37.5,12.6,14.17,1.062,18.3,motor,
48200,1791190848200,56.625413,-4.639023,50.22,355.4,312.9,10,0.7,1223,50,37.5,12.6,14.17,1.063,18.4,motor,
48400,1791190848400,56.625438,-4.639026,50.24,355.2,312.9,10,0.7,1225,50,37.6,12.6,14.17,1.064,18.5,motor,
48600,1791190848600,56.625463,-4.63903,50.27,354.9,313,10,0.7,1227,50,37.7,12.6,14.17,1.065,18.6,motor,
48800,1791190848800,56.625488,-4.639034,50.3,354.7,313,10,0.7,1227,50,37.7,12.6,14.17,1.065,18.6,motor,
49000,1791190849000,56.625513,-4.639039,50.33,354.4,313,10,0.7,1226,50,37.8,12.6,14.17,1.066,18.7,motor,
49200,1791190849200,56.625538,-4.639043,50.36,354.1,313.1,10,0.7,1225,50,37.8,12.6,14.17,1.066,18.8,motor,
49400,1791190849400,56.625563,-4.639048,50.4,353.9,313.1,10,0.7,1223,50,37.9,12.7,14.17,1.067,18.8,motor,
49600,1791190849600,56.625588,-4.639053,50.43,353.6,313.1,10,0.7,1222,50,38,12.7,14.17,1.067,18.9,motor,
49800,1791190849800,56.625613,-4.639058,50.46,353.4,313.2,10,0.7,1221,50,38,12.7,14.17,1.067,19,motor,
50000,1791190850000,56.625638,-4.639063,50.5,353.1,313.2,10,0.7,1220,50,38.1,12.7,14.16,1.068,19,motor,
50200,1791190850200,56.625663,-4.639069,50.54,352.8,313.3,10,0.7,1221,51,38.1,12.7,14.16,1.068,19.1,motor,
50400,1791190850400,56.625688,-4.639074,50.57,352.6,313.3,10,0.7,1223,51,38.2,12.7,14.16,1.069,19.1,motor,
50600,1791190850600,56.625713,-4.63908,50.61,352.3,313.3,10,0.7,1226,51,38.2,12.7,14.16,1.07,19.2,motor,
50800,1791190850800,56.625738,-4.639087,50.65,352,313.4,10,0.7,1229,51,38.3,12.7,14.16,1.071,19.2,motor,
51000,1791190851000,56.625763,-4.639093,50.69,351.8,313.4,10,0.7,1232,51,38.4,12.7,14.16,1.072,19.3,motor,
51200,1791190851200,56.625788,-4.6391,50.73,351.5,313.4,10,0.7,1236,51,38.4,12.7,14.16,1.073,19.3,motor,
51400,1791190851400,56.625813,-4.639106,50.77,351.2,313.5,10,0.7,1238,51,38.5,12.7,14.16,1.074,19.3,motor,
51600,1791190851600,56.625838,-4.639114,50.81,350.9,313.5,10,0.7,1240,51,38.5,12.7,14.16,1.074,19.3,motor,
51800,1791190851800,56.625863,-4.639121,50.85,350.7,313.5,10,0.7,1240,51,38.6,12.7,14.16,1.074,19.4,motor,
52000,1791190852000,56.625888,-4.639128,50.9,350.4,313.6,10,0.7,1240,51,38.7,12.7,14.15,1.075,19.4,motor,
52200,1791190852200,56.625913,-4.639136,50.94,350.1,313.6,10,0.7,1239,51,38.7,12.7,14.15,1.074,19.4,motor,
52400,1791190852400,56.625938,-4.639144,50.98,349.8,313.6,10,0.7,1237,51,38.8,12.7,14.15,1.074,19.4,motor,
52600,1791190852600,56.625963,-4.639152,51.02,349.6,313.7,10,0.7,1236,51,38.8,12.7,14.15,1.074,19.4,motor,
52800,1791190852800,56.625988,-4.639161,51.06,349.3,313.7,10,0.7,1235,51,38.9,12.7,14.15,1.074,19.4,motor,
53000,1791190853000,56.626013,-4.639169,51.1,349,313.8,10,0.8,1235,51,38.9,12.7,14.15,1.074,19.4,motor,
53200,1791190853200,56.626038,-4.639178,51.15,348.7,313.8,10,0.8,1236,51,39,12.7,14.15,1.074,19.4,motor,
53400,1791190853400,56.626063,-4.639187,51.19,348.5,313.8,10,0.8,1238,51,39.1,12.7,14.15,1.074,19.4,motor,
53600,1791190853600,56.626088,-4.639197,51.23,348.2,313.9,10,0.8,1241,51,39.1,12.7,14.14,1.075,19.4,motor,
53800,1791190853800,56.626113,-4.639206,51.27,347.9,313.9,10,0.8,1244,51,39.2,12.7,14.14,1.075,19.4,motor,
54000,1791190854000,56.626138,-4.639216,51.31,347.6,313.9,10,0.8,1248,51,39.2,12.7,14.14,1.076,19.4,motor,
54200,1791190854200,56.626163,-4.639226,51.35,347.3,314,10,0.8,1251,51,39.3,12.7,14.14,1.076,19.4,motor,
54400,1791190854400,56.626188,-4.639236,51.39,347.1,314,10,0.8,1253,51,39.3,12.7,14.14,1.076,19.3,motor,
54600,1791190854600,56.626213,-4.639247,51.43,346.8,314,10,0.8,1255,51,39.4,12.7,14.14,1.076,19.3,motor,
54800,1791190854800,56.626238,-4.639257,51.46,346.5,314.1,10,0.8,1255,51,39.5,12.7,14.13,1.076,19.3,motor,
55000,1791190855000,56.626263,-4.639268,51.5,346.2,314.1,10,0.8,1254,52,39.5,12.7,14.13,1.076,19.2,motor,
55200,1791190855200,56.626288,-4.63928,51.54,345.9,314.1,10,0.8,1253,52,39.6,12.7,14.13,1.075,19.2,motor,
55400,1791190855400,56.626313,-4.639291,51.57,345.6,314.2,10,0.8,1252,52,39.6,12.7,14.13,1.074,19.2,motor,
55600,1791190855600,56.626338,-4.639303,51.6,345.3,314.2,10,0.8,1250,52,39.7,12.7,14.13,1.073,19.1,motor,
55800,1791190855800,56.626363,-4.639314,51.64,345.1,314.3,10,0.8,1249,52,39.7,12.7,14.13,1.073,19.1,motor,
56000,1791190856000,56.626388,-4.639327,51.67,344.8,314.3,10,0.8,1249,52,39.8,12.7,14.12,1.072,19,motor,
56200,1791190856200,56.626413,-4.639339,51.7,344.5,314.3,10,0.8,1249,52,39.9,12.7,14.12,1.072,19,motor,
56400,1791190856400,56.626438,-4.639351,51.73,344.2,314.4,10,0.8,1251,52,39.9,12.7,14.12,1.071,18.9,motor,
56600,1791190856600,56.626463,-4.639364,51.76,343.9,314.4,10,0.8,1254,52,40,12.7,14.12,1.071,18.8,motor,
56800,1791190856800,56.626488,-4.639377,51.78,343.6,314.4,10,0.8,1257,52,40,12.7,14.12,1.071,18.8,motor,
57000,1791190857000,56.626512,-4.639391,51.81,343.3,314.5,10,0.8,1260,52,40.1,12.7,14.12,1.071,18.7,motor,
57200,1791190857200,56.626537,-4.639404,51.83,343,314.5,10,0.8,1263,52,40.1,12.7,14.11,1.071,18.6,motor,
57400,1791190857400,56.626562,-4.639418,51.86,342.8,314.5,10,0.8,1265,52,40.2,12.7,14.11,1.07,18.6,motor,
57600,1791190857600,56.626587,-4.639432,51.88,342.5,314.6,10,0.8,1266,52,40.3,12.7,14.11,1.07,18.5,motor,
57800,1791190857800,56.626611,-4.639446,51.9,342.2,314.6,10,0.8,1265,52,40.3,12.7,14.11,1.069,18.4,motor,
58000,1791190858000,56.626636,-4.639461,51.91,341.9,314.6,10,0.8,1264,52,40.4,12.7,14.11,1.068,18.3,motor,
58200,1791190858200,56.62666,-4.639475,51.93,341.6,314.7,10,0.8,1263,52,40.4,12.7,14.11,1.067,18.2,motor,
58400,1791190858400,56.626685,-4.63949,51.94,341.3,314.7,10,0.8,1260,52,40.5,12.7,14.1,1.065,18.2,motor,
58600,1791190858600,56.62671,-4.639505,51.96,341,314.7,10,0.8,1258,52,40.5,12.7,14.1,1.064,18.1,motor,
58800,1791190858800,56.626734,-4.639521,51.97,340.7,314.8,10,0.8,1257,52,40.6,12.7,14.1,1.063,18,motor,
59000,1791190859000,56.626759,-4.639536,51.98,340.4,314.8,10,0.8,1256,52,40.6,12.7,14.1,1.062,17.9,motor,
59200,1791190859200,56.626783,-4.639552,51.99,340.1,314.9,10,0.8,1256,52,40.7,12.7,14.1,1.061,17.8,motor,
59400,1791190859400,56.626807,-4.639568,51.99,339.9,314.9,10,0.8,1258,52,40.8,12.7,14.1,1.061,17.7,motor,
59600,1791190859600,56.626832,-4.639584,52,339.6,314.9,10,0.8,1260,52,40.8,12.7,14.1,1.06,17.6,motor,
59800,1791190859800,56.626856,-4.639601,52,339.3,315,10,0.8,1262,52,40.9,12.7,14.09,1.059,17.5,motor,
60000,1791190860000,56.62688,-4.639618,52,339,315,10,0.8,1265,52,40.9,12.8,14.09,1.059,17.5,motor,
60200,1791190860200,56.626905,-4.639635,52,338.7,315,10,0.8,1267,52,41,12.8,14.09,1.059,17.4,motor,
60400,1791190860400,56.626929,-4.639652,52,338.4,315.1,10,0.8,1268,52,41,12.8,14.09,1.059,17.4,motor,
60600,1791190860600,56.626953,-4.639669,52,338.1,315.1,10,0.8,1269,52,41.1,12.8,14.09,1.059,17.4,motor,
60800,1791190860800,56.626977,-4.639687,52,337.8,315.1,10,0.8,1268,52,41.1,12.8,14.09,1.059,17.4,motor,
61000,1791190861000,56.627001,-4.639705,52,337.5,315.2,10,0.8,1266,52,41.2,12.8,14.09,1.059,17.4,motor,
61200,1791190861200,56.627025,-4.639723,51.99,337.2,315.2,10,0.8,1264,52,41.3,12.8,14.09,1.059,17.4,motor,
61400,1791190861400,56.627049,-4.639741,51.99,337,315.2,10,0.8,1262,52,41.3,12.8,14.08,1.058,17.4,motor,
61600,1791190861600,56.627073,-4.639759,51.99,336.7,315.3,10,0.8,1259,52,41.4,12.8,14.08,1.058,17.4,motor,
61800,1791190861800,56.627097,-4.639778,51.99,336.4,315.3,10,0.8,1257,52,41.4,12.8,14.08,1.058,17.4,motor,
62000,1791190862000,56.62712,-4.639797,51.98,336.1,315.3,10,0.8,1256,52,41.5,12.8,14.08,1.058,17.4,motor,
62200,1791190862200,56.627144,-4.639816,51.98,335.8,315.4,10,0.8,1256,52,41.5,12.8,14.08,1.058,17.4,motor,
62400,1791190862400,56.627168,-4.639836,51.98,335.5,315.4,10,0.8,1257,52,41.6,12.8,14.08,1.058,17.4,motor,
62600,1791190862600,56.627191,-4.639855,51.97,335.2,315.4,10,0.8,1259,52,41.6,12.8,14.08,1.058,17.4,motor,
62800,1791190862800,56.627215,-4.639875,51.97,334.9,315.5,10,0.8,1261,52,41.7,12.8,14.08,1.058,17.4,motor,
63000,1791190863000,56.627238,-4.639895,51.96,334.7,315.5,10,0.8,1264,52,41.7,12.8,14.08,1.059,17.4,motor,
63200,1791190863200,56.627262,-4.639915,51.96,334.4,315.5,10,0.8,1266,52,41.8,12.8,14.08,1.059,17.4,motor,
63400,1791190863400,56.627285,-4.639936,51.95,334.1,315.6,10,0.8,1267,52,41.9,12.8,14.07,1.059,17.4,motor,
63600,1791190863600,56.627308,-4.639956,51.95,333.8,315.6,10,0.8,1267,52,41.9,12.8,14.07,1.059,17.4,motor,
63800,1791190863800,56.627332,-4.639977,51.94,333.5,315.6,10,0.8,1267,52,42,12.8,14.07,1.059,17.4,motor,
64000,1791190864000,56.627355,-4.639998,51.94,333.2,315.7,10,0.8,1265,52,42,12.8,14.07,1.059,17.4,motor,
64200,1791190864200,56.627378,-4.640019,51.93,333,315.7,10,0.8,1262,52,42.1,12.8,14.07,1.058,17.4,motor,
64400,1791190864400,56.627401,-4.640041,51.92,332.7,315.7,10,0.8,1260,52,42.1,12.8,14.07,1.058,17.4,motor,
64600,1791190864600,56.627424,-4.640062,51.92,332.4,315.8,10,0.8,1257,52,42.2,12.8,14.07,1.058,17.4,motor,
64800,1791190864800,56.627447,-4.640084,51.91,332.1,315.8,10,0.8,1255,52,42.2,12.8,14.07,1.057,17.4,motor,
65000,1791190865000,56.62747,-4.640106,51.9,331.8,315.8,10,0.8,1254,52,42.3,12.8,14.07,1.057,17.4,motor,
65200,1791190865200,56.627493,-4.640129,51.89,331.6,315.9,10,0.8,1254,52,42.3,12.8,14.07,1.057,17.4,motor,
65400,1791190865400,56.627516,-4.640151,51.89,331.3,315.9,10,0.8,1255,52,42.4,12.8,14.07,1.057,17.4,motor,
65600,1791190865600,56.627538,-4.640174,51.88,331,315.9,10,0.8,1257,52,42.5,12.8,14.07,1.057,17.4,motor,
65800,1791190865800,56.627561,-4.640197,51.87,330.7,316,10,0.8,1259,52,42.5,12.8,14.07,1.058,17.4,motor,
66000,1791190866000,56.627583,-4.64022,51.86,330.5,316,10,0.8,1261,52,42.6,12.8,14.07,1.058,17.4,motor,
66200,1791190866200,56.627606,-4.640243,51.85,330.2,316,10,0.8,1263,52,42.6,12.8,14.07,1.058,17.4,motor,
66400,1791190866400,56.627628,-4.640266,51.84,329.9,316.1,10,0.8,1264,52,42.7,12.8,14.07,1.058,17.4,motor,
66600,1791190866600,56.627651,-4.64029,51.83,329.6,316.1,10,0.8,1264,52,42.7,12.8,14.07,1.058,17.4,motor,
66800,1791190866800,56.627673,-4.640314,51.82,329.4,316.1,10,0.8,1264,52,42.8,12.8,14.07,1.058,17.4,motor,
67000,1791190867000,56.627695,-4.640338,51.81,329.1,316.2,10,0.8,1262,52,42.8,12.8,14.07,1.058,17.4,motor,
67200,1791190867200,56.627717,-4.640362,51.8,328.8,316.2,10,0.8,1259,52,42.9,12.8,14.07,1.058,17.4,motor,
67400,1791190867400,56.62774,-4.640386,51.79,328.5,316.2,10,0.8,1256,52,42.9,12.8,14.07,1.057,17.4,motor,
67600,1791190867600,56.627762,-4.640411,51.78,328.3,316.2,10,0.8,1254,52,43,12.8,14.07,1.057,17.4,motor,
67800,1791190867800,56.627784,-4.640435,51.76,328,316.3,10,0.8,1252,52,43,12.9,14.07,1.057,17.4,motor,
68000,1791190868000,56.627805,-4.64046,51.75,327.7,316.3,10,0.8,1251,52,43.1,12.9,14.07,1.056,17.4,motor,
68200,1791190868200,56.627827,-4.640485,51.74,327.5,316.3,10,0.8,1250,52,43.1,12.9,14.07,1.056,17.4,motor,
68400,1791190868400,56.627849,-4.640511,51.73,327.2,316.4,10,0.8,1251,52,43.2,12.9,14.07,1.056,17.4,motor,
68600,1791190868600,56.627871,-4.640536,51.72,326.9,316.4,10,0.8,1253,52,43.2,12.9,14.07,1.057,17.4,motor,
68800,1791190868800,56.627892,-4.640562,51.7,326.7,316.4,10,0.8,1255,52,43.3,12.9,14.08,1.057,17.4,motor,
69000,1791190869000,56.627914,-4.640587,51.69,326.4,316.5,10,0.8,1257,52,43.4,12.9,14.08,1.057,17.4,motor,
69200,1791190869200,56.627935,-4.640613,51.68,326.2,316.5,10,0.8,1259,52,43.4,12.9,14.08,1.057,17.4,motor,
69400,1791190869400,56.627957,-4.64064,51.66,325.9,316.5,10,0.8,1260,52,43.5,12.9,14.08,1.057,17.4,motor,
69600,1791190869600,56.627978,-4.640666,51.65,325.6,316.6,10,0.8,1260,52,43.5,12.9,14.08,1.057,17.4,motor,
69800,1791190869800,56.627999,-4.640692,51.63,325.4,316.6,10,0.8,1259,52,43.6,12.9,14.08,1.057,17.4,motor,
70000,1791190870000,56.628021,-4.640719,51.62,325.1,316.6,10,0.8,1257,52,43.6,12.9,14.08,1.057,17.4,motor,
70200,1791190870200,56.628042,-4.640746,51.6,324.9,316.6,10,0.8,1254,52,43.7,12.9,14.08,1.057,17.4,motor,
70400,1791190870400,56.628063,-4.640773,51.59,324.6,316.7,10,0.8,1251,52,43.7,12.9,14.08,1.056,17.3,motor,
70600,1791190870600,56.628084,-4.6408,51.57,324.3,316.7,10,0.8,1249,52,43.8,12.9,14.08,1.056,17.3,motor,
70800,1791190870800,56.628105,-4.640827,51.56,324.1,316.7,10,0.8,1247,52,43.8,12.9,14.09,1.056,17.3,motor,
71000,1791190871000,56.628125,-4.640855,51.54,323.8,316.8,10,0.8,1245,52,43.9,12.9,14.09,1.055,17.3,motor,
71200,1791190871200,56.628146,-4.640882,51.52,323.6,316.8,10,0.8,1245,52,43.9,12.9,14.09,1.055,17.3,motor,
71400,1791190871400,56.628167,-4.64091,51.51,323.3,316.8,10,0.8,1246,52,44,12.9,14.09,1.055,17.3,motor,
71600,1791190871600,56.628187,-4.640938,51.49,323.1,316.9,10,0.8,1248,51,44,12.9,14.09,1.056,17.3,motor,
71800,1791190871800,56.628208,-4.640966,51.48,322.8,316.9,10,0.8,1250,51,44.1,12.9,14.09,1.056,17.3,motor,
72000,1791190872000,56.628228,-4.640994,51.46,322.6,316.9,10,0.8,1252,51,44.1,12.9,14.09,1.056,17.3,motor,
72200,1791190872200,56.628249,-4.641023,51.44,322.3,316.9,10,0.8,1253,51,44.2,12.9,14.09,1.056,17.3,motor,
72400,1791190872400,56.628269,-4.641051,51.42,322.1,317,10,0.8,1254,51,44.2,12.9,14.1,1.056,17.3,motor,
72600,1791190872600,56.628289,-4.64108,51.41,321.9,317,10,0.8,1254,51,44.3,12.9,14.1,1.056,17.3,motor,
72800,1791190872800,56.62831,-4.641109,51.39,321.6,317,10,0.8,1253,51,44.3,12.9,14.1,1.056,17.3,motor,
73000,1791190873000,56.62833,-4.641138,51.37,321.4,317.1,10,0.8,1251,51,44.4,12.9,14.1,1.056,17.3,motor,
73200,1791190873200,56.62835,-4.641167,51.35,321.1,317.1,10,0.8,1248,51,44.4,12.9,14.1,1.055,17.3,motor,
73400,1791190873400,56.62837,-4.641196,51.33,320.9,317.1,10,0.8,1245,51,44.5,12.9,14.1,1.055,17.3,motor,
73600,1791190873600,56.628389,-4.641225,51.31,320.7,317.2,10,0.8,1242,51,44.5,12.9,14.11,1.055,17.3,motor,
73800,1791190873800,56.628409,-4.641255,51.29,320.4,317.2,10,0.8,1240,51,44.6,12.9,14.11,1.054,17.3,motor,
74000,1791190874000,56.628429,-4.641284,51.27,320.2,317.2,10,0.8,1239,51,44.6,12.9,14.11,1.054,17.3,motor,
74200,1791190874200,56.628449,-4.641314,51.26,320,317.2,10,0.8,1239,51,44.7,12.9,14.11,1.054,17.3,motor,
74400,1791190874400,56.628468,-4.641344,51.24,319.7,317.3,10,0.8,1240,51,44.7,12.9,14.11,1.054,17.3,motor,
74600,1791190874600,56.628488,-4.641374,51.22,319.5,317.3,10,0.8,1241,51,44.8,12.9,14.11,1.054,17.3,motor,
74800,1791190874800,56.628507,-4.641404,51.2,319.3,317.3,10,0.8,1243,51,44.8,12.9,14.12,1.054,17.3,motor,
75000,1791190875000,56.628526,-4.641435,51.18,319,317.4,10,0.8,1245,51,44.9,13,14.12,1.055,17.3,motor,
75200,1791190875200,56.628546,-4.641465,51.16,318.8,317.4,10,0.8,1247,51,45,13,14.12,1.055,17.3,motor,
75400,1791190875400,56.628565,-4.641496,51.13,318.6,317.4,10,0.8,1247,51,45,13,14.12,1.055,17.2,motor,
75600,1791190875600,56.628584,-4.641527,51.11,318.3,317.4,10,0.8,1247,51,45.1,13,14.12,1.055,17.2,motor,
75800,1791190875800,56.628603,-4.641557,51.09,318.1,317.5,10,0.8,1246,51,45.1,13,14.12,1.055,17.2,motor,
76000,1791190876000,56.628622,-4.641588,51.07,317.9,317.5,10,0.8,1244,51,45.2,13,14.13,1.054,17.2,motor,
76200,1791190876200,56.628641,-4.641619,51.05,317.7,317.5,10,0.8,1241,51,45.2,13,14.13,1.054,17.2,motor,
76400,1791190876400,56.62866,-4.641651,51.03,317.4,317.5,10,0.8,1238,51,45.3,13,14.13,1.053,17.2,motor,
76600,1791190876600,56.628679,-4.641682,51.01,317.2,317.6,10,0.8,1235,51,45.3,13,14.13,1.053,17.2,motor,
76800,1791190876800,56.628697,-4.641713,50.99,317,317.6,10,0.8,1233,51,45.4,13,14.13,1.053,17.2,motor,
77000,1791190877000,56.628716,-4.641745,50.96,316.8,317.6,10,0.8,1231,51,45.4,13,14.13,1.053,17.2,motor,
77200,1791190877200,56.628734,-4.641777,50.94,316.6,317.7,10,0.8,1231,51,45.5,13,14.13,1.052,17.2,motor,
77400,1791190877400,56.628753,-4.641808,50.92,316.4,317.7,10,0.8,1232,51,45.5,13,14.14,1.052,17.2,motor,
77600,1791190877600,56.628771,-4.64184,50.9,316.1,317.7,10,0.8,1233,51,45.6,13,14.14,1.053,17.2,motor,
77800,1791190877800,56.628789,-4.641872,50.87,315.9,317.7,10,0.8,1235,51,45.6,13,14.14,1.053,17.2,motor,
78000,1791190878000,56.628808,-4.641904,50.85,315.7,317.8,10,0.8,1237,51,45.7,13,14.14,1.053,17.2,motor,
78200,1791190878200,56.628826,-4.641937,50.83,315.5,317.8,10,0.8,1239,51,45.7,13,14.14,1.053,17.2,motor,
78400,1791190878400,56.628844,-4.641969,50.81,315.3,317.8,10,0.8,1239,51,45.8,13,14.14,1.053,17.2,motor,
78600,1791190878600,56.628862,-4.642001,50.78,315.1,317.8,10,0.8,1239,51,45.8,13,14.15,1.053,17.2,motor,
78800,1791190878800,56.62888,-4.642034,50.76,314.9,317.9,10,0.8,1238,51,45.9,13,14.15,1.053,17.2,motor,
79000,1791190879000,56.628898,-4.642067,50.74,314.7,317.9,10,0.8,1235,51,45.9,13,14.15,1.053,17.2,motor,
79200,1791190879200,56.628915,-4.642099,50.71,314.5,317.9,10,0.8,1232,51,46,13,14.15,1.052,17.2,motor,
79400,1791190879400,56.628933,-4.642132,50.69,314.3,317.9,10,0.8,1229,51,46,13,14.15,1.052,17.2,motor,
79600,1791190879600,56.628951,-4.642165,50.67,314.1,318,10,0.8,1226,51,46.1,13,14.15,1.051,17.1,motor,
79800,1791190879800,56.628968,-4.642198,50.64,313.9,318,10,0.8,1224,51,46.1,13,14.15,1.051,17.1,motor,
80000,1791190880000,56.628986,-4.642231,50.62,313.7,318,10,0.8,1223,51,46.1,13,14.15,1.051,17.1,motor,
80200,1791190880200,56.629003,-4.642264,50.59,313.5,318.1,10,0.8,1223,51,46.2,13,14.16,1.051,17.1,motor,
80400,1791190880400,56.629021,-4.642298,50.57,313.3,318.1,10,0.8,1224,51,46.2,13,14.16,1.051,17.1,motor,
80600,1791190880600,56.629038,-4.642331,50.55,313.1,318.1,10,0.8,1225,51,46.3,13,14.16,1.051,17.1,motor,
80800,1791190880800,56.629055,-4.642365,50.52,312.9,318.1,10,0.8,1227,51,46.3,13,14.16,1.051,17.1,motor,
81000,1791190881000,56.629072,-4.642398,50.5,312.7,318.2,10,0.8,1229,50,46.4,13,14.16,1.051,17.1,motor,
81200,1791190881200,56.629089,-4.642432,50.47,312.5,318.2,10,0.8,1230,50,46.4,13,14.16,1.052,17.1,motor,
81400,1791190881400,56.629106,-4.642466,50.45,312.3,318.2,10,0.8,1231,50,46.5,13,14.16,1.052,17.1,motor,
81600,1791190881600,56.629123,-4.6425,50.42,312.1,318.2,10,0.8,1230,50,46.5,13,14.16,1.051,17.1,motor,
81800,1791190881800,56.62914,-4.642534,50.4,311.9,318.3,10,0.8,1229,50,46.6,13,14.16,1.051,17.1,motor,
82000,1791190882000,56.629157,-4.642568,50.37,311.7,318.3,10,0.8,1226,50,46.6,13.1,14.16,1.051,17.1,motor,
82200,1791190882200,56.629174,-4.642602,50.35,311.5,318.3,10,0.8,1223,50,46.7,13.1,14.17,1.05,17.1,motor,
82400,1791190882400,56.62919,-4.642636,50.33,311.3,318.3,10,0.8,1220,50,46.7,13.1,14.17,1.05,17.1,motor,
82600,1791190882600,56.629207,-4.64267,50.3,311.1,318.4,10,0.8,1218,50,46.8,13.1,14.17,1.05,17.1,motor,
82800,1791190882800,56.629223,-4.642705,50.28,311,318.4,10,0.8,1215,50,46.8,13.1,14.17,1.049,17.1,motor,
83000,1791190883000,56.62924,-4.642739,50.25,310.8,318.4,10,0.8,1214,50,46.9,13.1,14.17,1.049,17.1,motor,
83200,1791190883200,56.629256,-4.642774,50.23,310.6,318.4,10,0.8,1214,50,46.9,13.1,14.17,1.049,17,motor,
83400,1791190883400,56.629272,-4.642808,50.2,310.4,318.4,10,0.8,1215,50,47,13.1,14.17,1.049,17,motor,
83600,1791190883600,56.629289,-4.642843,50.18,310.2,318.5,10,0.8,1216,50,47,13.1,14.17,1.049,17,motor,
83800,1791190883800,56.629305,-4.642878,50.15,310,318.5,10,0.8,1218,50,47.1,13.1,14.17,1.049,17,motor,
84000,1791190884000,56.629321,-4.642912,50.13,309.9,318.5,10,0.8,1220,50,47.1,13.1,14.17,1.05,17,motor,
84200,1791190884200,56.629337,-4.642947,50.1,309.7,318.5,10,0.8,1221,50,47.2,13.1,14.17,1.05,17,motor,
84400,1791190884400,56.629353,-4.642982,50.08,309.5,318.6,10,0.8,1222,50,47.2,13.1,14.17,1.05,17,motor,
84600,1791190884600,56.629369,-4.643017,50.05,309.3,318.6,10,0.8,1221,50,47.3,13.1,14.17,1.05,17,motor,
84800,1791190884800,56.629385,-4.643053,50.03,309.2,318.6,10,0.8,1220,50,47.3,13.1,14.17,1.049,17,motor,
85000,1791190885000,56.6294,-4.643088,50,309,318.6,10,0.8,1217,50,47.4,13.1,14.17,1.049,17,motor,
85200,1791190885200,56.629416,-4.643123,49.97,308.8,318.7,10,0.8,1214,50,47.4,13.1,14.17,1.049,17,motor,
85400,1791190885400,56.629432,-4.643158,49.95,308.6,318.7,10,0.8,1211,50,47.5,13.1,14.17,1.048,17,motor,
85600,1791190885600,56.629447,-4.643194,49.92,308.5,318.7,10,0.8,1208,50,47.5,13.1,14.17,1.048,17,motor,
85800,1791190885800,56.629463,-4.643229,49.9,308.3,318.7,10,0.8,1206,50,47.6,13.1,14.17,1.048,17,motor,
86000,1791190886000,56.629478,-4.643265,49.87,308.1,318.7,10,0.8,1205,50,47.6,13.1,14.17,1.047,17,motor,
86200,1791190886200,56.629493,-4.6433,49.85,308,318.8,10,0.8,1205,50,47.6,13.1,14.17,1.047,17,motor,
86400,1791190886400,56.629509,-4.643336,49.82,307.8,318.8,10,0.8,1206,50,47.7,13.1,14.17,1.047,17,motor,
86600,1791190886600,56.629524,-4.643372,49.8,307.6,318.8,10,0.8,1207,50,47.7,13.1,14.17,1.048,17,motor,
86800,1791190886800,56.629539,-4.643407,49.77,307.5,318.8,10,0.8,1209,50,47.8,13.1,14.17,1.048,17,motor,
87000,1791190887000,56.629554,-4.643443,49.75,307.3,318.9,10,0.8,1211,50,47.8,13.1,14.17,1.048,16.9,motor,
87200,1791190887200,56.629569,-4.643479,49.72,307.1,318.9,10,0.8,1212,50,47.9,13.1,14.17,1.048,16.9,motor,
87400,1791190887400,56.629584,-4.643515,49.7,307,318.9,10,0.8,1213,50,47.9,13.1,14.17,1.048,16.9,motor,
87600,1791190887600,56.629599,-4.643551,49.67,306.8,318.9,10,0.8,1212,50,48,13.1,14.16,1.048,16.9,motor,
87800,1791190887800,56.629614,-4.643587,49.65,306.7,318.9,10,0.8,1210,50,48,13.1,14.16,1.048,16.9,motor,
88000,1791190888000,56.629629,-4.643623,49.63,306.5,319,10,0.8,1208,50,48.1,13.1,14.16,1.047,16.9,motor,
88200,1791190888200,56.629643,-4.64366,49.6,306.3,319,10,0.8,1205,50,48.1,13.1,14.16,1.047,16.9,motor,
88400,1791190888400,56.629658,-4.643696,49.58,306.2,319,10,0.8,1202,50,48.2,13.1,14.16,1.047,16.9,motor,
88600,1791190888600,56.629673,-4.643732,49.55,306,319,10,0.8,1199,50,48.2,13.1,14.16,1.046,16.9,motor,
88800,1791190888800,56.629687,-4.643768,49.53,305.9,319.1,10,0.8,1197,50,48.3,13.1,14.16,1.046,16.9,motor,
89000,1791190889000,56.629702,-4.643805,49.5,305.7,319.1,10,0.8,1196,50,48.3,13.2,14.16,1.046,16.9,motor,
89200,1791190889200,56.629716,-4.643841,49.48,305.6,319.1,10,0.8,1196,49,48.4,13.2,14.16,1.046,16.9,motor,
89400,1791190889400,56.62973,-4.643878,49.45,305.4,319.1,10,0.8,1197,49,48.4,13.2,14.16,1.046,16.9,motor,
89600,1791190889600,56.629745,-4.643914,49.43,305.3,319.1,10,0.8,1198,49,48.4,13.2,14.15,1.046,16.9,motor,
89800,1791190889800,56.629759,-4.643951,49.41,305.1,319.2,10,0.8,1200,49,48.5,13.2,14.15,1.046,16.9,motor,
90000,1791190890000,56.629773,-4.643988,49.38,304.9,319.2,10,0.8,1202,49,48.5,13.2,14.15,1.046,16.9,motor,
90200,1791190890200,56.629787,-4.644024,49.36,304.8,319.2,10,0.8,1203,49,48.6,13.2,14.15,1.046,16.9,motor,
90400,1791190890400,56.629801,-4.644061,49.33,304.7,319.2,10,0.8,1204,49,48.6,13.2,14.15,1.046,16.9,motor,
90600,1791190890600,56.629815,-4.644098,49.31,304.5,319.2,10,0.8,1203,49,48.7,13.2,14.15,1.046,16.8,motor,
90800,1791190890800,56.629829,-4.644135,49.29,304.4,319.3,10,0.8,1202,49,48.7,13.2,14.15,1.046,16.8,motor,
91000,1791190891000,56.629843,-4.644172,49.26,304.2,319.3,10,0.8,1199,49,48.8,13.2,14.15,1.046,16.8,motor,
91200,1791190891200,56.629857,-4.644209,49.24,304.1,319.3,10,0.8,1196,49,48.8,13.2,14.14,1.045,16.8,motor,
91400,1791190891400,56.629871,-4.644246,49.22,303.9,319.3,10,0.8,1193,49,48.9,13.2,14.14,1.045,16.8,motor,
91600,1791190891600,56.629884,-4.644283,49.19,303.8,319.3,10,0.8,1190,49,48.9,13.2,14.14,1.045,16.8,motor,
91800,1791190891800,56.629898,-4.64432,49.17,303.6,319.4,10,0.8,1188,49,49,13.2,14.14,1.044,16.8,motor,
92000,1791190892000,56.629912,-4.644357,49.15,303.5,319.4,10,0.8,1187,49,49,13.2,14.14,1.044,16.8,motor,
92200,1791190892200,56.629925,-4.644394,49.13,303.4,319.4,10,0.8,1187,49,49,13.2,14.14,1.044,16.8,motor,
92400,1791190892400,56.629939,-4.644431,49.1,303.2,319.4,10,0.8,1188,49,49.1,13.2,14.14,1.044,16.8,motor,
92600,1791190892600,56.629952,-4.644469,49.08,303.1,319.4,10,0.8,1190,49,49.1,13.2,14.13,1.044,16.8,motor,
92800,1791190892800,56.629965,-4.644506,49.06,302.9,319.5,10,0.8,1192,49,49.2,13.2,14.13,1.045,16.8,motor,
93000,1791190893000,56.629979,-4.644543,49.04,302.8,319.5,10,0.8,1194,49,49.2,13.2,14.13,1.045,16.8,motor,
93200,1791190893200,56.629992,-4.644581,49.01,302.7,319.5,10,0.8,1195,49,49.3,13.2,14.13,1.045,16.8,motor,
93400,1791190893400,56.630005,-4.644618,48.99,302.5,319.5,10,0.8,1195,49,49.3,13.2,14.13,1.045,16.8,motor,
93600,1791190893600,56.630018,-4.644656,48.97,302.4,319.5,10,0.8,1195,49,49.4,13.2,14.13,1.045,16.8,motor,
93800,1791190893800,56.630031,-4.644693,48.95,302.3,319.5,10,0.8,1193,49,49.4,13.2,14.12,1.045,16.8,motor,
94000,1791190894000,56.630044,-4.644731,48.93,302.1,319.6,10,0.8,1191,49,49.5,13.2,14.12,1.044,16.8,motor,
94200,1791190894200,56.630057,-4.644768,48.91,302,319.6,10,0.8,1188,49,49.5,13.2,14.12,1.044,16.8,motor,
94400,1791190894400,56.63007,-4.644806,48.89,301.9,319.6,10,0.8,1185,49,49.5,13.2,14.12,1.044,16.8,motor,
94600,1791190894600,56.630083,-4.644844,48.87,301.7,319.6,10,0.8,1182,49,49.6,13.2,14.12,1.043,16.8,motor,
94800,1791190894800,56.630096,-4.644881,48.84,301.6,319.6,10,0.8,1180,49,49.6,13.2,14.12,1.043,16.7,motor,
95000,1791190895000,56.630109,-4.644919,48.82,301.5,319.7,10,0.8,1179,49,49.7,13.2,14.11,1.043,16.7,motor,
95200,1791190895200,56.630121,-4.644957,48.8,301.3,319.7,10,0.8,1180,49,49.7,13.2,14.11,1.043,16.7,motor,
95400,1791190895400,56.630134,-4.644995,48.78,301.2,319.7,10,0.8,1181,49,49.8,13.2,14.11,1.043,16.7,motor,
95600,1791190895600,56.630147,-4.645032,48.76,301.1,319.7,10,0.8,1182,49,49.8,13.2,14.11,1.043,16.7,motor,
95800,1791190895800,56.630159,-4.64507,48.74,300.9,319.7,10,0.8,1184,49,49.9,13.2,14.11,1.043,16.7,motor,
96000,1791190896000,56.630172,-4.645108,48.73,300.8,319.7,10,0.8,1186,49,49.9,13.2,14.11,1.044,16.7,motor,
96200,1791190896200,56.630184,-4.645146,48.71,300.7,319.8,10,0.8,1187,49,50,13.3,14.1,1.044,16.7,motor,
96400,1791190896400,56.630197,-4.645184,48.69,300.6,319.8,10,0.8,1188,49,50,13.3,14.1,1.044,16.7,motor,
96600,1791190896600,56.630209,-4.645222,48.67,300.4,319.8,10,0.8,1187,49,50,13.3,14.1,1.044,16.7,motor,
96800,1791190896800,56.630221,-4.64526,48.65,300.3,319.8,10,0.8,1186,49,50.1,13.3,14.1,1.043,16.7,motor,
97000,1791190897000,56.630233,-4.645298,48.63,300.2,319.8,11,0.8,1184,49,50.1,13.3,14.1,1.043,16.7,motor,
97200,1791190897200,56.630246,-4.645337,48.61,300.1,319.8,11,0.8,1181,49,50.2,13.3,14.1,1.043,16.7,motor,
97400,1791190897400,56.630258,-4.645375,48.59,300,319.9,11,0.8,1178,49,50.2,13.3,14.09,1.042,16.7,motor,
97600,1791190897600,56.63027,-4.645413,48.58,299.8,319.9,11,0.8,1175,49,50.3,13.3,14.09,1.042,16.7,motor,
97800,1791190897800,56.630282,-4.645451,48.56,299.7,319.9,11,0.8,1173,49,50.3,13.3,14.09,1.042,16.7,motor,
98000,1791190898000,56.630294,-4.645489,48.54,299.6,319.9,11,0.8,1173,49,50.4,13.3,14.09,1.042,16.7,motor,
98200,1791190898200,56.630306,-4.645528,48.52,299.5,319.9,11,0.8,1173,49,50.4,13.3,14.09,1.042,16.7,motor,
98400,1791190898400,56.630318,-4.645566,48.51,299.4,319.9,11,0.8,1174,49,50.4,13.3,14.09,1.042,16.7,motor,
98600,1791190898600,56.63033,-4.645604,48.49,299.2,320,11,0.8,1176,48,50.5,13.3,14.09,1.042,16.7,motor,
98800,1791190898800,56.630341,-4.645643,48.48,299.1,320,11,0.8,1178,48,50.5,13.3,14.09,1.042,16.7,motor,
99000,1791190899000,56.630353,-4.645681,48.46,299,320,11,0.8,1180,48,50.6,13.3,14.08,1.042,16.7,motor,
99200,1791190899200,56.630365,-4.64572,48.44,298.9,320,11,0.8,1181,48,50.6,13.3,14.08,1.043,16.7,motor,
99400,1791190899400,56.630377,-4.645758,48.43,298.8,320,11,0.8,1182,48,50.7,13.3,14.08,1.043,16.7,motor,
99600,1791190899600,56.630388,-4.645797,48.41,298.7,320,11,0.8,1181,48,50.7,13.3,14.08,1.043,16.7,motor,
99800,1791190899800,56.6304,-4.645835,48.4,298.5,320.1,11,0.8,1180,48,50.8,13.3,14.08,1.042,16.6,motor,
100000,1791190900000,56.630411,-4.645874,48.38,298.4,320.1,11,0.8,1178,48,50.8,13.3,14.08,1.042,16.6,motor,
100200,1791190900200,56.630423,-4.645912,48.37,298.3,320.1,11,0.8,1175,48,50.8,13.3,14.08,1.042,16.6,motor,
100400,1791190900400,56.630434,-4.645951,48.35,298.2,320.1,11,0.8,1172,48,50.9,13.3,14.08,1.041,16.6,motor,
100600,1791190900600,56.630446,-4.645989,48.34,298.1,320.1,11,0.8,1169,48,50.9,13.3,14.08,1.041,16.6,motor,
100800,1791190900800,56.630457,-4.646028,48.32,298,320.1,11,0.8,1168,48,51,13.3,14.08,1.041,16.6,motor,
101000,1791190901000,56.630468,-4.646067,48.31,297.9,320.1,11,0.8,1167,48,51,13.3,14.07,1.041,16.6,motor,
101200,1791190901200,56.63048,-4.646106,48.3,297.8,320.2,11,0.8,1167,48,51.1,13.3,14.07,1.041,16.6,motor,
101400,1791190901400,56.630491,-4.646144,48.28,297.7,320.2,11,0.8,1169,48,51.1,13.3,14.07,1.041,16.6,motor,
101600,1791190901600,56.630502,-4.646183,48.27,297.5,320.2,11,0.8,1170,48,51.1,13.3,14.07,1.041,16.6,motor,
101800,1791190901800,56.630513,-4.646222,48.26,297.4,320.2,11,0.8,1173,48,51.2,13.3,14.07,1.041,16.6,motor,
102000,1791190902000,56.630524,-4.646261,48.25,297.3,320.2,11,0.8,1175,48,51.2,13.3,14.07,1.042,16.6,motor,
102200,1791190902200,56.630535,-4.6463,48.24,297.2,320.2,11,0.8,1176,48,51.3,13.3,14.07,1.042,16.6,motor,
102400,1791190902400,56.630546,-4.646339,48.22,297.1,320.2,11,0.8,1177,48,51.3,13.3,14.07,1.042,16.6,motor,
102600,1791190902600,56.630557,-4.646378,48.21,297,320.3,11,0.8,1176,48,51.4,13.3,14.07,1.042,16.6,motor,
102800,1791190902800,56.630568,-4.646417,48.2,296.9,320.3,11,0.8,1175,48,51.4,13.3,14.07,1.042,16.6,motor,
103000,1791190903000,56.630579,-4.646456,48.19,296.8,320.3,11,0.8,1173,48,51.4,13.3,14.07,1.041,16.6,motor,
103200,1791190903200,56.63059,-4.646495,48.18,296.7,320.3,11,0.8,1170,48,51.5,13.3,14.07,1.041,16.6,motor,
103400,1791190903400,56.630601,-4.646534,48.17,296.6,320.3,11,0.8,1167,48,51.5,13.3,14.07,1.041,16.6,motor,
103600,1791190903600,56.630611,-4.646573,48.16,296.5,320.3,11,0.8,1165,48,51.6,13.3,14.07,1.04,16.6,motor,
103800,1791190903800,56.630622,-4.646612,48.15,296.4,320.3,11,0.8,1163,48,51.6,13.3,14.07,1.04,16.6,motor,
104000,1791190904000,56.630633,-4.646651,48.14,296.3,320.4,11,0.8,1163,48,51.7,13.4,14.07,1.04,16.6,motor,
104200,1791190904200,56.630644,-4.64669,48.13,296.2,320.4,11,0.8,1163,48,51.7,13.4,14.07,1.04,16.6,motor,
104400,1791190904400,56.630654,-4.646729,48.12,296.1,320.4,11,0.8,1165,48,51.7,13.4,14.07,1.04,16.6,motor,
104600,1791190904600,56.630665,-4.646768,48.11,296,320.4,11,0.8,1167,48,51.8,13.4,14.07,1.04,16.6,motor,
104800,1791190904800,56.630675,-4.646808,48.11,295.9,320.4,11,0.8,1169,48,51.8,13.4,14.07,1.041,16.6,motor,
105000,1791190905000,56.630686,-4.646847,48.1,295.8,320.4,11,0.8,1171,48,51.9,13.4,14.07,1.041,16.6,motor,
105200,1791190905200,56.630696,-4.646886,48.09,295.7,320.4,11,0.8,1173,48,51.9,13.4,14.07,1.041,16.6,motor,
105400,1791190905400,56.630706,-4.646926,48.08,295.6,320.4,11,0.8,1173,48,52,13.4,14.07,1.041,16.6,motor,
105600,1791190905600,56.630717,-4.646965,48.08,295.5,320.5,11,0.8,1173,48,52,13.4,14.07,1.041,16.6,motor,
105800,1791190905800,56.630727,-4.647004,48.07,295.4,320.5,11,0.8,1172,48,52,13.4,14.07,1.041,16.6,motor,
106000,1791190906000,56.630737,-4.647044,48.06,295.3,320.5,11,0.9,1170,48,52.1,13.4,14.07,1.041,16.6,motor,
106200,1791190906200,56.630748,-4.647083,48.06,295.2,320.5,11,0.9,1167,48,52.1,13.4,14.07,1.04,16.6,motor,
106400,1791190906400,56.630758,-4.647123,48.05,295.1,320.5,11,0.9,1164,48,52.2,13.4,14.08,1.04,16.6,motor,
106600,1791190906600,56.630768,-4.647162,48.05,295,320.5,11,0.9,1162,48,52.2,13.4,14.08,1.04,16.6,motor,
106800,1791190906800,56.630778,-4.647202,48.04,294.9,320.5,11,0.9,1161,48,52.3,13.4,14.08,1.04,16.6,motor,
107000,1791190907000,56.630788,-4.647241,48.04,294.8,320.5,11,0.9,1160,48,52.3,13.4,14.08,1.04,16.6,motor,
107200,1791190907200,56.630798,-4.647281,48.03,294.7,320.6,11,0.9,1161,48,52.3,13.4,14.08,1.04,16.6,motor,
107400,1791190907400,56.630808,-4.64732,48.03,294.6,320.6,11,0.9,1162,48,52.4,13.4,14.08,1.04,16.6,motor,
107600,1791190907600,56.630818,-4.64736,48.02,294.5,320.6,11,0.9,1165,48,52.4,13.4,14.08,1.04,16.6,motor,
107800,1791190907800,56.630828,-4.647399,48.02,294.4,320.6,11,0.9,1167,48,52.5,13.4,14.08,1.04,16.6,motor,
108000,1791190908000,56.630838,-4.647439,48.02,294.3,320.6,11,0.9,1169,48,52.5,13.4,14.08,1.041,16.6,motor,
108200,1791190908200,56.630848,-4.647479,48.01,294.2,320.6,11,0.9,1171,48,52.5,13.4,14.08,1.041,16.6,motor,
108400,1791190908400,56.630858,-4.647519,48.01,294.2,320.6,11,0.9,1172,48,52.6,13.4,14.08,1.041,16.6,motor,
108600,1791190908600,56.630868,-4.647558,48.01,294.1,320.6,11,0.9,1171,48,52.6,13.4,14.09,1.041,16.6,motor,
108800,1791190908800,56.630877,-4.647598,48.01,294,320.6,11,0.9,1170,48,52.7,13.4,14.09,1.041,16.6,motor,
109000,1791190909000,56.630887,-4.647638,48,293.9,320.7,11,0.9,1168,48,52.7,13.4,14.09,1.041,16.6,motor,
109200,1791190909200,56.630897,-4.647678,48,293.8,320.7,11,0.9,1166,48,52.8,13.4,14.09,1.04,16.6,motor,
109400,1791190909400,56.630906,-4.647717,48,293.7,320.7,11,0.9,1163,48,52.8,13.4,14.09,1.04,16.6,motor,
109600,1791190909600,56.630916,-4.647757,48,293.6,320.7,11,0.9,1161,48,52.8,13.4,14.09,1.04,16.6,motor,
109800,1791190909800,56.630926,-4.647797,48,293.5,320.7,11,0.9,1160,48,52.9,13.4,14.09,1.04,16.6,motor,
110000,1791190910000,56.630935,-4.647837,48,293.4,320.7,11,0.9,1626,48,52.9,13.4,14.1,1.09,16.6,motor,
110200,1791190910200,56.630945,-4.647877,47.98,293.3,320.7,11,0.9,1626,48,53,13.4,14.1,1.09,16.6,motor,
110400,1791190910400,56.630954,-4.647917,47.92,293.3,320.7,11,0.9,1625,48,53,13.4,14.1,1.089,16.5,motor,
110600,1791190910600,56.630964,-4.647957,47.81,293.2,320.7,11,0.9,1624,48,53,13.4,14.1,1.089,16.5,motor,
110800,1791190910800,56.630973,-4.647997,47.66,293.1,320.7,11,0.9,1621,48,53.1,13.4,14.1,1.089,16.5,motor,
111000,1791190911000,56.630982,-4.648036,47.48,293,320.8,11,0.9,1617,47,53.1,13.4,14.1,1.088,16.4,motor,
111200,1791190911200,56.630992,-4.648076,47.25,292.9,320.8,11,0.9,1611,47,53.2,13.5,14.1,1.01,0,motor,
111400,1791190911400,56.631001,-4.648115,46.98,292.8,320.8,11,0.9,1603,47,53.2,13.5,14.11,1.01,0,motor,
111600,1791190911600,56.63101,-4.648155,46.67,292.7,320.8,11,0.9,1592,47,53.2,13.5,14.11,1.01,0,motor,
111800,1791190911800,56.631019,-4.648193,46.31,292.7,320.8,11,0.9,1579,46,53.3,13.5,14.11,1.01,0,motor,
112000,1791190912000,56.631028,-4.648232,45.93,292.6,320.8,11,0.9,1564,46,53.3,13.5,14.11,1.01,0,motor,
112200,1791190912200,56.631036,-4.64827,45.5,292.5,320.8,11,0.9,1547,45,53.4,13.5,14.11,1.01,0,motor,
112400,1791190912400,56.631045,-4.648308,45.03,292.4,320.8,11,0.9,1528,45,53.4,13.5,14.11,1.01,0,motor,
112600,1791190912600,56.631054,-4.648346,44.53,292.3,320.8,11,0.9,1509,45,53.5,13.5,14.12,1.01,0,motor,
112800,1791190912800,56.631062,-4.648383,43.99,292.3,320.8,11,0.9,1490,44,53.5,13.5,14.12,1.01,0,motor,
113000,1791190913000,56.63107,-4.64842,43.42,292.2,320.8,11,0.9,1470,43,53.5,13.5,14.12,1.01,0,motor,
113200,1791190913200,56.631078,-4.648456,42.81,292.1,320.9,11,0.9,1450,43,53.6,13.6,14.12,1.01,0,motor,
113400,1791190913400,56.631086,-4.648492,42.17,292,320.9,11,0.9,1430,42,53.6,13.6,14.12,1.01,0,motor,
113600,1791190913600,56.631094,-4.648527,41.5,292,320.9,11,0.9,1409,41,53.7,13.6,14.12,1.01,0,motor,
113800,1791190913800,56.631102,-4.648561,40.79,291.9,320.9,11,0.9,1388,41,53.7,13.6,14.13,1.01,0,motor,
114000,1791190914000,56.631109,-4.648595,40.06,291.8,320.9,11,0.9,1365,40,53.7,13.6,14.13,1.01,0,motor,
114200,1791190914200,56.631117,-4.648629,39.3,291.8,320.9,11,0.9,1341,39,53.8,13.6,14.13,1.01,0,motor,
114400,1791190914400,56.631124,-4.648662,38.51,291.7,320.9,11,0.9,1315,39,53.8,13.7,14.13,1.01,0,motor,
114600,1791190914600,56.631131,-4.648694,37.7,291.6,320.9,11,0.9,1287,38,53.9,13.7,14.13,1.01,0,motor,
114800,1791190914800,56.631138,-4.648725,36.86,291.6,320.9,11,0.9,1257,37,53.9,13.7,14.13,1.01,0,motor,
115000,1791190915000,56.631144,-4.648756,36,291.5,320.9,11,0.9,1226,36,53.9,13.7,14.14,1.01,0,motor,
115200,1791190915200,56.631151,-4.648786,35.12,291.4,320.9,11,0.9,1194,35,54,13.7,14.14,1.01,0,motor,
115400,1791190915400,56.631157,-4.648815,34.22,291.4,320.9,11,0.9,1161,34,54,13.8,14.14,1.01,0,motor,
115600,1791190915600,56.631163,-4.648844,33.3,291.3,320.9,11,0.9,1127,33,54.1,13.8,14.14,1.01,0,motor,
115800,1791190915800,56.631169,-4.648871,32.37,291.3,320.9,11,0.9,1094,32,54.1,13.8,14.14,1.01,0,motor,
116000,1791190916000,56.631175,-4.648898,31.42,291.2,320.9,11,0.9,1062,31,54.1,13.8,14.14,1.01,0,motor,
116200,1791190916200,56.631181,-4.648925,30.45,291.2,321,11,0.9,1030,30,54.2,13.8,14.14,1.01,0,motor,
116400,1791190916400,56.631186,-4.64895,29.48,291.1,321,11,0.9,1521,29,54.2,13.9,14.15,1.01,0,motor,
116600,1791190916600,56.631191,-4.648974,28.5,291.1,321,11,0.9,1473,28,54.3,13.9,14.15,1.01,0,motor,
116800,1791190916800,56.631196,-4.648998,27.51,291,321,11,0.9,1424,28,54.3,13.9,14.15,1.01,0,motor,
117000,1791190917000,56.631201,-4.649021,26.51,291,321,11,0.9,1375,27,54.3,13.9,14.15,1.01,0,motor,
117200,1791190917200,56.631206,-4.649043,25.51,290.9,321,11,0.9,1324,26,54.4,14,14.15,1.01,0,motor,
117400,1791190917400,56.63121,-4.649064,24.5,290.9,321,11,0.9,1273,25,54.4,14,14.15,1.01,0,motor,
117600,1791190917600,56.631215,-4.649085,23.5,290.9,321,11,0.9,1221,23,54.5,14,14.15,1.01,0,motor,
117800,1791190917800,56.631219,-4.649104,22.49,290.8,321,11,0.9,1168,22,54.5,14,14.16,1.01,0,motor,
118000,1791190918000,56.631223,-4.649123,21.49,290.8,321,11,0.9,1114,21,54.5,14,14.16,1.01,0,motor,
118200,1791190918200,56.631226,-4.649141,20.49,290.8,321,11,0.9,1060,20,54.6,14.1,14.16,1.01,0,motor,
118400,1791190918400,56.63123,-4.649157,19.5,290.7,321,11,0.9,1006,20,54.6,14.1,14.16,1.01,0,motor,
118600,1791190918600,56.631233,-4.649174,18.52,290.7,321,11,0.9,953,19,54.7,14.1,14.16,1.01,0,motor,
118800,1791190918800,56.631236,-4.649189,17.55,290.7,321,11,0.9,902,18,54.7,14.1,14.16,1.01,0,motor,
119000,1791190919000,56.631239,-4.649203,16.58,290.6,321,11,0.9,852,17,54.7,14.2,14.01,1.01,0,motor,
119200,1791190919200,56.631242,-4.649217,15.63,290.6,321,11,0.9,1396,16,54.8,14.2,14.16,1.01,0,motor,
119400,1791190919400,56.631245,-4.64923,14.7,290.6,321,11,0.9,1314,15,54.8,14.2,14.16,1.01,0,motor,
119600,1791190919600,56.631247,-4.649242,13.78,290.6,321,11,0.9,1234,14,54.8,14.2,14.16,1.01,0,motor,
119800,1791190919800,56.63125,-4.649253,12.88,290.6,321,11,0.9,1156,13,54.9,14.2,14.16,1.01,0,motor,
120000,1791190920000,56.631252,-4.649264,12,290.5,321,11,0.9,1079,12,54.9,14.3,14.17,1.01,0,motor,
120200,1791190920200,56.631254,-4.649274,11.14,290.5,321,11,0.9,1003,11,55,14.3,14.17,1.01,0,motor,
120400,1791190920400,56.631256,-4.649283,10.3,290.5,321,11,0.9,929,10,55,14.3,14.17,1.01,0,motor,
120600,1791190920600,56.631258,-4.649291,9.49,290.5,321,11,0.9,856,9,55,14.3,14.02,1.01,0,motor,
120800,1791190920800,56.631259,-4.649299,8.7,290.5,321,11,0.9,784,9,55.1,14.3,14.02,1.01,0,motor,
121000,1791190921000,56.631261,-4.649306,7.94,290.5,321,11,0.9,1199,8,55.1,14.3,14.17,1.01,0,motor,
121200,1791190921200,56.631262,-4.649312,7.21,290.4,321,11,0.9,1156,7,55.2,14.4,14.17,1.01,0,motor,
121400,1791190921400,56.631263,-4.649318,6.5,290.4,321,11,0.9,1115,7,55.2,14.4,14.17,1.01,0,motor,
121600,1791190921600,56.631264,-4.649324,5.83,290.4,321,11,0.9,1076,6,55.2,14.4,14.17,1.01,0,motor,
121800,1791190921800,56.631265,-4.649328,5.19,290.4,321,11,0.9,1040,5,55.3,14.4,14.17,1.01,0,motor,
122000,1791190922000,56.631266,-4.649332,4.58,290.4,321,11,0.9,1006,5,55.3,14.4,14.17,1.01,0,motor,
122200,1791190922200,56.631267,-4.649336,4.01,290.4,321,11,0.9,976,4,55.3,14.4,14.17,1.01,0,motor,
122400,1791190922400,56.631267,-4.649339,3.47,290.4,321,11,0.9,948,3,55.4,14.5,14.17,1.01,0,motor,
122600,1791190922600,56.631268,-4.649342,2.97,290.4,321,11,0.9,922,3,55.4,14.5,14.17,1.01,0,motor,
122800,1791190922800,56.631268,-4.649344,2.5,290.4,321,11,0.9,899,3,55.5,14.5,14.02,1.01,0,motor,
123000,1791190923000,56.631269,-4.649346,2.07,290.4,321,11,0.9,878,2,55.5,14.5,14.02,1.01,0,motor,
123200,1791190923200,56.631269,-4.649348,1.69,290.4,321,11,0.9,858,2,55.5,14.5,14.02,1.01,0,motor,
123400,1791190923400,56.631269,-4.649349,1.33,290.4,321,11,0.9,839,1,55.6,14.5,14.02,1.01,0,motor,
123600,1791190923600,56.63127,-4.64935,1.02,290.4,321,11,0.9,822,1,55.6,14.5,14.02,1.01,0,motor,
123800,1791190923800,56.63127,-4.649351,0.75,290.4,321,11,0.9,806,1,55.7,14.5,14.02,1.01,0,motor,
124000,1791190924000,56.63127,-4.649351,0.52,290.4,321,11,0.9,791,1,55.7,14.5,14.02,1.01,6.1,motor,
124200,1791190924200,56.63127,-4.649352,0.34,290.4,321,11,0.9,778,0,55.7,14.5,14.02,1.01,6.1,motor,
124400,1791190924400,56.63127,-4.649352,0.19,290.4,321,11,0.9,768,0,55.8,14.5,14.02,1.01,6,motor,
124600,1791190924600,56.63127,-4.649352,0.08,290.4,321,11,0.9,760,0,55.8,14.5,14.02,1.01,6,motor,
124800,1791190924800,56.63127,-4.649352,0.02,290.4,321,11,0.9,755,0,55.8,14.5,14.02,1.01,6,motor,
125000,1791190925000,56.63127,-4.649352,0,290.4,321,11,0.9,754,0,55.9,14.5,14.02,1.01,6,motor,
125200,1791190925200,56.63127,-4.649352,0,290.4,321,11,0.9,755,0,55.9,14.6,14.02,1.01,6,motor,
125400,1791190925400,56.63127,-4.649352,0,290.4,321,11,0.9,757,0,56,14.6,14.01,1.01,6,motor,
125600,1791190925600,56.63127,-4.649352,0,290.4,321,11,0.9,759,0,56,14.6,14.01,1.01,6,motor,
125800,1791190925800,56.63127,-4.649352,0,290.4,321,11,0.9,762,0,56,14.6,14.01,1.01,6,motor,
126000,1791190926000,56.63127,-4.649352,0,290.4,321,11,0.9,764,0,56.1,14.6,14.01,1.01,6,motor,
126200,1791190926200,56.63127,-4.649352,0,290.4,321,11,0.9,765,0,56.1,14.6,14.01,1.01,6,motor,
126400,1791190926400,56.63127,-4.649352,0,290.4,321,11,0.9,766,0,56.1,14.6,14.01,1.01,6,motor,
126600,1791190926600,56.63127,-4.649352,0,290.4,321,11,0.9,766,0,56.2,14.6,14.01,1.01,6,motor,
126800,1791190926800,56.63127,-4.649352,0,290.4,321,11,0.9,764,0,56.2,14.6,14.01,1.01,6,motor,
127000,1791190927000,56.63127,-4.649352,0,290.4,321,11,0.9,762,0,56.3,14.6,14.01,1.01,6,motor,
127200,1791190927200,56.63127,-4.649352,0,290.4,321,11,0.9,759,0,56.3,14.6,14.01,1.01,6,motor,
127400,1791190927400,56.63127,-4.649352,0,290.4,321,11,0.9,757,0,56.3,14.6,14,1.01,6,motor,
127600,1791190927600,56.63127,-4.649352,0,290.4,321,11,0.9,755,0,56.4,14.6,14,1.01,6,motor,
127800,1791190927800,56.63127,-4.649352,0,290.4,321,11,0.9,754,0,56.4,14.6,14,1.01,6,motor,
128000,1791190928000,56.63127,-4.649352,0,290.4,321,11,0.9,754,0,56.4,14.6,14,1.01,6,motor,
128200,1791190928200,56.63127,-4.649352,0,290.4,321,11,0.9,755,0,56.5,14.6,14,1.01,6,motor,
128400,1791190928400,56.63127,-4.649352,0,290.4,321,11,0.9,757,0,56.5,14.6,14,1.01,6,motor,
128600,1791190928600,56.63127,-4.649352,0,290.4,321,11,0.9,759,0,56.6,14.6,14,1.01,6,motor,
128800,1791190928800,56.63127,-4.649352,0,290.4,321,11,0.9,762,0,56.6,14.6,14,1.01,6,motor,
129000,1791190929000,56.63127,-4.649352,0,290.4,321,11,0.9,764,0,56.6,14.6,13.99,1.01,6,motor,
129200,1791190929200,56.63127,-4.649352,0,290.4,321,11,0.9,765,0,56.7,14.6,13.99,1.01,6,motor,
129400,1791190929400,56.63127,-4.649352,0,290.4,321,11,0.9,766,0,56.7,14.6,13.99,1.01,6,motor,
129600,1791190929600,56.63127,-4.649352,0,290.4,321,11,0.9,765,0,56.7,14.6,13.99,1.01,6,motor,
129800,1791190929800,56.63127,-4.649352,0,290.4,321,11,0.9,764,0,56.8,14.6,13.99,1.01,6,motor,
130000,1791190930000,56.63127,-4.649352,0,290.4,321,11,0.9,762,0,56.8,14.6,13.99,1.01,6,motor,
130200,1791190930200,56.63127,-4.649352,0,290.4,321,11,0.9,759,0,56.9,14.6,13.98,1.01,6,motor,
130400,1791190930400,56.63127,-4.649352,0,290.4,321,11,0.9,757,0,56.9,14.6,13.98,1.01,6,motor,
130600,1791190930600,56.63127,-4.649352,0,290.4,321,11,0.9,755,0,56.9,14.6,13.98,1.01,6,motor,
130800,1791190930800,56.63127,-4.649352,0,290.4,321,11,0.9,754,0,57,14.6,13.98,1.01,6,motor,
131000,1791190931000,56.63127,-4.649352,0,290.4,321,11,0.9,754,0,57,14.6,13.98,1.01,6,motor,
131200,1791190931200,56.63127,-4.649352,0,290.4,321,11,0.9,755,0,57,14.6,13.98,1.01,6,motor,
131400,1791190931400,56.63127,-4.649352,0,290.4,321,11,0.9,757,0,57.1,14.6,13.97,1.01,6,motor,
131600,1791190931600,56.63127,-4.649352,0,290.4,321,11,0.9,759,0,57.1,14.6,13.97,1.01,6,motor,
131800,1791190931800,56.63127,-4.649352,0,290.4,321,11,0.9,762,0,57.1,14.6,13.97,1.01,6,motor,
132000,1791190932000,56.63127,-4.649352,0,290.4,321,11,0.9,764,0,57.2,14.6,13.97,1.01,6,motor,
132200,1791190932200,56.63127,-4.649352,0,290.4,321,11,0.9,766,0,57.2,14.6,13.97,1.01,6,motor,
132400,1791190932400,56.63127,-4.649352,0,290.4,321,11,0.9,766,0,57.3,14.6,13.97,1.01,6,motor,
132600,1791190932600,56.63127,-4.649352,0,290.4,321,11,0.9,765,0,57.3,14.6,13.96,1.01,6,motor,
132800,1791190932800,56.63127,-4.649352,0,290.4,321,11,0.9,764,0,57.3,14.6,13.96,1.01,6,motor,
133000,1791190933000,56.63127,-4.649352,0,290.4,321,11,0.9,762,0,57.4,14.6,13.96,1.01,6,motor,
133200,1791190933200,56.63127,-4.649352,0,290.4,321,11,0.9,759,0,57.4,14.6,13.96,1.01,6,motor,
133400,1791190933400,56.63127,-4.649352,0,290.4,321,11,0.9,757,0,57.4,14.6,13.96,1.01,6,motor,
133600,1791190933600,56.63127,-4.649352,0,290.4,321,11,0.9,755,0,57.5,14.6,13.96,1.01,6,motor,
133800,1791190933800,56.63127,-4.649352,0,290.4,321,11,0.9,754,0,57.5,14.6,13.95,1.01,6,motor,
134000,1791190934000,56.63127,-4.649352,0,290.4,321,11,0.9,754,0,57.5,14.6,13.95,1.01,6,motor,
134200,1791190934200,56.63127,-4.649352,0,290.4,321,11,0.9,755,0,57.6,14.6,13.95,1.01,6,motor,
134400,1791190934400,56.63127,-4.649352,0,290.4,321,11,0.9,757,0,57.6,14.6,13.95,1.01,6,motor,
134600,1791190934600,56.63127,-4.649352,0,290.4,321,11,0.9,760,0,57.6,14.7,13.95,1.01,6,motor,
134800,1791190934800,56.63127,-4.649352,0,290.4,321,11,0.9,762,0,57.7,14.7,13.95,1.01,6,motor,
135000,1791190935000,56.63127,-4.649352,0,290.4,321,11,0.9,764,0,57.7,14.7,13.95,1.01,6,motor,
135200,1791190935200,56.63127,-4.649352,0,290.4,321,11,0.9,766,0,57.8,14.7,13.94,1.01,6,motor,
135400,1791190935400,56.63127,-4.649352,0,290.4,321,11,0.9,766,0,57.8,14.7,13.94,1.01,6,motor,
135600,1791190935600,56.63127,-4.649352,0,290.4,321,11,0.9,765,0,57.8,14.7,13.94,1.01,6,motor,
135800,1791190935800,56.63127,-4.649352,0,290.4,321,11,0.9,764,0,57.9,14.7,13.94,1.01,6,motor,
136000,1791190936000,56.63127,-4.649352,0,290.4,321,11,0.9,762,0,57.9,14.7,13.94,1.01,6,motor,
136200,1791190936200,56.63127,-4.649352,0,290.4,321,11,0.9,759,0,57.9,14.7,13.94,1.01,6,motor,
136400,1791190936400,56.63127,-4.649352,0,290.4,321,11,0.9,757,0,58,14.7,13.94,1.01,6,motor,
136600,1791190936600,56.63127,-4.649352,0,290.4,321,11,0.9,755,0,58,14.7,13.93,1.01,6,motor,
136800,1791190936800,56.63127,-4.649352,0,290.4,321,11,0.9,754,0,58,14.7,13.93,1.01,6,motor,
137000,1791190937000,56.63127,-4.649352,0,290.4,321,11,0.9,754,0,58.1,14.7,13.93,1.01,6,motor,
137200,1791190937200,56.63127,-4.649352,0,290.4,321,11,0.9,755,0,58.1,14.7,13.93,1.01,6,motor,
137400,1791190937400,56.63127,-4.649352,0,290.4,321,11,0.9,757,0,58.1,14.7,13.93,1.01,6,motor,
137600,1791190937600,56.63127,-4.649352,0,290.4,321,11,0.9,760,0,58.2,14.7,13.93,1.01,6,motor,
137800,1791190937800,56.63127,-4.649352,0,290.4,321,11,0.9,762,0,58.2,14.7,13.93,1.01,6,motor,
138000,1791190938000,56.63127,-4.649352,0,290.4,321,11,0.9,764,0,58.2,14.7,13.93,1.01,6,motor,
138200,1791190938200,56.63127,-4.649352,0,290.4,321,11,0.9,766,0,58.3,14.7,13.93,1.01,6,motor,
138400,1791190938400,56.63127,-4.649352,0,290.4,321,11,0.9,766,0,58.3,14.7,13.93,1.01,6,motor,
138600,1791190938600,56.63127,-4.649352,0,290.4,321,11,0.9,765,0,58.4,14.7,13.93,1.01,6,motor,
138800,1791190938800,56.63127,-4.649352,0,290.4,321,11,0.9,764,0,58.4,14.7,13.92,1.01,6,motor,
139000,1791190939000,56.63127,-4.649352,0,290.4,321,11,0.9,762,0,58.4,14.7,13.92,1.01,6,motor,
139200,1791190939200,56.63127,-4.649352,0,290.4,321,11,0.9,759,0,58.5,14.7,13.92,1.01,6,motor,
139400,1791190939400,56.63127,-4.649352,0,290.4,321,11,0.9,757,0,58.5,14.7,13.92,1.01,6,motor,
139600,1791190939600,56.63127,-4.649352,0,290.4,321,11,0.9,755,0,58.5,14.7,13.92,1.01,6,motor,
139800,1791190939800,56.63127,-4.649352,0,290.4,321,11,0.9,754,0,58.6,14.7,13.92,1.01,6,motor,
140000,1791190940000,56.63127,-4.649352,0,290.4,321,11,0.9,754,0,58.6,14.7,13.92,1.01,6,motor,
140200,1791190940200,56.63127,-4.649352,0,290.4,321,11,0.9,755,0,58.6,14.7,13.92,1.01,6,motor,
140400,1791190940400,56.63127,-4.649352,0,290.4,321,11,0.9,757,0,58.7,14.7,13.92,1.01,6,motor,
140600,1791190940600,56.63127,-4.649352,0,290.4,321,11,0.9,760,0,58.7,14.7,13.92,1.01,6,motor,
140800,1791190940800,56.63127,-4.649352,0,290.4,321,11,0.9,762,0,58.7,14.7,13.92,1.01,6,motor,
141000,1791190941000,56.63127,-4.649352,0,290.4,321,11,0.9,764,0,58.8,14.7,13.92,1.01,6,motor,
141200,1791190941200,56.63127,-4.649352,0,290.4,321,11,0.9,766,0,58.8,14.7,13.92,1.01,6,motor,
141400,1791190941400,56.63127,-4.649352,0,290.4,321,11,0.9,766,0,58.8,14.7,13.92,1.01,6,motor,
141600,1791190941600,56.63127,-4.649352,0,290.4,321,11,0.9,765,0,58.9,14.7,13.92,1.01,6,motor,
141800,1791190941800,56.63127,-4.649352,0,290.4,321,11,0.9,764,0,58.9,14.7,13.92,1.01,6,motor,
142000,1791190942000,56.63127,-4.649352,0,290.4,321,11,0.9,761,0,58.9,14.7,13.92,1.01,6,motor,
142200,1791190942200,56.63127,-4.649352,0,290.4,321,11,0.9,759,0,59,14.7,13.92,1.01,6,motor,
142400,1791190942400,56.63127,-4.649352,0,290.4,321,11,0.9,757,0,59,14.7,13.92,1.01,6,motor,
142600,1791190942600,56.63127,-4.649352,0,290.4,321,11,0.9,755,0,59,14.7,13.92,1.01,6,motor,
142800,1791190942800,56.63127,-4.649352,0,290.4,321,11,0.9,754,0,59.1,14.7,13.92,1.01,6,motor,
143000,1791190943000,56.63127,-4.649352,0,290.4,321,11,0.9,754,0,59.1,14.7,13.92,1.01,6,motor,
143200,1791190943200,56.63127,-4.649352,0,290.4,321,11,0.9,755,0,59.1,14.7,13.92,1.01,6,motor,
143400,1791190943400,56.63127,-4.649352,0,290.4,321,11,0.9,757,0,59.2,14.7,13.92,1.01,6,motor,
143600,1791190943600,56.63127,-4.649352,0,290.4,321,11,0.9,760,0,59.2,14.7,13.92,1.01,6,motor,
143800,1791190943800,56.63127,-4.649352,0,290.4,321,11,0.9,762,0,59.2,14.7,13.92,1.01,6,motor,
144000,1791190944000,56.63127,-4.649352,0,290.4,321,11,0.9,764,0,59.3,14.8,13.92,1.01,6,motor,
144200,1791190944200,56.63127,-4.649352,0,290.4,321,11,0.9,766,0,59.3,14.8,13.93,1.01,6,motor,
144400,1791190944400,56.63127,-4.649352,0,290.4,321,11,0.9,766,0,59.3,14.8,13.93,1.01,6,motor,
144600,1791190944600,56.63127,-4.649352,0,290.4,321,11,0.9,765,0,59.4,14.8,13.93,1.01,6,motor,
144800,1791190944800,56.63127,-4.649352,0,290.4,321,11,0.9,764,0,59.4,14.8,13.93,1.01,6.2,motor,
145000,1791190945000,56.63127,-4.649352,0,290.4,321,11,0.9,763,0,59.4,14.8,13.93,1.01,6.6,motor,
145200,1791190945200,56.63127,-4.649352,0.01,290.4,321,11,0.9,763,0,59.5,14.8,13.93,1.01,7.2,motor,
145400,1791190945400,56.63127,-4.649352,0.04,290.4,321,11,0.9,765,0,59.5,14.8,13.93,1.01,8.1,motor,
145600,1791190945600,56.63127,-4.649352,0.09,290.4,321,11,0.9,769,0,59.5,14.8,13.93,1.01,9.1,motor,
145800,1791190945800,56.63127,-4.649352,0.15,290.4,321,11,0.9,775,0,59.6,14.8,13.93,1.01,10.1,motor,
146000,1791190946000,56.63127,-4.649352,0.24,290.4,321,11,0.9,784,0,59.6,14.8,13.93,1.01,11.1,motor,
146200,1791190946200,56.63127,-4.649353,0.35,290.4,321,11,0.9,794,0,59.6,14.8,13.94,1.01,12.2,motor,
146400,1791190946400,56.63127,-4.649353,0.47,290.4,321,11,0.9,806,0,59.7,14.8,13.94,1.01,13.2,motor,
146600,1791190946600,56.63127,-4.649354,0.62,290.4,321,11,0.9,819,1,59.7,14.8,13.94,1.01,14.2,motor,
146800,1791190946800,56.63127,-4.649354,0.78,290.4,321,11,0.9,834,1,59.7,14.8,13.94,1.01,15.3,motor,
147000,1791190947000,56.631271,-4.649355,0.96,290.4,321,11,0.9,849,1,59.8,14.8,13.94,1.01,16.3,motor,
147200,1791190947200,56.631271,-4.649356,1.16,290.4,321,11,0.9,865,1,59.8,14.8,13.94,1.01,17.4,motor,
147400,1791190947400,56.631271,-4.649357,1.38,290.4,321,11,0.9,880,1,59.8,14.8,13.94,1.01,18.4,motor,
147600,1791190947600,56.631271,-4.649358,1.62,290.4,321,11,0.9,896,2,59.9,14.8,13.94,1.01,19.4,motor,
147800,1791190947800,56.631272,-4.64936,1.88,290.4,321,11,0.9,911,2,59.9,14.8,14.1,1.014,20.5,motor,
148000,1791190948000,56.631272,-4.649361,2.15,290.4,321,11,0.9,927,2,59.9,14.8,14.1,1.022,21.5,motor,
148200,1791190948200,56.631272,-4.649363,2.45,290.3,321,11,0.9,944,2,60,14.7,14.1,1.03,22.5,motor,
148400,1791190948400,56.631273,-4.649365,2.76,290.3,321,11,0.9,962,3,60,14.7,14.1,1.04,23.6,motor,
148600,1791190948600,56.631273,-4.649368,3.09,290.3,321,11,0.9,981,3,60,14.7,14.1,1.051,24.6,motor,
148800,1791190948800,56.631274,-4.649371,3.44,290.3,321,11,0.9,1003,3,60.1,14.7,14.1,1.065,25.6,motor,
149000,1791190949000,56.631275,-4.649374,3.8,290.3,321,11,0.9,1026,4,60.1,14.7,14.11,1.08,26.6,motor,
149200,1791190949200,56.631275,-4.649377,4.19,290.3,321,11,0.9,1051,4,60.1,14.7,14.11,1.098,27.6,motor,
149400,1791190949400,56.631276,-4.649381,4.59,290.3,321,11,0.9,1078,5,60.2,14.7,14.11,1.119,28.6,motor,
149600,1791190949600,56.631277,-4.649385,5.01,290.3,321,11,0.9,1107,5,60.2,14.7,14.11,1.141,29.6,motor,
149800,1791190949800,56.631278,-4.649389,5.44,290.3,321,11,0.9,1136,5,60.2,14.7,14.11,1.166,30.6,motor,
150000,1791190950000,56.631279,-4.649394,5.89,290.3,321,11,0.9,1165,6,60.3,14.7,14.11,1.192,31.6,motor,
150200,1791190950200,56.63128,-4.649399,6.36,290.3,321,11,0.9,1195,6,60.3,14.7,14.12,1.22,32.6,motor,
150400,1791190950400,56.631281,-4.649405,6.85,290.3,321,11,0.9,1225,7,60.3,14.7,14.12,1.249,33.6,motor,
150600,1791190950600,56.631282,-4.649411,7.35,290.3,321,11,0.9,1254,7,60.4,14.7,14.12,1.28,34.5,motor,
150800,1791190950800,56.631283,-4.649418,7.87,290.2,321,11,0.9,1284,8,60.4,14.7,14.12,1.312,35.5,motor,
151000,1791190951000,56.631285,-4.649425,8.4,290.2,321,11,0.9,761,8,60.4,14.7,13.97,1.01,36.4,motor,
151200,1791190951200,56.631286,-4.649432,8.95,290.2,321,11,0.9,801,9,60.5,14.6,13.97,1.01,37.4,motor,
151400,1791190951400,56.631288,-4.64944,9.52,290.2,321,11,0.9,849,10,60.5,14.6,13.98,1.01,38.3,motor,
151600,1791190951600,56.63129,-4.649448,10.1,290.2,321,11,0.9,899,10,60.5,14.6,13.98,1.01,39.2,motor,
151800,1791190951800,56.631291,-4.649457,10.69,290.2,321,11,0.9,952,11,60.6,14.6,14.13,1.057,40.1,motor,
152000,1791190952000,56.631293,-4.649466,11.3,290.2,321.1,11,0.9,1007,11,60.6,14.6,14.13,1.109,41,motor,
152200,1791190952200,56.631295,-4.649476,11.93,290.1,321.1,11,0.9,1064,12,60.6,14.6,14.13,1.165,41.9,motor,
152400,1791190952400,56.631297,-4.649487,12.56,290.1,321.1,11,0.9,1123,13,60.7,14.6,14.13,1.226,42.8,motor,
152600,1791190952600,56.6313,-4.649498,13.21,290.1,321.1,11,0.9,1184,13,60.7,14.6,14.13,1.291,43.6,motor,
152800,1791190952800,56.631302,-4.649509,13.88,290.1,321.1,11,0.9,1246,14,60.7,14.6,14.14,1.359,44.5,motor,
153000,1791190953000,56.631304,-4.649521,14.56,290.1,321.1,11,0.9,1309,15,60.8,14.6,14.14,1.431,45.3,motor,
153200,1791190953200,56.631307,-4.649534,15.25,290,321.1,11,0.9,1372,15,60.8,14.5,14.14,1.505,46.2,motor,
153400,1791190953400,56.63131,-4.649547,15.95,290,321.1,11,0.9,1435,16,60.8,14.5,14.14,1.582,47,motor,
153600,1791190953600,56.631312,-4.649561,16.67,290,321.1,11,0.9,867,17,60.9,14.5,13.99,1.01,47.8,motor,
153800,1791190953800,56.631315,-4.649576,17.4,290,321.1,11,0.9,903,17,60.9,14.5,14.14,1.013,48.6,motor,
154000,1791190954000,56.631318,-4.649591,18.14,289.9,321.1,11,0.9,939,18,60.9,14.5,14.15,1.054,49.3,motor,
154200,1791190954200,56.631322,-4.649607,18.89,289.9,321.1,11,0.9,975,19,61,14.5,14.15,1.096,50.1,motor,
154400,1791190954400,56.631325,-4.649623,19.65,289.9,321.1,11,0.9,1013,20,61,14.5,14.15,1.141,50.8,motor,
154600,1791190954600,56.631328,-4.64964,20.42,289.8,321.1,11,0.9,1051,20,61,14.5,14.15,1.188,51.5,motor,
154800,1791190954800,56.631332,-4.649658,21.21,289.8,321.1,11,0.9,1091,21,61,14.4,14.15,1.238,52.2,motor,
155000,1791190955000,56.631335,-4.649676,22,289.8,321.1,11,0.9,1132,22,61.1,14.4,14.15,1.291,52.9,motor,
155200,1791190955200,56.631339,-4.649695,22.8,289.7,321.1,11,0.9,1175,23,61.1,14.4,14.15,1.347,53.6,motor,
155400,1791190955400,56.631343,-4.649715,23.61,289.7,321.1,11,0.9,1219,24,61.1,14.4,14.15,1.406,54.3,motor,
155600,1791190955600,56.631347,-4.649736,24.44,289.7,321.1,11,0.9,1264,24,61.2,14.4,14.16,1.468,54.9,motor,
155800,1791190955800,56.631351,-4.649757,25.27,289.6,321.1,11,0.9,1309,25,61.2,14.4,14.16,1.531,55.5,motor,
156000,1791190956000,56.631356,-4.649779,26.1,289.6,321.1,11,0.9,1355,26,61.2,14.4,14.16,1.595,56.2,motor,
156200,1791190956200,56.63136,-4.649802,26.95,289.6,321.1,11,0.9,1399,27,61.3,14.3,14.16,1.659,56.7,motor,
156400,1791190956400,56.631365,-4.649825,27.8,289.5,321.1,11,0.9,1444,28,61.3,14.3,14.16,1.724,57.3,motor,
156600,1791190956600,56.631369,-4.649849,28.66,289.5,321.1,11,0.9,1487,29,61.3,14.3,14.16,1.788,57.9,motor,
156800,1791190956800,56.631374,-4.649874,29.53,289.4,321.1,11,0.9,1530,30,61.4,14.3,14.16,1.853,58.4,motor,
157000,1791190957000,56.631379,-4.6499,30.4,289.4,321.1,11,0.9,1034,30,61.4,14.3,14.16,1.191,58.9,motor,
157200,1791190957200,56.631384,-4.649926,31.28,289.3,321.1,11,0.9,1062,31,61.4,14.3,14.16,1.23,59.4,motor,
157400,1791190957400,56.63139,-4.649953,32.17,289.3,321.1,11,0.9,1090,32,61.5,14.2,14.16,1.27,59.9,motor,
157600,1791190957600,56.631395,-4.649981,33.06,289.2,321.1,11,0.9,1118,33,61.5,14.2,14.17,1.312,60.4,motor,
157800,1791190957800,56.6314,-4.65001,33.95,289.2,321.1,11,0.9,1148,34,61.5,14.2,14.17,1.355,60.8,motor,
158000,1791190958000,56.631406,-4.650039,34.85,289.1,321.1,11,0.9,1179,35,61.5,14.2,14.17,1.401,61.2,motor,
158200,1791190958200,56.631412,-4.65007,35.76,289.1,321.1,11,0.9,1211,36,61.6,14.2,14.17,1.449,61.6,motor,
158400,1791190958400,56.631418,-4.650101,36.66,289,321.1,11,0.9,1244,37,61.6,14.2,14.17,1.498,62,motor,
158600,1791190958600,56.631424,-4.650132,37.57,289,321.1,11,0.9,1277,38,61.6,14.2,14.17,1.548,62.4,motor,
158800,1791190958800,56.63143,-4.650165,38.49,288.9,321.2,11,0.9,1311,38,61.7,14.1,14.17,1.599,62.7,motor,
159000,1791190959000,56.631436,-4.650198,39.4,288.9,321.2,11,0.7,1344,39,61.7,14.1,14.17,1.649,63,motor,
159200,1791190959200,56.631443,-4.650233,40.32,288.8,321.2,11,0.7,1376,40,61.7,14.1,14.17,1.699,63.3,motor,
159400,1791190959400,56.631449,-4.650268,41.24,288.8,321.2,11,0.7,1408,41,61.8,14.1,14.17,1.747,63.6,motor,
159600,1791190959600,56.631456,-4.650304,42.16,288.7,321.2,11,0.7,1438,42,61.8,14.1,14.17,1.794,63.8,motor,
159800,1791190959800,56.631463,-4.65034,43.08,288.6,321.2,11,0.7,1468,43,61.8,14.1,14.17,1.84,64.1,motor,
160000,1791190960000,56.63147,-4.650378,44,288.6,321.2,11,0.7,1497,44,61.9,14,14.17,1.885,64.3,motor,
160200,1791190960200,56.631477,-4.650416,44.92,288.5,321.2,11,0.7,1525,45,61.9,14,14.17,1.929,64.5,motor,
160400,1791190960400,56.631484,-4.650455,45.84,288.5,321.2,11,0.7,1554,46,61.9,14,14.17,1.974,64.7,motor,
160600,1791190960600,56.631491,-4.650495,46.76,288.4,321.2,11,0.7,1584,47,62,14,14.17,2.02,64.8,motor,
160800,1791190960800,56.631499,-4.650535,47.68,288.3,321.2,11,0.7,1615,48,62,14,14.17,2.045,64.9,motor,
161000,1791190961000,56.631506,-4.650577,48.6,288.3,321.2,11,0.7,1174,49,62,14,14.17,1.416,65,motor,
161200,1791190961200,56.631514,-4.650619,49.51,288.2,321.2,11,0.7,1198,50,62,13.9,14.17,1.451,65.1,motor,
161400,1791190961400,56.631522,-4.650662,50.43,288.1,321.2,11,0.7,1222,50,62.1,13.9,14.17,1.488,65.2,motor,
161600,1791190961600,56.63153,-4.650706,51.34,288,321.2,11,0.7,1247,51,62.1,13.9,14.17,1.524,65.2,motor,
161800,1791190961800,56.631538,-4.650751,52.24,288,321.2,11,0.7,1271,52,62.1,13.9,14.17,1.56,65.2,motor,
162000,1791190962000,56.631546,-4.650796,53.15,287.9,321.2,11,0.7,1295,53,62.2,13.9,14.17,1.595,65.2,motor,
162200,1791190962200,56.631554,-4.650842,54.05,287.8,321.2,11,0.7,1318,54,62.2,13.9,14.17,1.628,65.2,motor,
162400,1791190962400,56.631562,-4.650889,54.94,287.8,321.2,11,0.7,1340,55,62.2,13.8,14.17,1.66,65.2,motor,
162600,1791190962600,56.631571,-4.650937,55.83,287.7,321.2,11,0.7,1361,56,62.3,13.8,14.17,1.689,65.1,motor,
162800,1791190962800,56.631579,-4.650986,56.72,287.6,321.2,11,0.7,1380,57,62.3,13.8,14.17,1.716,65,motor,
163000,1791190963000,56.631588,-4.651035,57.6,287.5,321.2,11,0.7,1399,58,62.3,13.8,14.16,1.743,64.9,motor,
163200,1791190963200,56.631597,-4.651086,58.47,287.5,321.2,11,0.7,1418,58,62.3,13.8,14.16,1.768,64.8,motor,
163400,1791190963400,56.631605,-4.651137,59.34,287.4,321.3,11,0.7,1437,59,62.4,13.8,14.16,1.793,64.6,motor,
163600,1791190963600,56.631614,-4.651188,60.2,287.3,321.3,11,0.7,1456,60,62.4,13.7,14.16,1.818,64.4,motor,
163800,1791190963800,56.631623,-4.651241,61.05,287.2,321.3,11,0.7,1476,61,62.4,13.7,14.16,1.844,64.2,motor,
164000,1791190964000,56.631632,-4.651294,61.9,287.1,321.3,11,0.7,1497,62,62.5,13.7,14.16,1.871,64,motor,
164200,1791190964200,56.631641,-4.651348,62.73,287.1,321.3,11,0.7,1519,63,62.5,13.7,14.16,1.898,63.8,motor,
164400,1791190964400,56.631651,-4.651403,63.56,287,321.3,11,0.7,1541,64,62.5,13.7,14.16,1.925,63.5,motor,
164600,1791190964600,56.63166,-4.651458,64.39,286.9,321.3,11,0.7,1564,64,62.6,13.7,14.16,1.952,63.2,motor,
164800,1791190964800,56.631669,-4.651515,65.2,286.8,321.3,11,0.7,1586,65,62.6,13.7,14.16,1.978,62.9,motor,
165000,1791190965000,56.631679,-4.651572,66,286.7,321.3,11,0.7,1607,66,62.6,13.6,14.15,1.992,62.6,motor,
165200,1791190965200,56.631688,-4.651629,66.79,286.6,321.3,11,0.7,1255,67,62.6,13.6,14.15,1.504,62.3,motor,
165400,1791190965400,56.631698,-4.651688,67.58,286.6,321.3,11,0.7,1269,68,62.7,13.6,14.15,1.521,61.9,motor,
165600,1791190965600,56.631708,-4.651747,68.35,286.5,321.3,11,0.7,1283,68,62.7,13.6,14.15,1.535,61.5,motor,
165800,1791190965800,56.631717,-4.651807,69.11,286.4,321.3,11,0.7,1295,69,62.7,13.6,14.15,1.548,61.1,motor,
166000,1791190966000,56.631727,-4.651867,69.86,286.3,321.3,11,0.7,1307,70,62.8,13.6,14.15,1.559,60.7,motor,
166200,1791190966200,56.631737,-4.651928,70.6,286.2,321.3,11,0.7,1318,71,62.8,13.6,14.15,1.569,60.3,motor,
166400,1791190966400,56.631747,-4.65199,71.33,286.1,321.3,11,0.7,1330,71,62.8,13.6,14.15,1.579,59.8,motor,
166600,1791190966600,56.631757,-4.652053,72.05,286,321.3,11,0.7,1341,72,62.9,13.5,14.14,1.589,59.3,motor,
166800,1791190966800,56.631767,-4.652116,72.75,285.9,321.3,11,0.7,1354,73,62.9,13.5,14.14,1.6,58.8,motor,
167000,1791190967000,56.631777,-4.652179,73.44,285.9,321.3,11,0.7,1368,73,62.9,13.5,14.14,1.611,58.3,motor,
167200,1791190967200,56.631787,-4.652244,74.12,285.8,321.3,11,0.7,1382,74,62.9,13.5,14.14,1.622,57.7,motor,
167400,1791190967400,56.631797,-4.652309,74.79,285.7,321.3,11,0.7,1396,75,63,13.5,14.14,1.633,57.2,motor,
167600,1791190967600,56.631807,-4.652374,75.44,285.6,321.3,11,0.7,1411,75,63,13.5,14.14,1.644,56.6,motor,
167800,1791190967800,56.631817,-4.652441,76.07,285.5,321.3,11,0.7,1425,76,63,13.5,14.14,1.653,56,motor,
168000,1791190968000,56.631827,-4.652507,76.7,285.4,321.3,11,0.7,1439,77,63.1,13.5,14.13,1.661,55.4,motor,
168200,1791190968200,56.631837,-4.652575,77.31,285.3,321.3,11,0.7,1451,77,63.1,13.5,14.13,1.666,54.8,motor,
168400,1791190968400,56.631848,-4.652643,77.9,285.2,321.3,11,0.7,1462,78,63.1,13.4,14.13,1.67,54.1,motor,
168600,1791190968600,56.631858,-4.652711,78.48,285.1,321.3,11,0.7,1472,78,63.1,13.4,14.13,1.671,53.5,motor,
168800,1791190968800,56.631868,-4.65278,79.05,285,321.3,11,0.7,1481,79,63.2,13.4,14.13,1.671,52.8,motor,
169000,1791190969000,56.631878,-4.65285,79.6,285,321.3,11,0.7,1489,80,63.2,13.4,14.13,1.668,52.1,motor,
169200,1791190969200,56.631889,-4.65292,80.13,284.9,321.3,11,0.7,1496,80,63.2,13.4,14.12,1.665,51.4,motor,
169400,1791190969400,56.631899,-4.65299,80.65,284.8,321.3,11,0.7,1504,81,63.3,13.4,14.12,1.662,50.6,motor,
169600,1791190969600,56.631909,-4.653061,81.15,284.7,321.3,11,0.7,1512,81,63.3,13.4,14.12,1.658,49.9,motor,
169800,1791190969800,56.631919,-4.653132,81.64,284.6,321.3,11,0.7,1520,82,63.3,13.4,14.12,1.655,49.1,motor,
170000,1791190970000,56.63193,-4.653204,82.11,284.5,321.3,11,0.7,1530,82,63.4,13.4,14.12,1.651,48.4,motor,
170200,1791190970200,56.63194,-4.653277,82.56,284.4,321.3,11,0.7,1539,83,63.4,13.4,14.12,1.648,47.6,motor,
170400,1791190970400,56.63195,-4.653349,82.99,284.3,321.3,11,0.7,1550,83,63.4,13.4,14.11,1.644,46.8,motor,
170600,1791190970600,56.631961,-4.653423,83.41,284.2,321.3,11,0.7,1560,83,63.4,13.4,14.11,1.639,46,motor,
170800,1791190970800,56.631971,-4.653496,83.81,284.1,321.3,11,0.7,1570,84,63.5,13.3,14.11,1.633,45.1,motor,
171000,1791190971000,56.631981,-4.65357,84.2,284,321.3,11,0.7,1579,84,63.5,13.3,14.11,1.626,44.3,motor,
171200,1791190971200,56.631991,-4.653644,84.56,284,321.3,11,0.7,1587,85,63.5,13.3,14.11,1.617,43.4,motor,
171400,1791190971400,56.632001,-4.653719,84.91,283.9,321.3,11,0.7,1593,85,63.6,13.3,14.11,1.607,42.6,motor,
171600,1791190971600,56.632012,-4.653794,85.24,283.8,321.3,11,0.7,1598,85,63.6,13.3,14.1,1.594,41.7,motor,
171800,1791190971800,56.632022,-4.653869,85.55,283.7,321.3,11,0.7,1602,86,63.6,13.3,14.1,1.579,40.8,motor,
172000,1791190972000,56.632032,-4.653945,85.85,283.6,321.3,11,0.7,1605,86,63.6,13.3,14.1,1.561,39.9,motor,
172200,1791190972200,56.632042,-4.65402,86.12,283.5,321.3,11,0.7,1608,86,63.7,13.3,14.1,1.544,39,motor,
172400,1791190972400,56.632052,-4.654096,86.38,283.4,321.3,11,0.7,1611,86,63.7,13.3,14.1,1.526,38.1,motor,
172600,1791190972600,56.632062,-4.654173,86.62,283.3,321.3,11,0.7,1614,87,63.7,13.3,14.1,1.508,37.1,motor,
172800,1791190972800,56.632072,-4.654249,86.84,283.2,321.3,11,0.7,1617,87,63.8,13.3,14.09,1.49,36.2,motor,
173000,1791190973000,56.632082,-4.654326,87.04,283.1,321.3,11,0.7,1622,87,63.8,13.3,14.09,1.471,35.3,motor,
173200,1791190973200,56.632092,-4.654403,87.22,283.1,321.3,11,0.7,1627,87,63.8,13.3,14.09,1.453,34.3,motor,
173400,1791190973400,56.632101,-4.65448,87.38,283,321.3,11,0.7,1632,87,63.8,13.3,14.09,1.434,33.3,motor,
173600,1791190973600,56.632111,-4.654558,87.53,282.9,321.3,11,0.7,1637,88,63.9,13.3,14.09,1.415,32.4,motor,
173800,1791190973800,56.632121,-4.654635,87.65,282.8,321.2,11,0.7,1642,88,63.9,13.3,14.09,1.396,31.4,motor,
174000,1791190974000,56.632131,-4.654713,87.76,282.7,321.2,11,0.7,1646,88,63.9,13.3,14.09,1.377,30.4,motor,
174200,1791190974200,56.63214,-4.65479,87.85,282.6,321.2,11,0.7,1648,88,64,13.3,14.09,1.357,29.4,motor,
174400,1791190974400,56.63215,-4.654868,87.91,282.5,321.2,11,0.7,1649,88,64,13.3,14.08,1.337,28.4,motor,
174600,1791190974600,56.632159,-4.654946,87.96,282.4,321.2,11,0.7,1649,88,64,13.3,14.08,1.318,27.4,motor,
174800,1791190974800,56.632169,-4.655024,87.99,282.4,321.2,11,0.7,1648,88,64,13.3,14.08,1.302,26.6,motor,
175000,1791190975000,56.632178,-4.655102,88,282.3,321.2,11,0.7,1646,88,64.1,13.3,14.08,1.29,26,motor,
175200,1791190975200,56.632187,-4.65518,88,282.2,321.2,11,0.7,1643,88,64.1,13.3,14.08,1.283,25.6,motor,
175400,1791190975400,56.632197,-4.655258,88,282.1,321.2,11,0.7,1641,88,64.1,13.3,14.08,1.279,25.4,motor,
175600,1791190975600,56.632206,-4.655336,88,282,321.2,11,0.7,1640,88,64.2,13.3,14.08,1.279,25.4,motor,
175800,1791190975800,56.632215,-4.655414,88,281.9,321.2,11,0.7,1639,88,64.2,13.3,14.08,1.279,25.4,motor,
176000,1791190976000,56.632224,-4.655492,88,281.9,321.2,11,0.7,1640,88,64.2,13.3,14.08,1.279,25.4,motor,
176200,1791190976200,56.632233,-4.65557,88,281.8,321.2,11,0.7,1641,88,64.2,13.3,14.08,1.279,25.4,motor,
176400,1791190976400,56.632242,-4.655649,88.01,281.7,321.2,11,0.7,1644,88,64.3,13.3,14.07,1.28,25.5,motor,
176600,1791190976600,56.632251,-4.655727,88.01,281.6,321.1,11,0.7,1646,88,64.3,13.3,14.07,1.28,25.5,motor,
176800,1791190976800,56.63226,-4.655805,88.01,281.5,321.1,11,0.7,1649,88,64.3,13.3,14.07,1.28,25.5,motor,
177000,1791190977000,56.632268,-4.655883,88.01,281.4,321.1,11,0.7,1650,88,64.3,13.3,14.07,1.28,25.5,motor,
177200,1791190977200,56.632277,-4.655961,88.02,281.4,321.1,11,0.7,1651,88,64.4,13.3,14.07,1.281,25.5,motor,
177400,1791190977400,56.632286,-4.65604,88.02,281.3,321.1,11,0.7,1651,88,64.4,13.3,14.07,1.281,25.5,motor,
177600,1791190977600,56.632294,-4.656118,88.02,281.2,321.1,11,0.7,1650,88,64.4,13.3,14.07,1.281,25.5,motor,
177800,1791190977800,56.632303,-4.656196,88.03,281.1,321.1,11,0.7,1648,88,64.5,13.3,14.07,1.282,25.6,motor,
178000,1791190978000,56.632311,-4.656275,88.03,281,321.1,11,0.7,1646,88,64.5,13.3,14.07,1.282,25.6,motor,
178200,1791190978200,56.63232,-4.656353,88.03,281,321.1,11,0.7,1644,88,64.5,13.3,14.07,1.282,25.6,motor,
178400,1791190978400,56.632328,-4.656432,88.04,280.9,321.1,11,0.7,1642,88,64.5,13.3,14.07,1.283,25.6,motor,
178600,1791190978600,56.632336,-4.65651,88.04,280.8,321.1,11,0.7,1640,88,64.6,13.3,14.07,1.283,25.6,motor,
178800,1791190978800,56.632345,-4.656588,88.05,280.7,321,11,0.7,1640,88,64.6,13.3,14.07,1.283,25.6,motor,
179000,1791190979000,56.632353,-4.656667,88.05,280.7,321,11,0.7,1641,88,64.6,13.3,14.07,1.283,25.6,motor,
179200,1791190979200,56.632361,-4.656745,88.06,280.6,321,11,0.7,1643,88,64.7,13.3,14.07,1.284,25.7,motor,
179400,1791190979400,56.632369,-4.656824,88.06,280.5,321,11,0.7,1645,88,64.7,13.3,14.07,1.284,25.7,motor,
179600,1791190979600,56.632377,-4.656902,88.07,280.4,321,11,0.7,1647,88,64.7,13.4,14.07,1.284,25.7,motor,
179800,1791190979800,56.632385,-4.656981,88.07,280.4,321,11,0.7,1650,88,64.7,13.4,14.07,1.285,25.7,motor,
180000,1791190980000,56.632393,-4.65706,88.08,280.3,321,11,0.7,1652,88,64.8,13.4,14.07,1.285,25.7,motor,
180200,1791190980200,56.632401,-4.657138,88.09,280.2,321,11,0.7,1653,88,64.8,13.4,14.07,1.285,25.7,motor,
180400,1791190980400,56.632408,-4.657217,88.09,280.1,321,11,0.7,1653,88,64.8,13.4,14.07,1.285,25.7,motor,
180600,1791190980600,56.632416,-4.657296,88.1,280.1,320.9,11,0.7,1652,88,64.8,13.4,14.07,1.286,25.8,motor,
180800,1791190980800,56.632424,-4.657374,88.11,280,320.9,11,0.7,1650,88,64.9,13.4,14.07,1.286,25.8,motor,
181000,1791190981000,56.632431,-4.657453,88.12,279.9,320.9,11,0.7,1648,88,64.9,13.4,14.07,1.286,25.8,motor,
181200,1791190981200,56.632439,-4.657532,88.12,279.8,320.9,11,0.7,1645,88,64.9,13.4,14.07,1.287,25.8,motor,
181400,1791190981400,56.632446,-4.657611,88.13,279.8,320.9,11,0.7,1643,88,65,13.4,14.07,1.287,25.8,motor,
181600,1791190981600,56.632454,-4.657689,88.14,279.7,320.9,11,0.7,1642,88,65,13.4,14.07,1.287,25.8,motor,
181800,1791190981800,56.632461,-4.657768,88.15,279.6,320.9,11,0.7,1642,88,65,13.4,14.08,1.288,25.8,motor,
182000,1791190982000,56.632469,-4.657847,88.16,279.5,320.9,11,0.7,1643,88,65,13.4,14.08,1.288,25.9,motor,
182200,1791190982200,56.632476,-4.657926,88.17,279.5,320.8,11,0.7,1645,88,65.1,13.4,14.08,1.288,25.9,motor,
182400,1791190982400,56.632483,-4.658005,88.18,279.4,320.8,11,0.7,1647,88,65.1,13.4,14.08,1.289,25.9,motor,
182600,1791190982600,56.63249,-4.658084,88.19,279.3,320.8,11,0.7,1650,88,65.1,13.4,14.08,1.289,25.9,motor,
182800,1791190982800,56.632497,-4.658163,88.2,279.3,320.8,11,0.7,1652,88,65.1,13.4,14.08,1.289,25.9,motor,
183000,1791190983000,56.632504,-4.658242,88.21,279.2,320.8,11,0.7,1654,88,65.2,13.4,14.08,1.289,25.9,motor,
183200,1791190983200,56.632511,-4.658321,88.22,279.1,320.8,11,0.7,1655,88,65.2,13.4,14.08,1.29,26,motor,
183400,1791190983400,56.632518,-4.6584,88.23,279.1,320.8,11,0.7,1655,88,65.2,13.4,14.08,1.29,26,motor,
183600,1791190983600,56.632525,-4.658479,88.24,279,320.7,11,0.7,1654,88,65.2,13.4,14.08,1.29,26,motor,
183800,1791190983800,56.632532,-4.658558,88.25,278.9,320.7,11,0.7,1652,88,65.3,13.4,14.08,1.291,26,motor,
184000,1791190984000,56.632539,-4.658637,88.26,278.8,320.7,11,0.7,1650,88,65.3,13.4,14.09,1.291,26,motor,
184200,1791190984200,56.632546,-4.658716,88.27,278.8,320.7,11,0.7,1648,88,65.3,13.4,14.09,1.291,26,motor,
184400,1791190984400,56.632552,-4.658795,88.28,278.7,320.7,11,0.7,1646,88,65.4,13.4,14.09,1.292,26,motor,
184600,1791190984600,56.632559,-4.658874,88.29,278.6,320.7,11,0.7,1645,88,65.4,13.4,14.09,1.292,26.1,motor,
184800,1791190984800,56.632566,-4.658953,88.31,278.6,320.7,11,0.7,1645,88,65.4,13.4,14.09,1.292,26.1,motor,
185000,1791190985000,56.632572,-4.659033,88.32,278.5,320.6,11,0.7,1646,88,65.4,13.4,14.09,1.292,26.1,motor,
185200,1791190985200,56.632579,-4.659112,88.33,278.4,320.6,11,0.7,1648,88,65.5,13.4,14.09,1.293,26.1,motor,
185400,1791190985400,56.632585,-4.659191,88.34,278.4,320.6,11,0.7,1650,88,65.5,13.4,14.1,1.293,26.1,motor,
185600,1791190985600,56.632592,-4.659271,88.36,278.3,320.6,11,0.7,1653,88,65.5,13.4,14.1,1.293,26.1,motor,
185800,1791190985800,56.632598,-4.65935,88.37,278.2,320.6,11,0.7,1656,88,65.5,13.4,14.1,1.294,26.1,motor,
186000,1791190986000,56.632604,-4.659429,88.38,278.2,320.6,11,0.7,1658,88,65.6,13.4,14.1,1.294,26.2,motor,
186200,1791190986200,56.632611,-4.659509,88.4,278.1,320.6,11,0.7,1659,88,65.6,13.4,14.1,1.294,26.2,motor,
186400,1791190986400,56.632617,-4.659588,88.41,278,320.5,11,0.7,1659,88,65.6,13.4,14.1,1.295,26.2,motor,
186600,1791190986600,56.632623,-4.659667,88.42,278,320.5,11,0.7,1658,88,65.6,13.4,14.1,1.295,26.2,motor,
186800,1791190986800,56.632629,-4.659747,88.44,277.9,320.5,11,0.7,1656,88,65.7,13.4,14.11,1.295,26.2,motor,
187000,1791190987000,56.632635,-4.659826,88.45,277.8,320.5,11,0.7,1654,88,65.7,13.4,14.11,1.296,26.2,motor,
187200,1791190987200,56.632641,-4.659906,88.47,277.8,320.5,11,0.7,1651,88,65.7,13.4,14.11,1.296,26.2,motor,
187400,1791190987400,56.632647,-4.659985,88.48,277.7,320.5,11,0.7,1650,88,65.8,13.4,14.11,1.296,26.3,motor,
187600,1791190987600,56.632653,-4.660065,88.5,277.7,320.4,11,0.7,1649,88,65.8,13.4,14.11,1.296,26.3,motor,
187800,1791190987800,56.632659,-4.660144,88.51,277.6,320.4,11,0.7,1649,89,65.8,13.4,14.11,1.297,26.3,motor,
188000,1791190988000,56.632665,-4.660224,88.53,277.5,320.4,11,0.7,1650,89,65.8,13.4,14.12,1.297,26.3,motor,
188200,1791190988200,56.63267,-4.660304,88.54,277.5,320.4,11,0.7,1652,89,65.9,13.4,14.12,1.297,26.3,motor,
188400,1791190988400,56.632676,-4.660383,88.56,277.4,320.4,11,0.7,1654,89,65.9,13.4,14.12,1.298,26.3,motor,
188600,1791190988600,56.632682,-4.660463,88.57,277.3,320.4,11,0.7,1657,89,65.9,13.4,14.12,1.298,26.3,motor,
188800,1791190988800,56.632687,-4.660543,88.59,277.3,320.3,11,0.7,1660,89,65.9,13.4,14.12,1.298,26.3,motor,
189000,1791190989000,56.632693,-4.660622,88.61,277.2,320.3,11,0.7,1662,89,66,13.4,14.12,1.298,26.4,motor,
189200,1791190989200,56.632699,-4.660702,88.62,277.2,320.3,11,0.7,1663,89,66,13.4,14.13,1.299,26.4,motor,
189400,1791190989400,56.632704,-4.660782,88.64,277.1,320.3,11,0.7,1663,89,66,13.4,14.13,1.299,26.4,motor,
189600,1791190989600,56.63271,-4.660862,88.66,277,320.3,11,0.7,1662,89,66,13.4,14.13,1.299,26.4,motor,
189800,1791190989800,56.632715,-4.660942,88.67,277,320.3,11,0.7,1660,89,66.1,13.4,14.13,1.3,26.4,motor,
190000,1791190990000,56.63272,-4.661021,88.69,276.9,320.2,11,0.7,1658,89,66.1,13.4,14.13,1.3,26.4,motor,
190200,1791190990200,56.632726,-4.661101,88.71,276.8,320.2,11,0.7,1656,89,66.1,13.4,14.13,1.3,26.4,motor,
190400,1791190990400,56.632731,-4.661181,88.73,276.8,320.2,11,0.7,1654,89,66.1,13.4,14.14,1.3,26.4,motor,
190600,1791190990600,56.632736,-4.661261,88.74,276.7,320.2,11,0.7,1653,89,66.2,13.4,14.14,1.301,26.5,motor,
190800,1791190990800,56.632741,-4.661341,88.76,276.7,320.2,11,0.7,1653,89,66.2,13.4,14.14,1.301,26.5,motor,
191000,1791190991000,56.632746,-4.661421,88.78,276.6,320.2,11,0.7,1655,89,66.2,13.4,14.14,1.301,26.5,motor,
191200,1791190991200,56.632751,-4.661501,88.8,276.5,320.1,11,0.7,1657,89,66.2,13.4,14.14,1.302,26.5,motor,
191400,1791190991400,56.632756,-4.661581,88.82,276.5,320.1,11,0.7,1659,89,66.3,13.5,14.14,1.302,26.5,motor,
191600,1791190991600,56.632761,-4.661661,88.83,276.4,320.1,11,0.7,1662,89,66.3,13.5,14.14,1.302,26.5,motor,
191800,1791190991800,56.632766,-4.661741,88.85,276.4,320.1,11,0.7,1665,89,66.3,13.5,14.15,1.302,26.5,motor,
192000,1791190992000,56.632771,-4.661821,88.87,276.3,320.1,11,0.7,1667,89,66.3,13.5,14.15,1.303,26.5,motor,
192200,1791190992200,56.632776,-4.661901,88.89,276.2,320,11,0.7,1668,89,66.4,13.5,14.15,1.303,26.6,motor,
192400,1791190992400,56.632781,-4.661982,88.91,276.2,320,11,0.7,1668,89,66.4,13.5,14.15,1.303,26.6,motor,
192600,1791190992600,56.632786,-4.662062,88.93,276.1,320,11,0.7,1667,89,66.4,13.5,14.15,1.303,26.6,motor,
192800,1791190992800,56.63279,-4.662142,88.95,276.1,320,11,0.7,1665,89,66.4,13.5,14.15,1.304,26.6,motor,
193000,1791190993000,56.632795,-4.662222,88.97,276,320,11,0.7,1663,89,66.5,13.5,14.15,1.304,26.6,motor,
193200,1791190993200,56.6328,-4.662303,88.99,275.9,320,11,0.7,1661,89,66.5,13.5,14.16,1.304,26.6,motor,
193400,1791190993400,56.632804,-4.662383,89.01,275.9,319.9,11,0.7,1659,89,66.5,13.5,14.16,1.305,26.6,motor,
193600,1791190993600,56.632809,-4.662463,89.03,275.8,319.9,11,0.7,1659,89,66.5,13.5,14.16,1.305,26.6,motor,
193800,1791190993800,56.632813,-4.662544,89.05,275.8,319.9,11,0.7,1659,89,66.6,13.5,14.16,1.305,26.7,motor,
194000,1791190994000,56.632818,-4.662624,89.07,275.7,319.9,12,0.7,1660,89,66.6,13.5,14.16,1.305,26.7,motor,
194200,1791190994200,56.632822,-4.662704,89.09,275.7,319.9,12,0.7,1662,89,66.6,13.5,14.16,1.306,26.7,motor,
194400,1791190994400,56.632827,-4.662785,89.11,275.6,319.9,12,0.7,1665,89,66.6,13.5,14.16,1.306,26.7,motor,
194600,1791190994600,56.632831,-4.662865,89.13,275.5,319.8,12,0.7,1668,89,66.7,13.5,14.16,1.306,26.7,motor,
194800,1791190994800,56.632835,-4.662946,89.15,275.5,319.8,12,0.7,1670,89,66.7,13.5,14.16,1.306,26.7,motor,
195000,1791190995000,56.63284,-4.663026,89.17,275.4,319.8,12,0.7,1672,89,66.7,13.5,14.16,1.307,26.7,motor,
195200,1791190995200,56.632844,-4.663107,89.19,275.4,319.8,12,0.7,1673,89,66.7,13.5,14.16,1.307,26.7,motor,
195400,1791190995400,56.632848,-4.663187,89.21,275.3,319.8,12,0.7,1673,89,66.8,13.5,14.17,1.307,26.7,motor,
195600,1791190995600,56.632852,-4.663268,89.23,275.3,319.7,12,0.7,1672,89,66.8,13.5,14.17,1.307,26.7,motor,
195800,1791190995800,56.632856,-4.663349,89.25,275.2,319.7,12,0.7,1671,89,66.8,13.5,14.17,1.307,26.8,motor,
196000,1791190996000,56.63286,-4.663429,89.27,275.2,319.7,12,0.7,1669,89,66.8,13.5,14.17,1.308,26.8,motor,
196200,1791190996200,56.632864,-4.66351,89.3,275.1,319.7,12,0.7,1667,89,66.9,13.5,14.17,1.308,26.8,motor,
196400,1791190996400,56.632868,-4.663591,89.32,275,319.7,12,0.7,1665,89,66.9,13.5,14.17,1.308,26.8,motor,
196600,1791190996600,56.632872,-4.663671,89.34,275,319.7,12,0.7,1664,89,66.9,13.5,14.17,1.308,26.8,motor,
196800,1791190996800,56.632876,-4.663752,89.36,274.9,319.6,12,0.7,1665,89,66.9,13.5,14.17,1.309,26.8,motor,
197000,1791190997000,56.63288,-4.663833,89.38,274.9,319.6,12,0.7,1666,89,67,13.5,14.17,1.309,26.8,motor,
197200,1791190997200,56.632883,-4.663914,89.4,274.8,319.6,12,0.7,1668,89,67,13.5,14.17,1.309,26.8,motor,
197400,1791190997400,56.632887,-4.663994,89.43,274.8,319.6,12,0.7,1671,89,67,13.5,14.17,1.309,26.8,motor,
197600,1791190997600,56.632891,-4.664075,89.45,274.7,319.6,12,0.7,1674,89,67,13.5,14.17,1.309,26.8,motor,
197800,1791190997800,56.632895,-4.664156,89.47,274.7,319.5,12,0.7,1676,89,67.1,13.5,14.17,1.31,26.8,motor,
198000,1791190998000,56.632898,-4.664237,89.49,274.6,319.5,12,0.7,1678,89,67.1,13.5,14.17,1.31,26.9,motor,
198200,1791190998200,56.632902,-4.664318,89.51,274.5,319.5,12,0.7,1679,90,67.1,13.5,14.17,1.31,26.9,motor,
198400,1791190998400,56.632905,-4.664399,89.54,274.5,319.5,12,0.7,1679,90,67.1,13.5,14.17,1.31,26.9,motor,
198600,1791190998600,56.632909,-4.66448,89.56,274.4,319.5,12,0.7,1679,90,67.2,13.5,14.17,1.31,26.9,motor,
198800,1791190998800,56.632912,-4.664561,89.58,274.4,319.5,12,0.7,1677,90,67.2,13.5,14.17,1.311,26.9,motor,
199000,1791190999000,56.632916,-4.664642,89.6,274.3,319.4,12,0.7,1675,90,67.2,13.5,14.17,1.311,26.9,motor,
199200,1791190999200,56.632919,-4.664723,89.63,274.3,319.4,12,0.7,1673,90,67.2,13.5,14.17,1.311,26.9,motor,
199400,1791190999400,56.632922,-4.664804,89.65,274.2,319.4,12,0.7,1671,90,67.3,13.5,14.17,1.311,26.9,motor,
199600,1791190999600,56.632926,-4.664885,89.67,274.2,319.4,12,0.7,1671,90,67.3,13.5,14.17,1.311,26.9,motor,
199800,1791190999800,56.632929,-4.664966,89.69,274.1,319.4,12,0.7,1671,90,67.3,13.5,14.17,1.312,26.9,motor,
200000,1791191000000,56.632932,-4.665047,89.72,274.1,319.3,12,0.7,1672,90,67.3,13.5,14.17,1.312,26.9,motor,
200200,1791191000200,56.632935,-4.665129,89.74,274,319.3,12,0.7,1675,90,67.4,13.5,14.17,1.312,26.9,motor,
200400,1791191000400,56.632938,-4.66521,89.76,274,319.3,12,0.7,1677,90,67.4,13.5,14.17,1.312,26.9,motor,
200600,1791191000600,56.632941,-4.665291,89.78,273.9,319.3,12,0.7,1680,90,67.4,13.5,14.17,1.312,27,motor,
200800,1791191000800,56.632944,-4.665372,89.81,273.9,319.3,12,0.7,1683,90,67.4,13.5,14.16,1.312,27,motor,
201000,1791191001000,56.632947,-4.665454,89.83,273.8,319.3,12,0.7,1685,90,67.5,13.5,14.16,1.313,27,motor,
201200,1791191001200,56.63295,-4.665535,89.85,273.8,319.2,12,0.7,1686,90,67.5,13.5,14.16,1.313,27,motor,
201400,1791191001400,56.632953,-4.665616,89.87,273.7,319.2,12,0.7,1686,90,67.5,13.5,14.16,1.313,27,motor,
201600,1791191001600,56.632956,-4.665698,89.9,273.6,319.2,12,0.7,1685,90,67.5,13.5,14.16,1.313,27,motor,
201800,1791191001800,56.632959,-4.665779,89.92,273.6,319.2,12,0.7,1683,90,67.6,13.5,14.16,1.313,27,motor,
202000,1791191002000,56.632962,-4.665861,89.94,273.5,319.2,12,0.7,1681,90,67.6,13.5,14.16,1.313,27,motor,
202200,1791191002200,56.632965,-4.665942,89.97,273.5,319.2,12,0.7,1679,90,67.6,13.5,14.16,1.314,27,motor,
202400,1791191002400,56.632967,-4.666023,89.99,273.4,319.1,12,0.7,1678,90,67.6,13.5,14.16,1.314,27,motor,
202600,1791191002600,56.63297,-4.666105,90.01,273.4,319.1,12,0.7,1677,90,67.7,13.5,14.16,1.314,27,motor,
202800,1791191002800,56.632973,-4.666186,90.03,273.3,319.1,12,0.7,1677,90,67.7,13.5,14.15,1.314,27,motor,
203000,1791191003000,56.632975,-4.666268,90.06,273.3,319.1,12,0.7,1679,90,67.7,13.5,14.15,1.314,27,motor,
203200,1791191003200,56.632978,-4.66635,90.08,273.2,319.1,12,0.7,1681,90,67.7,13.5,14.15,1.314,27,motor,
203400,1791191003400,56.63298,-4.666431,90.1,273.2,319.1,12,0.7,1684,90,67.7,13.5,14.15,1.314,27,motor,
203600,1791191003600,56.632983,-4.666513,90.13,273.1,319,12,0.7,1687,90,67.8,13.5,14.15,1.315,27,motor,
203800,1791191003800,56.632985,-4.666594,90.15,273.1,319,12,0.7,1689,90,67.8,13.5,14.15,1.315,27,motor,
204000,1791191004000,56.632988,-4.666676,90.17,273,319,12,0.7,1691,90,67.8,13.5,14.15,1.315,27,motor,
204200,1791191004200,56.63299,-4.666758,90.19,273,319,12,0.7,1692,90,67.8,13.5,14.15,1.315,27,motor,
204400,1791191004400,56.632992,-4.66684,90.22,272.9,319,12,0.7,1692,90,67.9,13.5,14.14,1.315,27,motor,
204600,1791191004600,56.632995,-4.666921,90.24,272.9,319,12,0.7,1691,90,67.9,13.5,14.14,1.315,27,motor,
204800,1791191004800,56.632997,-4.667003,90.26,272.8,318.9,12,0.7,1689,90,67.9,13.5,14.14,1.315,27.1,motor,
205000,1791191005000,56.632999,-4.667085,90.28,272.8,318.9,12,0.7,1687,90,67.9,13.5,14.14,1.315,27.1,motor,
205200,1791191005200,56.633001,-4.667167,90.31,272.7,318.9,12,0.7,1685,90,68,13.6,14.14,1.315,27.1,motor,
205400,1791191005400,56.633003,-4.667248,90.33,272.7,318.9,12,0.7,1684,90,68,13.6,14.14,1.316,27.1,motor,
205600,1791191005600,56.633006,-4.66733,90.35,272.6,318.9,12,0.7,1683,90,68,13.6,14.13,1.316,27.1,motor,
205800,1791191005800,56.633008,-4.667412,90.37,272.6,318.9,12,0.7,1684,90,68,13.6,14.13,1.316,27.1,motor,
206000,1791191006000,56.63301,-4.667494,90.4,272.5,318.8,12,0.7,1685,90,68.1,13.6,14.13,1.316,27.1,motor,
206200,1791191006200,56.633012,-4.667576,90.42,272.5,318.8,12,0.7,1687,90,68.1,13.6,14.13,1.316,27.1,motor,
206400,1791191006400,56.633014,-4.667658,90.44,272.4,318.8,12,0.7,1690,90,68.1,13.6,14.13,1.316,27.1,motor,
206600,1791191006600,56.633015,-4.66774,90.46,272.4,318.8,12,0.7,1693,90,68.1,13.6,14.13,1.316,27.1,motor,
206800,1791191006800,56.633017,-4.667822,90.49,272.3,318.8,12,0.7,1696,90,68.1,13.6,14.12,1.316,27.1,motor,
207000,1791191007000,56.633019,-4.667904,90.51,272.3,318.8,12,0.7,1698,91,68.2,13.6,14.12,1.316,27.1,motor,
207200,1791191007200,56.633021,-4.667986,90.53,272.2,318.7,12,0.7,1699,91,68.2,13.6,14.12,1.316,27.1,motor,
207400,1791191007400,56.633023,-4.668068,90.55,272.2,318.7,12,0.7,1698,91,68.2,13.6,14.12,1.316,27.1,motor,
207600,1791191007600,56.633024,-4.66815,90.57,272.1,318.7,12,0.7,1697,91,68.2,13.6,14.12,1.316,27.1,motor,
207800,1791191007800,56.633026,-4.668232,90.6,272.1,318.7,12,0.7,1696,91,68.3,13.6,14.12,1.316,27.1,motor,
208000,1791191008000,56.633028,-4.668314,90.62,272,318.7,12,0.7,1693,91,68.3,13.6,14.11,1.316,27.1,motor,
208200,1791191008200,56.633029,-4.668397,90.64,272,318.7,12,0.7,1691,91,68.3,13.6,14.11,1.317,27.1,motor,
208400,1791191008400,56.633031,-4.668479,90.66,271.9,318.7,12,0.7,1690,91,68.3,13.6,14.11,1.317,27.1,motor,
208600,1791191008600,56.633032,-4.668561,90.68,271.9,318.6,12,0.7,1689,91,68.4,13.6,14.11,1.317,27.1,motor,
208800,1791191008800,56.633034,-4.668643,90.7,271.8,318.6,12,0.7,1690,91,68.4,13.6,14.11,1.317,27.1,motor,
209000,1791191009000,56.633035,-4.668726,90.73,271.8,318.6,12,0.7,1691,91,68.4,13.6,14.11,1.317,27.1,motor,
209200,1791191009200,56.633037,-4.668808,90.75,271.7,318.6,12,0.7,1694,91,68.4,13.6,14.1,1.317,27.1,motor,
209400,1791191009400,56.633038,-4.66889,90.77,271.7,318.6,12,0.7,1696,91,68.5,13.6,14.1,1.317,27.1,motor,
209600,1791191009600,56.633039,-4.668972,90.79,271.6,318.6,12,0.7,1699,91,68.5,13.6,14.1,1.317,27.1,motor,
209800,1791191009800,56.633041,-4.669055,90.81,271.6,318.6,12,0.7,1702,91,68.5,13.6,14.1,1.317,27.1,motor,
210000,1791191010000,56.633042,-4.669137,90.83,271.5,318.5,12,0.7,1704,91,68.5,13.6,14.1,1.317,27.1,motor,
210200,1791191010200,56.633043,-4.669219,90.85,271.5,318.5,12,0.7,1705,91,68.5,13.6,14.1,1.317,27.1,motor,
210400,1791191010400,56.633044,-4.669302,90.87,271.4,318.5,12,0.7,1704,91,68.6,13.6,14.1,1.317,27.1,motor,
210600,1791191010600,56.633045,-4.669384,90.89,271.4,318.5,12,0.7,1703,91,68.6,13.6,14.09,1.317,27.1,motor,
210800,1791191010800,56.633046,-4.669467,90.91,271.4,318.5,12,0.7,1701,91,68.6,13.6,14.09,1.317,27.1,motor,
211000,1791191011000,56.633048,-4.669549,90.93,271.3,318.5,12,0.7,1699,91,68.6,13.6,14.09,1.317,27.1,motor,
211200,1791191011200,56.633049,-4.669632,90.95,271.3,318.5,12,0.7,1697,91,68.7,13.6,14.09,1.317,27.1,motor,
211400,1791191011400,56.63305,-4.669714,90.97,271.2,318.5,12,0.7,1696,91,68.7,13.6,14.09,1.317,27.1,motor,
211600,1791191011600,56.63305,-4.669797,90.99,271.2,318.4,12,0.7,1695,91,68.7,13.6,14.09,1.317,27.1,motor,
211800,1791191011800,56.633051,-4.669879,91.01,271.1,318.4,12,0.7,1696,91,68.7,13.6,14.09,1.317,27.1,motor,
212000,1791191012000,56.633052,-4.669962,91.03,271.1,318.4,12,0.8,1697,91,68.7,13.6,14.08,1.317,27.1,motor,
212200,1791191012200,56.633053,-4.670044,91.05,271,318.4,12,0.8,1699,91,68.8,13.6,14.08,1.317,27.1,motor,
212400,1791191012400,56.633054,-4.670127,91.07,271,318.4,12,0.8,1702,91,68.8,13.6,14.08,1.317,27.1,motor,
212600,1791191012600,56.633055,-4.670209,91.09,270.9,318.4,12,0.8,1705,91,68.8,13.6,14.08,1.317,27.1,motor,
212800,1791191012800,56.633055,-4.670292,91.11,270.9,318.4,12,0.8,1708,91,68.8,13.6,14.08,1.317,27,motor,
213000,1791191013000,56.633056,-4.670375,91.13,270.8,318.4,12,0.8,1709,91,68.9,13.6,14.08,1.317,27,motor,
213200,1791191013200,56.633057,-4.670457,91.15,270.8,318.4,12,0.8,1710,91,68.9,13.6,14.08,1.317,27,motor,
213400,1791191013400,56.633057,-4.67054,91.17,270.7,318.3,12,0.8,1710,91,68.9,13.6,14.08,1.317,27,motor,
213600,1791191013600,56.633058,-4.670623,91.18,270.7,318.3,12,0.8,1709,91,68.9,13.6,14.08,1.317,27,motor,
213800,1791191013800,56.633058,-4.670706,91.2,270.6,318.3,12,0.8,1707,91,69,13.6,14.08,1.317,27,motor,
214000,1791191014000,56.633059,-4.670788,91.22,270.6,318.3,12,0.8,1705,91,69,13.6,14.08,1.316,27,motor,
214200,1791191014200,56.633059,-4.670871,91.24,270.5,318.3,12,0.8,1703,91,69,13.6,14.07,1.316,27,motor,
214400,1791191014400,56.63306,-4.670954,91.26,270.5,318.3,12,0.8,1701,91,69,13.6,14.07,1.316,27,motor,
214600,1791191014600,56.63306,-4.671037,91.27,270.4,318.3,12,0.8,1701,91,69,13.6,14.07,1.316,27,motor,
214800,1791191014800,56.633061,-4.671119,91.29,270.4,318.3,12,0.8,1701,91,69.1,13.6,14.07,1.316,27,motor,
215000,1791191015000,56.633061,-4.671202,91.31,270.4,318.3,12,0.8,1702,91,69.1,13.6,14.07,1.316,27,motor,
215200,1791191015200,56.633061,-4.671285,91.33,270.3,318.3,12,0.8,1705,91,69.1,13.6,14.07,1.316,27,motor,
215400,1791191015400,56.633061,-4.671368,91.34,270.3,318.2,12,0.8,1707,91,69.1,13.6,14.07,1.316,27,motor,
215600,1791191015600,56.633062,-4.671451,91.36,270.2,318.2,12,0.8,1710,91,69.2,13.6,14.07,1.316,27,motor,
215800,1791191015800,56.633062,-4.671534,91.38,270.2,318.2,12,0.8,1713,91,69.2,13.6,14.07,1.316,27,motor,
216000,1791191016000,56.633062,-4.671617,91.39,270.1,318.2,12,0.8,1714,91,69.2,13.6,14.07,1.316,27,motor,
216200,1791191016200,56.633062,-4.671699,91.41,270.1,318.2,12,0.8,1715,91,69.2,13.6,14.07,1.316,27,motor,
216400,1791191016400,56.633062,-4.671782,91.43,270,318.2,12,0.8,1715,91,69.2,13.6,14.07,1.316,27,motor,
216600,1791191016600,56.633062,-4.671865,91.44,270,318.2,12,0.8,1713,91,69.3,13.6,14.07,1.316,27,motor,
216800,1791191016800,56.633062,-4.671948,91.46,269.9,318.2,12,0.8,1711,91,69.3,13.6,14.07,1.315,26.9,motor,
217000,1791191017000,56.633062,-4.672031,91.47,269.9,318.2,12,0.8,1709,91,69.3,13.6,14.07,1.315,26.9,motor,
217200,1791191017200,56.633062,-4.672114,91.49,269.8,318.2,12,0.8,1707,91,69.3,13.6,14.07,1.315,26.9,motor,
217400,1791191017400,56.633062,-4.672197,91.5,269.8,318.2,12,0.8,1706,92,69.3,13.6,14.07,1.315,26.9,motor,
217600,1791191017600,56.633061,-4.67228,91.52,269.7,318.1,12,0.8,1705,92,69.4,13.6,14.07,1.315,26.9,motor,
217800,1791191017800,56.633061,-4.672363,91.53,269.7,318.1,12,0.8,1705,92,69.4,13.6,14.07,1.315,26.9,motor,
218000,1791191018000,56.633061,-4.672446,91.55,269.7,318.1,12,0.8,1707,92,69.4,13.6,14.07,1.315,26.9,motor,
218200,1791191018200,56.633061,-4.672529,91.56,269.6,318.1,12,0.8,1709,92,69.4,13.6,14.07,1.315,26.9,motor,
218400,1791191018400,56.63306,-4.672612,91.58,269.6,318.1,12,0.8,1712,92,69.5,13.6,14.07,1.315,26.9,motor,
218600,1791191018600,56.63306,-4.672695,91.59,269.5,318.1,12,0.8,1715,92,69.5,13.6,14.07,1.314,26.9,motor,
218800,1791191018800,56.63306,-4.672779,91.6,269.5,318.1,12,0.8,1717,92,69.5,13.6,14.07,1.314,26.9,motor,
219000,1791191019000,56.633059,-4.672862,91.62,269.4,318.1,12,0.8,1718,92,69.5,13.7,14.07,1.314,26.9,motor,
219200,1791191019200,56.633059,-4.672945,91.63,269.4,318.1,12,0.8,1719,92,69.5,13.7,14.07,1.314,26.9,motor,
219400,1791191019400,56.633058,-4.673028,91.64,269.3,318.1,12,0.8,1719,92,69.6,13.7,14.07,1.314,26.8,motor,
219600,1791191019600,56.633058,-4.673111,91.66,269.3,318.1,12,0.8,1717,92,69.6,13.7,14.08,1.314,26.8,motor,
219800,1791191019800,56.633057,-4.673194,91.67,269.2,318.1,12,0.8,1715,92,69.6,13.7,14.08,1.314,26.8,motor,
220000,1791191020000,56.633056,-4.673277,91.68,269.2,318.1,12,0.8,1713,92,69.6,13.7,14.08,1.313,26.8,motor,
220200,1791191020200,56.633056,-4.673361,91.69,269.1,318.1,12,0.8,1711,92,69.7,13.7,14.08,1.313,26.8,motor,
220400,1791191020400,56.633055,-4.673444,91.71,269.1,318.1,12,0.8,1709,92,69.7,13.7,14.08,1.313,26.8,motor,
220600,1791191020600,56.633054,-4.673527,91.72,269,318.1,12,0.8,1709,92,69.7,13.7,14.08,1.313,26.8,motor,
220800,1791191020800,56.633054,-4.67361,91.73,269,318.1,12,0.8,1709,92,69.7,13.7,14.08,1.313,26.8,motor,
221000,1791191021000,56.633053,-4.673693,91.74,269,318,12,0.8,1711,92,69.7,13.7,14.08,1.313,26.8,motor,
221200,1791191021200,56.633052,-4.673776,91.75,268.9,318,12,0.8,1713,92,69.8,13.7,14.08,1.312,26.8,motor,
221400,1791191021400,56.633051,-4.67386,91.76,268.9,318,12,0.8,1715,92,69.8,13.7,14.08,1.312,26.8,motor,
221600,1791191021600,56.63305,-4.673943,91.77,268.8,318,12,0.8,1718,92,69.8,13.7,14.09,1.312,26.7,motor,
221800,1791191021800,56.633049,-4.674026,91.78,268.8,318,12,0.8,1720,92,69.8,13.7,14.09,1.312,26.7,motor,
222000,1791191022000,56.633048,-4.674109,91.79,268.7,318,12,0.8,1722,92,69.8,13.7,14.09,1.312,26.7,motor,
222200,1791191022200,56.633047,-4.674193,91.8,268.7,318,12,0.8,1722,92,69.9,13.7,14.09,1.312,26.7,motor,
222400,1791191022400,56.633046,-4.674276,91.81,268.6,318,12,0.8,1722,92,69.9,13.7,14.09,1.311,26.7,motor,
222600,1791191022600,56.633045,-4.674359,91.82,268.6,318,12,0.8,1720,92,69.9,13.7,14.09,1.311,26.7,motor,
222800,1791191022800,56.633044,-4.674442,91.83,268.5,318,12,0.8,1718,92,69.9,13.7,14.09,1.311,26.7,motor,
223000,1791191023000,56.633043,-4.674526,91.84,268.5,318,12,0.8,1716,92,70,13.7,14.09,1.311,26.7,motor,
223200,1791191023200,56.633041,-4.674609,91.85,268.4,318,12,0.8,1714,92,70,13.7,14.1,1.311,26.7,motor,
223400,1791191023400,56.63304,-4.674692,91.86,268.4,318,12,0.8,1712,92,70,13.7,14.1,1.31,26.7,motor,
223600,1791191023600,56.633039,-4.674776,91.87,268.3,318,12,0.8,1712,92,70,13.7,14.1,1.31,26.6,motor,
223800,1791191023800,56.633037,-4.674859,91.88,268.3,318,12,0.8,1712,92,70,13.7,14.1,1.31,26.6,motor,
224000,1791191024000,56.633036,-4.674942,91.88,268.3,318,12,0.8,1713,92,70.1,13.7,14.1,1.31,26.6,motor,
224200,1791191024200,56.633035,-4.675026,91.89,268.2,318,12,0.8,1716,92,70.1,13.7,14.1,1.31,26.6,motor,
224400,1791191024400,56.633033,-4.675109,91.9,268.2,318,12,0.8,1718,92,70.1,13.7,14.11,1.309,26.6,motor,
224600,1791191024600,56.633032,-4.675192,91.91,268.1,318,12,0.8,1721,92,70.1,13.7,14.11,1.309,26.6,motor,
224800,1791191024800,56.63303,-4.675276,91.91,268.1,318,12,0.8,1723,92,70.1,13.7,14.11,1.309,26.6,motor,
225000,1791191025000,56.633029,-4.675359,91.92,268,318,12,0.8,1724,92,70.2,13.7,14.11,1.309,26.6,motor,
225200,1791191025200,56.633027,-4.675442,91.93,268,318,12,0.8,1725,92,70.2,13.7,14.11,1.309,26.6,motor,
225400,1791191025400,56.633025,-4.675526,91.93,267.9,318,12,0.8,1724,92,70.2,13.7,14.11,1.308,26.5,motor,
225600,1791191025600,56.633024,-4.675609,91.94,267.9,318,12,0.8,1722,92,70.2,13.7,14.12,1.308,26.5,motor,
225800,1791191025800,56.633022,-4.675692,91.94,267.8,318,12,0.8,1720,92,70.2,13.7,14.12,1.308,26.5,motor,
226000,1791191026000,56.63302,-4.675776,91.95,267.8,318,12,0.8,1718,92,70.3,13.7,14.12,1.308,26.5,motor,
226200,1791191026200,56.633019,-4.675859,91.95,267.7,318,12,0.8,1716,92,70.3,13.7,14.12,1.307,26.5,motor,
226400,1791191026400,56.633017,-4.675942,91.96,267.7,318,12,0.8,1714,92,70.3,13.7,14.12,1.307,26.5,motor,
226600,1791191026600,56.633015,-4.676026,91.96,267.7,318,12,0.8,1713,92,70.3,13.7,14.12,1.307,26.5,motor,
226800,1791191026800,56.633013,-4.676109,91.97,267.6,318,12,0.8,1714,92,70.4,13.7,14.13,1.307,26.5,motor,
227000,1791191027000,56.633011,-4.676192,91.97,267.6,318,12,0.8,1715,92,70.4,13.7,14.13,1.306,26.4,motor,
227200,1791191027200,56.633009,-4.676276,91.97,267.5,318,12,0.8,1717,92,70.4,13.7,14.13,1.306,26.4,motor,
227400,1791191027400,56.633007,-4.676359,91.98,267.5,318,12,0.8,1720,92,70.4,13.7,14.13,1.306,26.4,motor,
227600,1791191027600,56.633005,-4.676442,91.98,267.4,318,12,0.8,1722,92,70.4,13.7,14.13,1.306,26.4,motor,
227800,1791191027800,56.633003,-4.676526,91.98,267.4,318,12,0.8,1724,92,70.5,13.7,14.13,1.305,26.4,motor,
228000,1791191028000,56.633001,-4.676609,91.99,267.3,318,12,0.8,1725,92,70.5,13.7,14.13,1.305,26.4,motor,
228200,1791191028200,56.632999,-4.676692,91.99,267.3,318,12,0.8,1726,92,70.5,13.7,14.14,1.305,26.4,motor,
228400,1791191028400,56.632996,-4.676776,91.99,267.2,318,12,0.8,1725,92,70.5,13.7,14.14,1.305,26.3,motor,
228600,1791191028600,56.632994,-4.676859,91.99,267.2,318,12,0.8,1723,92,70.5,13.7,14.14,1.304,26.3,motor,
228800,1791191028800,56.632992,-4.676942,92,267.1,318,12,0.8,1721,92,70.6,13.7,14.14,1.304,26.3,motor,
229000,1791191029000,56.63299,-4.677026,92,267.1,318,12,0.8,1719,92,70.6,13.7,14.14,1.304,26.3,motor,
229200,1791191029200,56.632987,-4.677109,92,267,318,12,0.8,1716,92,70.6,13.7,14.14,1.304,26.3,motor,
229400,1791191029400,56.632985,-4.677192,92,267,318,12,0.8,1715,92,70.6,13.7,14.15,1.303,26.3,motor,
229600,1791191029600,56.632983,-4.677276,92,266.9,318,12,0.8,1714,92,70.6,13.7,14.15,1.303,26.3,motor,
229800,1791191029800,56.63298,-4.677359,92,266.9,318,12,0.8,1714,92,70.7,13.7,14.15,1.303,26.3,motor,
230000,1791191030000,56.632978,-4.677442,92,266.9,318.1,12,0.8,1716,92,70.7,13.7,14.15,1.303,26.2,motor,
230200,1791191030200,56.632975,-4.677526,92,266.8,318.1,12,0.8,1718,92,70.7,13.7,14.15,1.303,26.2,motor,
230400,1791191030400,56.632972,-4.677609,92,266.8,318.1,12,0.8,1720,92,70.7,13.7,14.15,1.303,26.2,motor,
230600,1791191030600,56.63297,-4.677692,92,266.7,318.1,12,0.8,1723,92,70.7,13.7,14.15,1.303,26.2,motor,
230800,1791191030800,56.632967,-4.677776,92,266.7,318.1,12,0.8,1725,92,70.8,13.7,14.15,1.303,26.2,motor,
231000,1791191031000,56.632965,-4.677859,92,266.6,318.1,12,0.8,1726,92,70.8,13.7,14.16,1.303,26.2,motor,
231200,1791191031200,56.632962,-4.677942,92,266.6,318.1,12,0.8,1726,92,70.8,13.8,14.16,1.303,26.2,motor,
231400,1791191031400,56.632959,-4.678026,91.99,266.5,318.1,12,0.8,1725,92,70.8,13.8,14.16,1.303,26.2,motor,
231600,1791191031600,56.632956,-4.678109,91.99,266.5,318.1,12,0.8,1723,92,70.8,13.8,14.16,1.303,26.2,motor,
231800,1791191031800,56.632953,-4.678192,91.99,266.4,318.1,12,0.8,1721,92,70.9,13.8,14.16,1.303,26.2,motor,
232000,1791191032000,56.632951,-4.678276,91.99,266.4,318.1,12,0.8,1718,92,70.9,13.8,14.16,1.302,26.2,motor,
232200,1791191032200,56.632948,-4.678359,91.98,266.3,318.1,12,0.8,1716,92,70.9,13.8,14.16,1.302,26.2,motor,
232400,1791191032400,56.632945,-4.678442,91.98,266.3,318.1,12,0.8,1714,92,70.9,13.8,14.16,1.302,26.2,motor,
232600,1791191032600,56.632942,-4.678525,91.98,266.2,318.1,12,0.8,1714,92,70.9,13.8,14.16,1.302,26.2,motor,
232800,1791191032800,56.632939,-4.678609,91.97,266.2,318.1,12,0.8,1714,92,71,13.8,14.16,1.302,26.2,motor,
233000,1791191033000,56.632936,-4.678692,91.97,266.1,318.1,12,0.8,1715,92,71,13.8,14.17,1.302,26.2,motor,
233200,1791191033200,56.632932,-4.678775,91.96,266.1,318.1,12,0.8,1717,92,71,13.8,14.17,1.302,26.2,motor,
233400,1791191033400,56.632929,-4.678858,91.96,266,318.2,12,0.8,1720,92,71,13.8,14.17,1.302,26.2,motor,
233600,1791191033600,56.632926,-4.678942,91.96,266,318.2,12,0.8,1722,92,71,13.8,14.17,1.302,26.2,motor,
233800,1791191033800,56.632923,-4.679025,91.95,265.9,318.2,12,0.8,1724,92,71.1,13.8,14.17,1.302,26.2,motor,
234000,1791191034000,56.63292,-4.679108,91.95,265.9,318.2,12,0.8,1725,92,71.1,13.8,14.17,1.302,26.2,motor,
234200,1791191034200,56.632916,-4.679191,91.94,265.8,318.2,12,0.8,1725,92,71.1,13.8,14.17,1.302,26.2,motor,
234400,1791191034400,56.632913,-4.679274,91.93,265.8,318.2,12,0.8,1724,92,71.1,13.8,14.17,1.302,26.2,motor,
234600,1791191034600,56.63291,-4.679357,91.93,265.7,318.2,12,0.8,1722,92,71.1,13.8,14.17,1.302,26.2,motor,
234800,1791191034800,56.632906,-4.679441,91.92,265.7,318.2,12,0.8,1719,92,71.2,13.8,14.17,1.302,26.2,motor,
235000,1791191035000,56.632903,-4.679524,91.91,265.7,318.2,12,0.8,1717,92,71.2,13.8,14.17,1.302,26.2,motor,
235200,1791191035200,56.632899,-4.679607,91.91,265.6,318.2,12,0.8,1714,92,71.2,13.8,14.17,1.302,26.2,motor,
235400,1791191035400,56.632896,-4.67969,91.9,265.6,318.2,12,0.8,1713,92,71.2,13.8,14.17,1.302,26.2,motor,
235600,1791191035600,56.632892,-4.679773,91.89,265.5,318.2,12,0.8,1712,92,71.2,13.8,14.17,1.302,26.2,motor,
235800,1791191035800,56.632889,-4.679856,91.89,265.5,318.3,12,0.8,1712,92,71.3,13.8,14.17,1.302,26.2,motor,
236000,1791191036000,56.632885,-4.679939,91.88,265.4,318.3,12,0.8,1714,92,71.3,13.8,14.17,1.302,26.2,motor,
236200,1791191036200,56.632881,-4.680022,91.87,265.4,318.3,12,0.8,1715,92,71.3,13.8,14.17,1.302,26.2,motor,
236400,1791191036400,56.632878,-4.680105,91.86,265.3,318.3,12,0.8,1718,92,71.3,13.8,14.17,1.302,26.2,motor,
236600,1791191036600,56.632874,-4.680188,91.85,265.3,318.3,12,0.8,1720,92,71.3,13.8,14.17,1.302,26.2,motor,
236800,1791191036800,56.63287,-4.680272,91.84,265.2,318.3,12,0.8,1722,92,71.4,13.8,14.17,1.302,26.2,motor,
237000,1791191037000,56.632866,-4.680355,91.83,265.2,318.3,12,0.8,1723,92,71.4,13.8,14.17,1.302,26.2,motor,
237200,1791191037200,56.632862,-4.680438,91.82,265.1,318.3,12,0.8,1723,92,71.4,13.8,14.17,1.301,26.2,motor,
237400,1791191037400,56.632858,-4.680521,91.81,265.1,318.3,12,0.8,1721,92,71.4,13.8,14.17,1.301,26.2,motor,
237600,1791191037600,56.632854,-4.680603,91.8,265,318.4,12,0.8,1719,92,71.4,13.8,14.17,1.301,26.2,motor,
237800,1791191037800,56.63285,-4.680686,91.79,265,318.4,12,0.8,1717,92,71.5,13.8,14.17,1.301,26.2,motor,
238000,1791191038000,56.632846,-4.680769,91.78,264.9,318.4,12,0.8,1714,92,71.5,13.8,14.17,1.301,26.2,motor,
238200,1791191038200,56.632842,-4.680852,91.77,264.9,318.4,12,0.8,1712,92,71.5,13.8,14.17,1.301,26.2,motor,
238400,1791191038400,56.632838,-4.680935,91.76,264.8,318.4,12,0.8,1710,92,71.5,13.8,14.16,1.301,26.2,motor,
238600,1791191038600,56.632834,-4.681018,91.75,264.8,318.4,12,0.8,1709,92,71.5,13.8,14.16,1.301,26.2,motor,
238800,1791191038800,56.63283,-4.681101,91.74,264.7,318.4,12,0.8,1710,92,71.6,13.8,14.16,1.301,26.2,motor,
239000,1791191039000,56.632826,-4.681184,91.73,264.7,318.4,12,0.8,1711,92,71.6,13.8,14.16,1.301,26.2,motor,
239200,1791191039200,56.632821,-4.681267,91.72,264.6,318.4,12,0.8,1713,92,71.6,13.8,14.16,1.301,26.2,motor,
239400,1791191039400,56.632817,-4.681349,91.7,264.6,318.5,12,0.8,1715,92,71.6,13.8,14.16,1.301,26.2,motor,
239600,1791191039600,56.632813,-4.681432,91.69,264.5,318.5,12,0.8,1717,92,71.6,13.8,14.16,1.301,26.2,motor,
239800,1791191039800,56.632808,-4.681515,91.68,264.5,318.5,12,0.8,1719,92,71.7,13.8,14.16,1.301,26.2,motor,
240000,1791191040000,56.632804,-4.681598,91.67,264.4,318.5,12,0.8,1720,92,71.7,13.8,14.16,1.3,26.2,motor,
240200,1791191040200,56.632799,-4.681681,91.65,264.4,318.5,12,0.8,1719,92,71.7,13.8,14.16,1.3,26.2,motor,
240400,1791191040400,56.632795,-4.681763,91.64,264.3,318.5,12,0.8,1718,92,71.7,13.8,14.15,1.3,26.2,motor,
240600,1791191040600,56.63279,-4.681846,91.62,264.2,318.5,12,0.8,1716,92,71.7,13.8,14.15,1.3,26.2,motor,
240800,1791191040800,56.632786,-4.681929,91.61,264.2,318.5,12,0.8,1713,92,71.7,13.8,14.15,1.3,26.2,motor,
241000,1791191041000,56.632781,-4.682011,91.6,264.1,318.6,12,0.8,1711,92,71.8,13.8,14.15,1.3,26.2,motor,
241200,1791191041200,56.632776,-4.682094,91.58,264.1,318.6,12,0.8,1708,92,71.8,13.8,14.15,1.3,26.1,motor,
241400,1791191041400,56.632772,-4.682177,91.57,264,318.6,12,0.8,1706,92,71.8,13.8,14.15,1.3,26.1,motor,
241600,1791191041600,56.632767,-4.682259,91.55,264,318.6,12,0.8,1706,92,71.8,13.9,14.15,1.3,26.1,motor,
241800,1791191041800,56.632762,-4.682342,91.54,263.9,318.6,12,0.8,1706,92,71.8,13.9,14.15,1.3,26.1,motor,
242000,1791191042000,56.632757,-4.682424,91.52,263.9,318.6,12,0.8,1707,92,71.9,13.9,14.14,1.3,26.1,motor,
242200,1791191042200,56.632752,-4.682507,91.51,263.8,318.6,12,0.8,1709,92,71.9,13.9,14.14,1.299,26.1,motor,
242400,1791191042400,56.632747,-4.682589,91.49,263.8,318.7,12,0.8,1711,91,71.9,13.9,14.14,1.299,26.1,motor,
242600,1791191042600,56.632742,-4.682672,91.48,263.7,318.7,12,0.8,1713,91,71.9,13.9,14.14,1.299,26.1,motor,
242800,1791191042800,56.632737,-4.682754,91.46,263.7,318.7,12,0.8,1715,91,71.9,13.9,14.14,1.299,26.1,motor,
243000,1791191043000,56.632732,-4.682837,91.44,263.6,318.7,12,0.8,1715,91,72,13.9,14.14,1.299,26.1,motor,
243200,1791191043200,56.632727,-4.682919,91.43,263.6,318.7,12,0.8,1715,91,72,13.9,14.14,1.299,26.1,motor,
243400,1791191043400,56.632722,-4.683002,91.41,263.5,318.7,12,0.8,1714,91,72,13.9,14.13,1.299,26.1,motor,
243600,1791191043600,56.632717,-4.683084,91.39,263.5,318.7,12,0.8,1712,91,72,13.9,14.13,1.299,26.1,motor,
243800,1791191043800,56.632712,-4.683166,91.38,263.4,318.8,12,0.8,1709,91,72,13.9,14.13,1.299,26.1,motor,
244000,1791191044000,56.632707,-4.683249,91.36,263.3,318.8,12,0.8,1706,91,72.1,13.9,14.13,1.299,26.1,motor,
244200,1791191044200,56.632701,-4.683331,91.34,263.3,318.8,12,0.8,1704,91,72.1,13.9,14.13,1.298,26.1,motor,
244400,1791191044400,56.632696,-4.683413,91.32,263.2,318.8,12,0.8,1702,91,72.1,13.9,14.13,1.298,26.1,motor,
244600,1791191044600,56.632691,-4.683496,91.3,263.2,318.8,12,0.8,1701,91,72.1,13.9,14.12,1.298,26.1,motor,
244800,1791191044800,56.632685,-4.683578,91.29,263.1,318.8,12,0.8,1701,91,72.1,13.9,14.12,1.298,26.1,motor,
245000,1791191045000,56.63268,-4.68366,91.27,263.1,318.9,12,0.8,1702,91,72.1,13.9,14.12,1.298,26.1,motor,
245200,1791191045200,56.632674,-4.683742,91.25,263,318.9,12,0.8,1704,91,72.2,13.9,14.12,1.298,26.1,motor,
245400,1791191045400,56.632669,-4.683824,91.23,263,318.9,12,0.8,1706,91,72.2,13.9,14.12,1.298,26.1,motor,
245600,1791191045600,56.632663,-4.683906,91.21,262.9,318.9,12,0.8,1708,91,72.2,13.9,14.12,1.298,26.1,motor,
245800,1791191045800,56.632657,-4.683989,91.19,262.9,318.9,12,0.8,1710,91,72.2,13.9,14.11,1.297,26.1,motor,
246000,1791191046000,56.632652,-4.684071,91.17,262.8,318.9,12,0.8,1710,91,72.2,13.9,14.11,1.297,26.1,motor,
246200,1791191046200,56.632646,-4.684153,91.15,262.7,319,12,0.8,1710,91,72.3,13.9,14.11,1.297,26.1,motor,
246400,1791191046400,56.63264,-4.684235,91.13,262.7,319,12,0.8,1709,91,72.3,13.9,14.11,1.297,26,motor,
246600,1791191046600,56.632634,-4.684317,91.11,262.6,319,12,0.8,1706,91,72.3,13.9,14.11,1.297,26,motor,
246800,1791191046800,56.632629,-4.684399,91.09,262.6,319,12,0.8,1704,91,72.3,13.9,14.11,1.297,26,motor,
247000,1791191047000,56.632623,-4.684481,91.07,262.5,319,12,0.8,1701,91,72.3,13.9,14.1,1.297,26,motor,
247200,1791191047200,56.632617,-4.684562,91.05,262.5,319,12,0.8,1698,91,72.3,13.9,14.1,1.297,26,motor,
247400,1791191047400,56.632611,-4.684644,91.03,262.4,319.1,12,0.8,1696,91,72.4,13.9,14.1,1.296,26,motor,
247600,1791191047600,56.632605,-4.684726,91.01,262.3,319.1,12,0.8,1696,91,72.4,13.9,14.1,1.296,26,motor,
247800,1791191047800,56.632599,-4.684808,90.99,262.3,319.1,12,0.8,1696,91,72.4,13.9,14.1,1.296,26,motor,
248000,1791191048000,56.632593,-4.68489,90.97,262.2,319.1,12,0.8,1697,91,72.4,13.9,14.1,1.296,26,motor,
248200,1791191048200,56.632587,-4.684972,90.95,262.2,319.1,12,0.8,1699,91,72.4,13.9,14.09,1.296,26,motor,
248400,1791191048400,56.63258,-4.685053,90.93,262.1,319.1,12,0.8,1701,91,72.5,13.9,14.09,1.296,26,motor,
248600,1791191048600,56.632574,-4.685135,90.91,262.1,319.2,12,0.8,1703,91,72.5,13.9,14.09,1.296,26,motor,
248800,1791191048800,56.632568,-4.685217,90.88,262,319.2,12,0.8,1704,91,72.5,13.9,14.09,1.296,26,motor,
249000,1791191049000,56.632561,-4.685298,90.86,261.9,319.2,12,0.8,1705,91,72.5,13.9,14.09,1.295,26,motor,
249200,1791191049200,56.632555,-4.68538,90.84,261.9,319.2,12,0.8,1704,91,72.5,13.9,14.09,1.295,26,motor,
249400,1791191049400,56.632549,-4.685461,90.82,261.8,319.2,12,0.8,1703,91,72.5,13.9,14.09,1.295,26,motor,
249600,1791191049600,56.632542,-4.685543,90.8,261.8,319.2,12,0.8,1700,91,72.6,13.9,14.09,1.295,26,motor,
249800,1791191049800,56.632536,-4.685624,90.77,261.7,319.3,12,0.8,1697,91,72.6,13.9,14.08,1.295,26,motor,
250000,1791191050000,56.632529,-4.685706,90.75,261.6,319.3,12,0.8,1695,91,72.6,13.9,14.08,1.295,26,motor,
250200,1791191050200,56.632523,-4.685787,90.73,261.6,319.3,12,0.8,1692,91,72.6,13.9,14.08,1.295,26,motor,
250400,1791191050400,56.632516,-4.685869,90.7,261.5,319.3,12,0.8,1690,91,72.6,13.9,14.08,1.294,26,motor,
250600,1791191050600,56.632509,-4.68595,90.68,261.5,319.3,12,0.8,1689,91,72.7,13.9,14.08,1.294,25.9,motor,
250800,1791191050800,56.632503,-4.686031,90.66,261.4,319.4,12,0.8,1690,91,72.7,13.9,14.08,1.294,25.9,motor,
251000,1791191051000,56.632496,-4.686113,90.63,261.3,319.4,12,0.8,1691,91,72.7,14,14.08,1.294,25.9,motor,
251200,1791191051200,56.632489,-4.686194,90.61,261.3,319.4,12,0.8,1692,91,72.7,14,14.08,1.294,25.9,motor,
251400,1791191051400,56.632482,-4.686275,90.59,261.2,319.4,12,0.8,1694,91,72.7,14,14.08,1.294,25.9,motor,
251600,1791191051600,56.632475,-4.686356,90.56,261.2,319.4,12,0.8,1696,91,72.7,14,14.08,1.294,25.9,motor,
251800,1791191051800,56.632468,-4.686438,90.54,261.1,319.4,12,0.8,1698,91,72.8,14,14.07,1.293,25.9,motor,
252000,1791191052000,56.632461,-4.686519,90.52,261,319.5,12,0.8,1698,91,72.8,14,14.07,1.293,25.9,motor,
252200,1791191052200,56.632454,-4.6866,90.49,261,319.5,12,0.8,1698,90,72.8,14,14.07,1.293,25.9,motor,
252400,1791191052400,56.632447,-4.686681,90.47,260.9,319.5,12,0.8,1696,90,72.8,14,14.07,1.293,25.9,motor,
252600,1791191052600,56.63244,-4.686762,90.44,260.8,319.5,12,0.8,1694,90,72.8,14,14.07,1.293,25.9,motor,
252800,1791191052800,56.632433,-4.686843,90.42,260.8,319.5,12,0.8,1691,90,72.9,14,14.07,1.293,25.9,motor,
253000,1791191053000,56.632425,-4.686924,90.4,260.7,319.6,12,0.8,1688,90,72.9,14,14.07,1.292,25.9,motor,
253200,1791191053200,56.632418,-4.687005,90.37,260.6,319.6,12,0.8,1685,90,72.9,14,14.07,1.292,25.9,motor,
253400,1791191053400,56.632411,-4.687086,90.35,260.6,319.6,12,0.8,1683,90,72.9,14,14.07,1.292,25.9,motor,
253600,1791191053600,56.632403,-4.687166,90.32,260.5,319.6,12,0.8,1683,90,72.9,14,14.07,1.292,25.9,motor,
253800,1791191053800,56.632396,-4.687247,90.3,260.4,319.6,12,0.8,1683,90,72.9,14,14.07,1.292,25.9,motor,
254000,1791191054000,56.632388,-4.687328,90.27,260.4,319.6,12,0.8,1684,90,73,14,14.07,1.292,25.9,motor,
254200,1791191054200,56.632381,-4.687409,90.25,260.3,319.7,12,0.8,1686,90,73,14,14.07,1.292,25.9,motor,
254400,1791191054400,56.632373,-4.687489,90.22,260.3,319.7,12,0.8,1688,90,73,14,14.07,1.291,25.8,motor,
254600,1791191054600,56.632366,-4.68757,90.2,260.2,319.7,12,0.8,1690,90,73,14,14.07,1.291,25.8,motor,
254800,1791191054800,56.632358,-4.687651,90.17,260.1,319.7,12,0.8,1691,90,73,14,14.07,1.291,25.8,motor,
255000,1791191055000,56.63235,-4.687731,90.15,260.1,319.7,12,0.8,1691,90,73.1,14,14.07,1.291,25.8,motor,
255200,1791191055200,56.632342,-4.687812,90.12,260,319.8,12,0.8,1691,90,73.1,14,14.07,1.291,25.8,motor,
255400,1791191055400,56.632335,-4.687892,90.1,259.9,319.8,12,0.8,1689,90,73.1,14,14.07,1.291,25.8,motor,
255600,1791191055600,56.632327,-4.687973,90.07,259.8,319.8,12,0.8,1687,90,73.1,14,14.07,1.29,25.8,motor,
255800,1791191055800,56.632319,-4.688053,90.05,259.8,319.8,12,0.8,1684,90,73.1,14,14.07,1.29,25.8,motor,
256000,1791191056000,56.632311,-4.688133,90.02,259.7,319.8,12,0.8,1681,90,73.1,14,14.07,1.29,25.8,motor,
256200,1791191056200,56.632303,-4.688214,89.99,259.6,319.8,12,0.8,1678,90,73.2,14,14.07,1.29,25.8,motor,
256400,1791191056400,56.632295,-4.688294,89.97,259.6,319.9,12,0.8,1676,90,73.2,14,14.07,1.29,25.8,motor,
256600,1791191056600,56.632286,-4.688374,89.94,259.5,319.9,12,0.8,1676,90,73.2,14,14.07,1.29,25.8,motor,
256800,1791191056800,56.632278,-4.688454,89.92,259.4,319.9,12,0.8,1676,90,73.2,14,14.07,1.289,25.8,motor,
257000,1791191057000,56.63227,-4.688535,89.89,259.4,319.9,12,0.8,1677,90,73.2,14,14.07,1.289,25.8,motor,
257200,1791191057200,56.632262,-4.688615,89.87,259.3,319.9,12,0.8,1679,90,73.2,14,14.08,1.289,25.8,motor,
257400,1791191057400,56.632253,-4.688695,89.84,259.2,320,12,0.8,1681,90,73.3,14,14.08,1.289,25.8,motor,
257600,1791191057600,56.632245,-4.688775,89.81,259.1,320,12,0.8,1683,90,73.3,14,14.08,1.289,25.8,motor,
257800,1791191057800,56.632237,-4.688855,89.79,259.1,320,12,0.8,1684,90,73.3,14,14.08,1.289,25.8,motor,
258000,1791191058000,56.632228,-4.688935,89.76,259,320,12,0.8,1684,90,73.3,14,14.08,1.289,25.7,motor,
258200,1791191058200,56.632219,-4.689015,89.74,258.9,320,12,0.8,1683,90,73.3,14,14.08,1.288,25.7,motor,
258400,1791191058400,56.632211,-4.689095,89.71,258.8,320,12,0.8,1682,90,73.3,14,14.08,1.288,25.7,motor,
258600,1791191058600,56.632202,-4.689174,89.68,258.8,320.1,12,0.8,1679,90,73.4,14,14.08,1.288,25.7,motor,
258800,1791191058800,56.632193,-4.689254,89.66,258.7,320.1,12,0.8,1676,90,73.4,14,14.08,1.288,25.7,motor,
259000,1791191059000,56.632185,-4.689334,89.63,258.6,320.1,12,0.8,1673,90,73.4,14,14.08,1.288,25.7,motor,
259200,1791191059200,56.632176,-4.689414,89.6,258.5,320.1,12,0.8,1671,90,73.4,14,14.08,1.288,25.7,motor,
259400,1791191059400,56.632167,-4.689493,89.58,258.5,320.1,12,0.8,1669,90,73.4,14,14.09,1.287,25.7,motor,
259600,1791191059600,56.632158,-4.689573,89.55,258.4,320.2,12,0.8,1668,90,73.4,14,14.09,1.287,25.7,motor,
259800,1791191059800,56.632149,-4.689652,89.53,258.3,320.2,12,0.8,1669,90,73.5,14,14.09,1.287,25.7,motor,
260000,1791191060000,56.63214,-4.689732,89.5,258.2,320.2,12,0.8,1670,90,73.5,14,14.09,1.287,25.7,motor,
260200,1791191060200,56.632131,-4.689811,89.47,258.2,320.2,12,0.8,1671,89,73.5,14.1,14.09,1.287,25.7,motor,
260400,1791191060400,56.632122,-4.689891,89.45,258.1,320.2,12,0.8,1673,89,73.5,14.1,14.09,1.287,25.7,motor,
260600,1791191060600,56.632112,-4.68997,89.42,258,320.2,12,0.8,1675,89,73.5,14.1,14.09,1.286,25.7,motor,
260800,1791191060800,56.632103,-4.69005,89.4,257.9,320.3,12,0.8,1676,89,73.6,14.1,14.1,1.286,25.7,motor,
261000,1791191061000,56.632094,-4.690129,89.37,257.8,320.3,12,0.8,1677,89,73.6,14.1,14.1,1.286,25.7,motor,
261200,1791191061200,56.632084,-4.690208,89.34,257.8,320.3,12,0.8,1676,89,73.6,14.1,14.1,1.286,25.7,motor,
261400,1791191061400,56.632075,-4.690287,89.32,257.7,320.3,12,0.8,1674,89,73.6,14.1,14.1,1.286,25.6,motor,
261600,1791191061600,56.632065,-4.690366,89.29,257.6,320.3,12,0.8,1672,89,73.6,14.1,14.1,1.286,25.6,motor,
261800,1791191061800,56.632056,-4.690445,89.26,257.5,320.3,12,0.8,1669,89,73.6,14.1,14.1,1.285,25.6,motor,
262000,1791191062000,56.632046,-4.690524,89.24,257.4,320.4,12,0.8,1666,89,73.7,14.1,14.1,1.285,25.6,motor,
262200,1791191062200,56.632036,-4.690603,89.21,257.3,320.4,12,0.8,1663,89,73.7,14.1,14.11,1.285,25.6,motor,
262400,1791191062400,56.632027,-4.690682,89.19,257.3,320.4,12,0.8,1662,89,73.7,14.1,14.11,1.285,25.6,motor,
262600,1791191062600,56.632017,-4.690761,89.16,257.2,320.4,12,0.8,1661,89,73.7,14.1,14.11,1.285,25.6,motor,
262800,1791191062800,56.632007,-4.69084,89.13,257.1,320.4,12,0.8,1661,89,73.7,14.1,14.11,1.285,25.6,motor,
263000,1791191063000,56.631997,-4.690919,89.11,257,320.4,12,0.8,1662,89,73.7,14.1,14.11,1.284,25.6,motor,
263200,1791191063200,56.631987,-4.690998,89.08,256.9,320.5,12,0.8,1664,89,73.8,14.1,14.11,1.284,25.6,motor,
263400,1791191063400,56.631977,-4.691076,89.06,256.8,320.5,12,0.8,1666,89,73.8,14.1,14.12,1.284,25.6,motor,
263600,1791191063600,56.631967,-4.691155,89.03,256.7,320.5,12,0.8,1668,89,73.8,14.1,14.12,1.284,25.6,motor,
263800,1791191063800,56.631956,-4.691234,89.01,256.7,320.5,12,0.8,1669,89,73.8,14.1,14.12,1.284,25.6,motor,
264000,1791191064000,56.631946,-4.691312,88.98,256.6,320.5,12,0.8,1670,89,73.8,14.1,14.12,1.284,25.6,motor,
264200,1791191064200,56.631936,-4.691391,88.95,256.5,320.5,12,0.8,1669,89,73.8,14.1,14.12,1.284,25.6,motor,
264400,1791191064400,56.631925,-4.691469,88.93,256.4,320.6,12,0.8,1667,89,73.9,14.1,14.12,1.283,25.6,motor,
264600,1791191064600,56.631915,-4.691547,88.9,256.3,320.6,12,0.8,1664,89,73.9,14.1,14.13,1.283,25.6,motor,
264800,1791191064800,56.631904,-4.691626,88.88,256.2,320.6,12,0.8,1662,89,73.9,14.1,14.13,1.283,25.6,motor,
265000,1791191065000,56.631894,-4.691704,88.85,256.1,320.6,12,0.9,1659,89,73.9,14.1,14.13,1.283,25.5,motor,
265200,1791191065200,56.631883,-4.691782,88.83,256,320.6,12,0.9,1656,89,73.9,14.1,14.13,1.283,25.5,motor,
265400,1791191065400,56.631872,-4.69186,88.8,255.9,320.6,12,0.9,1654,89,73.9,14.1,14.13,1.283,25.5,motor,
265600,1791191065600,56.631862,-4.691939,88.78,255.8,320.6,12,0.9,1654,89,74,14.1,14.13,1.282,25.5,motor,
265800,1791191065800,56.631851,-4.692017,88.75,255.7,320.7,12,0.9,1654,89,74,14.1,14.14,1.282,25.5,motor,
266000,1791191066000,56.63184,-4.692095,88.73,255.6,320.7,12,0.9,1655,89,74,14.1,14.14,1.282,25.5,motor,
266200,1791191066200,56.631829,-4.692173,88.7,255.5,320.7,12,0.9,1657,89,74,14.1,14.14,1.282,25.5,motor,
266400,1791191066400,56.631818,-4.69225,88.68,255.4,320.7,12,0.9,1659,89,74,14.1,14.14,1.282,25.5,motor,
266600,1791191066600,56.631807,-4.692328,88.65,255.3,320.7,12,0.9,1661,89,74,14.1,14.14,1.282,25.5,motor,
266800,1791191066800,56.631795,-4.692406,88.63,255.2,320.7,12,0.9,1662,89,74.1,14.1,14.14,1.282,25.5,motor,
267000,1791191067000,56.631784,-4.692484,88.6,255.1,320.7,12,0.9,1662,89,74.1,14.1,14.14,1.281,25.5,motor,
267200,1791191067200,56.631773,-4.692561,88.58,255,320.8,12,0.9,1662,89,74.1,14.1,14.15,1.281,25.5,motor,
267400,1791191067400,56.631761,-4.692639,88.56,254.9,320.8,12,0.9,1660,89,74.1,14.1,14.15,1.281,25.5,motor,
267600,1791191067600,56.63175,-4.692717,88.53,254.8,320.8,12,0.9,1657,89,74.1,14.1,14.15,1.281,25.5,motor,
267800,1791191067800,56.631738,-4.692794,88.51,254.7,320.8,12,0.9,1654,89,74.1,14.1,14.15,1.281,25.5,motor,
268000,1791191068000,56.631727,-4.692872,88.48,254.6,320.8,12,0.9,1652,88,74.2,14.1,14.15,1.281,25.5,motor,
268200,1791191068200,56.631715,-4.692949,88.46,254.5,320.8,12,0.9,1649,88,74.2,14.1,14.15,1.28,25.5,motor,
268400,1791191068400,56.631703,-4.693026,88.44,254.4,320.8,12,0.9,1648,88,74.2,14.1,14.15,1.28,25.5,motor,
268600,1791191068600,56.631691,-4.693103,88.41,254.3,320.9,12,0.9,1647,88,74.2,14.1,14.16,1.28,25.5,motor,
268800,1791191068800,56.631679,-4.693181,88.39,254.2,320.9,12,0.9,1647,88,74.2,14.1,14.16,1.28,25.4,motor,
269000,1791191069000,56.631667,-4.693258,88.37,254.1,320.9,12,0.9,1649,88,74.2,14.1,14.16,1.28,25.4,motor,
269200,1791191069200,56.631655,-4.693335,88.34,254,320.9,12,0.9,1651,88,74.2,14.1,14.16,1.28,25.4,motor,
269400,1791191069400,56.631643,-4.693412,88.32,253.9,320.9,12,0.9,1653,88,74.3,14.1,14.16,1.28,25.4,motor,
269600,1791191069600,56.631631,-4.693489,88.3,253.8,320.9,12,0.9,1654,88,74.3,14.2,14.16,1.279,25.4,motor,
269800,1791191069800,56.631618,-4.693566,88.27,253.6,320.9,12,0.9,1656,88,74.3,14.2,14.16,1.279,25.4,motor,
270000,1791191070000,56.631606,-4.693642,88.25,253.5,320.9,12,0.9,1656,88,74.3,14.2,14.16,1.279,25.4,motor,
270200,1791191070200,56.631593,-4.693719,88.23,253.4,321,12,0.9,1655,88,74.3,14.2,14.16,1.279,25.4,motor,
270400,1791191070400,56.631581,-4.693796,88.2,253.3,321,12,0.9,1653,88,74.3,14.2,14.16,1.279,25.4,motor,
270600,1791191070600,56.631568,-4.693873,88.18,253.2,321,12,0.9,1651,88,74.4,14.2,14.16,1.279,25.4,motor,
270800,1791191070800,56.631555,-4.693949,88.16,253.1,321,12,0.9,1648,88,74.4,14.2,14.17,1.279,25.4,motor,
271000,1791191071000,56.631542,-4.694026,88.14,252.9,321,12,0.9,1645,88,74.4,14.2,14.17,1.279,25.4,motor,
271200,1791191071200,56.63153,-4.694102,88.12,252.8,321,12,0.9,1643,88,74.4,14.2,14.17,1.278,25.4,motor,
271400,1791191071400,56.631516,-4.694178,88.09,252.7,321,12,0.9,1641,88,74.4,14.2,14.17,1.278,25.4,motor,
271600,1791191071600,56.631503,-4.694255,88.07,252.6,321,12,0.9,1641,88,74.4,14.2,14.17,1.278,25.4,motor,
271800,1791191071800,56.63149,-4.694331,88.05,252.4,321,12,0.9,1641,88,74.5,14.2,14.17,1.278,25.4,motor,
272000,1791191072000,56.631477,-4.694407,88.03,252.3,321.1,12,0.9,1643,88,74.5,14.2,14.17,1.278,25.4,motor,
272200,1791191072200,56.631464,-4.694483,88.01,252.2,321.1,12,0.9,1644,88,74.5,14.2,14.17,1.278,25.4,motor,
272400,1791191072400,56.63145,-4.694559,87.99,252.1,321.1,12,0.9,1647,88,74.5,14.2,14.17,1.278,25.4,motor,
272600,1791191072600,56.631436,-4.694635,87.97,251.9,321.1,12,0.9,1648,88,74.5,14.2,14.17,1.277,25.4,motor,
272800,1791191072800,56.631423,-4.694711,87.95,251.8,321.1,12,0.9,1650,88,74.5,14.2,14.17,1.277,25.3,motor,
273000,1791191073000,56.631409,-4.694786,87.93,251.7,321.1,12,0.9,1650,88,74.6,14.2,14.17,1.277,25.3,motor,
273200,1791191073200,56.631395,-4.694862,87.91,251.5,321.1,12,0.9,1649,88,74.6,14.2,14.17,1.277,25.3,motor,
273400,1791191073400,56.631381,-4.694938,87.89,251.4,321.1,12,0.9,1647,88,74.6,14.2,14.17,1.277,25.3,motor,
273600,1791191073600,56.631367,-4.695013,87.87,251.2,321.1,12,0.9,1645,88,74.6,14.2,14.17,1.277,25.3,motor,
273800,1791191073800,56.631353,-4.695089,87.85,251.1,321.1,12,0.9,1642,88,74.6,14.2,14.17,1.277,25.3,motor,
274000,1791191074000,56.631339,-4.695164,87.83,251,321.1,12,0.9,1639,88,74.6,14.2,14.17,1.277,25.3,motor,
274200,1791191074200,56.631325,-4.695239,87.81,250.8,321.2,12,0.9,1637,88,74.6,14.2,14.17,1.277,25.3,motor,
274400,1791191074400,56.63131,-4.695315,87.79,250.7,321.2,12,0.9,1635,88,74.7,14.2,14.17,1.276,25.3,motor,
274600,1791191074600,56.631296,-4.69539,87.77,250.5,321.2,12,0.9,1635,88,74.7,14.2,14.17,1.276,25.3,motor,
274800,1791191074800,56.631281,-4.695465,87.75,250.4,321.2,12,0.9,1636,88,74.7,14.2,14.17,1.276,25.3,motor,
275000,1791191075000,56.631266,-4.69554,87.73,250.2,321.2,12,0.9,1637,88,74.7,14.2,14.17,1.276,25.3,motor,
275200,1791191075200,56.631251,-4.695615,87.71,250.1,321.2,12,0.9,1639,88,74.7,14.2,14.17,1.276,25.3,motor,
275400,1791191075400,56.631237,-4.695689,87.7,249.9,321.2,12,0.9,1641,88,74.7,14.2,14.17,1.276,25.3,motor,
275600,1791191075600,56.631222,-4.695764,87.68,249.8,321.2,12,0.9,1643,88,74.8,14.2,14.17,1.276,25.3,motor,
275800,1791191075800,56.631206,-4.695839,87.66,249.6,321.2,12,0.9,1644,88,74.8,14.2,14.17,1.276,25.3,motor,
276000,1791191076000,56.631191,-4.695913,87.64,249.5,321.2,12,0.9,1645,88,74.8,14.2,14.17,1.276,25.3,motor,
276200,1791191076200,56.631176,-4.695988,87.62,249.3,321.2,12,0.9,1644,88,74.8,14.2,14.16,1.275,25.3,motor,
276400,1791191076400,56.63116,-4.696062,87.61,249.2,321.2,12,0.9,1642,88,74.8,14.2,14.16,1.275,25.3,motor,
276600,1791191076600,56.631145,-4.696136,87.59,249,321.2,12,0.9,1640,88,74.8,14.2,14.16,1.275,25.3,motor,
276800,1791191076800,56.631129,-4.69621,87.57,248.8,321.2,12,0.9,1637,88,74.8,14.2,14.16,1.275,25.3,motor,
277000,1791191077000,56.631113,-4.696284,87.56,248.7,321.3,12,0.9,1634,88,74.9,14.2,14.16,1.275,25.3,motor,
277200,1791191077200,56.631097,-4.696358,87.54,248.5,321.3,12,0.9,1632,88,74.9,14.2,14.16,1.275,25.3,motor,
277400,1791191077400,56.631081,-4.696432,87.52,248.3,321.3,12,0.9,1630,88,74.9,14.2,14.16,1.275,25.3,motor,
277600,1791191077600,56.631065,-4.696506,87.51,248.1,321.3,12,0.9,1630,88,74.9,14.2,14.16,1.275,25.3,motor,
277800,1791191077800,56.631049,-4.696579,87.49,248,321.3,12,0.9,1631,87,74.9,14.2,14.16,1.275,25.2,motor,
278000,1791191078000,56.631032,-4.696653,87.48,247.8,321.3,12,0.9,1632,87,74.9,14.2,14.16,1.275,25.2,motor,
278200,1791191078200,56.631016,-4.696726,87.46,247.6,321.3,12,0.9,1634,87,75,14.2,14.15,1.274,25.2,motor,
278400,1791191078400,56.630999,-4.6968,87.45,247.4,321.3,12,0.9,1637,87,75,14.2,14.15,1.274,25.2,motor,
278600,1791191078600,56.630982,-4.696873,87.43,247.3,321.3,12,0.9,1639,87,75,14.2,14.15,1.274,25.2,motor,
278800,1791191078800,56.630965,-4.696946,87.42,247.1,321.3,12,0.9,1640,87,75,14.2,14.15,1.274,25.2,motor,
279000,1791191079000,56.630948,-4.697019,87.4,246.9,321.3,12,0.9,1640,87,75,14.2,14.15,1.274,25.2,motor,
279200,1791191079200,56.630931,-4.697092,87.39,246.7,321.3,12,0.9,1639,87,75,14.2,14.15,1.274,25.2,motor,
279400,1791191079400,56.630914,-4.697165,87.38,246.5,321.3,12,0.9,1638,87,75,14.2,14.15,1.274,25.2,motor,
279600,1791191079600,56.630896,-4.697237,87.36,246.3,321.3,12,0.9,1635,87,75.1,14.3,14.15,1.274,25.2,motor,
279800,1791191079800,56.630879,-4.69731,87.35,246.1,321.3,12,0.9,1632,87,75.1,14.3,14.14,1.274,25.2,motor,
280000,1791191080000,56.630861,-4.697382,87.33,245.9,321.3,12,0.9,1630,87,75.1,14.3,14.14,1.274,25.2,motor,
280200,1791191080200,56.630843,-4.697455,87.32,245.7,321.3,12,0.9,1628,87,75.1,14.3,14.14,1.274,25.2,motor,
280400,1791191080400,56.630825,-4.697527,87.31,245.5,321.3,12,0.9,1626,87,75.1,14.3,14.14,1.274,25.2,motor,
280600,1791191080600,56.630807,-4.697599,87.3,245.3,321.3,12,0.9,1626,87,75.1,14.3,14.14,1.273,25.2,motor,
280800,1791191080800,56.630789,-4.697671,87.28,245.1,321.3,12,0.9,1627,87,75.2,14.3,14.14,1.273,25.2,motor,
281000,1791191081000,56.630771,-4.697742,87.27,244.9,321.3,12,0.9,1629,87,75.2,14.3,14.13,1.273,25.2,motor,
281200,1791191081200,56.630752,-4.697814,87.26,244.6,321.3,12,0.9,1631,87,75.2,14.3,14.13,1.273,25.2,motor,
281400,1791191081400,56.630733,-4.697886,87.25,244.4,321.3,12,0.9,1633,87,75.2,14.3,14.13,1.273,25.2,motor,
281600,1791191081600,56.630715,-4.697957,87.24,244.2,321.3,12,0.9,1635,87,75.2,14.3,14.13,1.273,25.2,motor,
281800,1791191081800,56.630696,-4.698028,87.23,244,321.3,12,0.9,1636,87,75.2,14.3,14.13,1.273,25.2,motor,
282000,1791191082000,56.630676,-4.698099,87.22,243.7,321.3,12,0.9,1637,87,75.2,14.3,14.13,1.273,25.2,motor,
282200,1791191082200,56.630657,-4.69817,87.21,243.5,321.3,12,0.9,1636,87,75.3,14.3,14.12,1.273,25.2,motor,
282400,1791191082400,56.630638,-4.698241,87.2,243.3,321.3,12,0.9,1634,87,75.3,14.3,14.12,1.273,25.2,motor,
282600,1791191082600,56.630618,-4.698311,87.19,243,321.3,12,0.9,1632,87,75.3,14.3,14.12,1.273,25.2,motor,
282800,1791191082800,56.630598,-4.698382,87.18,242.8,321.3,12,0.9,1629,87,75.3,14.3,14.12,1.273,25.2,motor,
283000,1791191083000,56.630578,-4.698452,87.17,242.6,321.3,12,0.9,1627,87,75.3,14.3,14.12,1.273,25.2,motor,
283200,1791191083200,56.630558,-4.698522,87.16,242.3,321.3,12,0.9,1625,87,75.3,14.3,14.12,1.273,25.2,motor,
283400,1791191083400,56.630538,-4.698592,87.15,242.1,321.3,12,0.9,1623,87,75.4,14.3,14.11,1.273,25.2,motor,
283600,1791191083600,56.630518,-4.698662,87.14,241.8,321.3,12,0.9,1623,87,75.4,14.3,14.11,1.272,25.2,motor,
283800,1791191083800,56.630497,-4.698732,87.13,241.6,321.3,12,0.9,1624,87,75.4,14.3,14.11,1.272,25.2,motor,
284000,1791191084000,56.630476,-4.698801,87.12,241.3,321.3,12,0.9,1626,87,75.4,14.3,14.11,1.272,25.2,motor,
284200,1791191084200,56.630455,-4.69887,87.11,241,321.3,12,0.9,1628,87,75.4,14.3,14.11,1.272,25.2,motor,
284400,1791191084400,56.630434,-4.698939,87.11,240.8,321.3,12,0.9,1630,87,75.4,14.3,14.11,1.272,25.2,motor,
284600,1791191084600,56.630413,-4.699008,87.1,240.5,321.3,12,0.9,1632,87,75.4,14.3,14.1,1.272,25.2,motor,
284800,1791191084800,56.630391,-4.699077,87.09,240.2,321.3,12,0.9,1634,87,75.5,14.3,14.1,1.272,25.2,motor,
285000,1791191085000,56.63037,-4.699146,87.09,240,321.3,12,0.9,1634,87,75.5,14.3,14.1,1.272,25.2,motor,
285200,1791191085200,56.630348,-4.699214,87.08,239.7,321.3,12,0.9,1633,87,75.5,14.3,14.1,1.272,25.2,motor,
285400,1791191085400,56.630326,-4.699282,87.07,239.4,321.3,12,0.9,1632,87,75.5,14.3,14.1,1.272,25.2,motor,
285600,1791191085600,56.630304,-4.69935,87.07,239.1,321.3,12,0.9,1629,87,75.5,14.3,14.1,1.272,25.2,motor,
285800,1791191085800,56.630281,-4.699418,87.06,238.8,321.3,12,0.9,1627,87,75.5,14.3,14.1,1.272,25.2,motor,
286000,1791191086000,56.630259,-4.699485,87.05,238.5,321.2,12,0.9,1624,87,75.5,14.3,14.09,1.272,25.2,motor,
286200,1791191086200,56.630236,-4.699552,87.05,238.2,321.2,12,0.9,1622,87,75.6,14.3,14.09,1.272,25.2,motor,
286400,1791191086400,56.630213,-4.699619,87.04,237.9,321.2,12,0.9,1621,87,75.6,14.3,14.09,1.272,25.1,motor,
286600,1791191086600,56.63019,-4.699686,87.04,237.6,321.2,12,0.9,1621,87,75.6,14.3,14.09,1.272,25.1,motor,
286800,1791191086800,56.630167,-4.699753,87.04,237.3,321.2,12,0.9,1622,87,75.6,14.3,14.09,1.272,25.1,motor,
287000,1791191087000,56.630143,-4.699819,87.03,237,321.2,12,0.9,1624,87,75.6,14.3,14.09,1.272,25.1,motor,
287200,1791191087200,56.63012,-4.699885,87.03,236.7,321.2,12,0.9,1627,87,75.6,14.3,14.09,1.272,25.1,motor,
287400,1791191087400,56.630096,-4.699951,87.02,236.4,321.2,12,0.9,1629,87,75.6,14.3,14.08,1.272,25.1,motor,
287600,1791191087600,56.630072,-4.700017,87.02,236,321.2,12,0.9,1631,87,75.7,14.3,14.08,1.272,25.1,motor,
287800,1791191087800,56.630047,-4.700082,87.02,235.7,321.2,12,0.9,1632,87,75.7,14.3,14.08,1.272,25.1,motor,
288000,1791191088000,56.630023,-4.700148,87.01,235.4,321.2,12,0.9,1633,87,75.7,14.3,14.08,1.272,25.1,motor,
288200,1791191088200,56.629998,-4.700212,87.01,235,321.2,12,0.9,1632,87,75.7,14.3,14.08,1.272,25.1,motor,
288400,1791191088400,56.629973,-4.700277,87.01,234.7,321.2,12,0.9,1630,87,75.7,14.3,14.08,1.272,25.1,motor,
288600,1791191088600,56.629948,-4.700341,87.01,234.4,321.1,12,0.9,1628,87,75.7,14.3,14.08,1.272,25.1,motor,
288800,1791191088800,56.629922,-4.700405,87,234,321.1,12,0.9,1626,87,75.7,14.3,14.08,1.272,25.1,motor,
289000,1791191089000,56.629897,-4.700469,87,233.7,321.1,12,0.9,1623,87,75.8,14.3,14.08,1.272,25.1,motor,
289200,1791191089200,56.629871,-4.700533,87,233.3,321.1,12,0.9,1622,87,75.8,14.3,14.08,1.272,25.1,motor,
289400,1791191089400,56.629845,-4.700596,87,233,321.1,12,0.9,1621,87,75.8,14.3,14.08,1.272,25.1,motor,
289600,1791191089600,56.629819,-4.700659,87,232.6,321.1,12,0.9,1621,87,75.8,14.3,14.07,1.272,25.1,motor,
289800,1791191089800,56.629792,-4.700721,87,232.2,321.1,12,0.9,1622,87,75.8,14.3,14.07,1.272,25.1,motor,
290000,1791191090000,56.629766,-4.700784,87,231.9,321.1,12,0.9,1624,87,75.8,14.3,14.07,1.272,25.1,motor,
290200,1791191090200,56.629739,-4.700846,87,231.5,321.1,12,0.9,1626,87,75.8,14.3,14.07,1.272,25.2,motor,
290400,1791191090400,56.629712,-4.700907,87,231.2,321.1,12,0.9,1629,87,75.9,14.3,14.07,1.272,25.2,motor,
290600,1791191090600,56.629685,-4.700969,87,230.8,321,12,0.9,1631,87,75.9,14.3,14.07,1.273,25.2,motor,
290800,1791191090800,56.629657,-4.70103,87,230.4,321,12,0.9,1632,87,75.9,14.3,14.07,1.273,25.2,motor,
291000,1791191091000,56.629629,-4.701091,87,230,321,10,0.9,1633,87,75.9,14.3,14.07,1.274,25.2,motor,
291200,1791191091200,56.629601,-4.701151,87.01,229.7,321,10,0.9,1632,87,75.9,14.3,14.07,1.274,25.3,motor,
291400,1791191091400,56.629573,-4.701211,87.01,229.3,321,10,0.9,1630,87,75.9,14.4,14.07,1.274,25.3,motor,
291600,1791191091600,56.629545,-4.701271,87.01,228.9,321,10,0.9,1628,87,75.9,14.4,14.07,1.275,25.3,motor,
291800,1791191091800,56.629516,-4.70133,87.01,228.5,321,10,0.9,1626,87,76,14.4,14.07,1.275,25.3,motor,
292000,1791191092000,56.629487,-4.701389,87.02,228.1,320.9,10,0.9,1624,87,76,14.4,14.07,1.276,25.3,motor,
292200,1791191092200,56.629458,-4.701448,87.02,227.7,320.9,10,0.9,1622,87,76,14.4,14.07,1.276,25.4,motor,
292400,1791191092400,56.629429,-4.701506,87.03,227.4,320.9,10,0.9,1621,87,76,14.4,14.07,1.276,25.4,motor,
292600,1791191092600,56.6294,-4.701564,87.03,227,320.9,10,0.9,1621,87,76,14.4,14.07,1.277,25.4,motor,
292800,1791191092800,56.62937,-4.701622,87.04,226.6,320.9,10,0.9,1623,87,76,14.4,14.07,1.277,25.4,motor,
293000,1791191093000,56.62934,-4.701679,87.04,226.2,320.9,10,0.9,1625,87,76,14.4,14.07,1.278,25.4,motor,
293200,1791191093200,56.62931,-4.701736,87.05,225.8,320.9,10,0.9,1627,87,76.1,14.4,14.07,1.278,25.5,motor,
293400,1791191093400,56.629279,-4.701792,87.05,225.4,320.8,10,0.9,1630,87,76.1,14.4,14.07,1.278,25.5,motor,
293600,1791191093600,56.629249,-4.701848,87.06,225,320.8,10,0.9,1632,87,76.1,14.4,14.07,1.279,25.5,motor,
293800,1791191093800,56.629218,-4.701904,87.07,224.6,320.8,10,0.9,1633,87,76.1,14.4,14.07,1.279,25.5,motor,
294000,1791191094000,56.629187,-4.70196,87.07,224.3,320.8,10,0.9,1634,87,76.1,14.4,14.07,1.28,25.5,motor,
294200,1791191094200,56.629156,-4.702015,87.08,223.9,320.8,10,0.9,1633,87,76.1,14.4,14.07,1.28,25.6,motor,
294400,1791191094400,56.629125,-4.702069,87.09,223.5,320.7,10,0.9,1632,87,76.1,14.4,14.07,1.28,25.6,motor,
294600,1791191094600,56.629093,-4.702123,87.1,223.1,320.7,10,0.9,1630,87,76.2,14.4,14.07,1.281,25.6,motor,
294800,1791191094800,56.629061,-4.702177,87.11,222.7,320.7,10,0.9,1627,87,76.2,14.4,14.07,1.281,25.6,motor,
295000,1791191095000,56.629029,-4.702231,87.11,222.4,320.7,10,0.9,1625,87,76.2,14.4,14.08,1.282,25.6,motor,
295200,1791191095200,56.628997,-4.702284,87.12,222,320.7,10,0.9,1624,87,76.2,14.4,14.08,1.282,25.7,motor,
295400,1791191095400,56.628965,-4.702337,87.13,221.6,320.7,10,0.9,1623,87,76.2,14.4,14.08,1.283,25.7,motor,
295600,1791191095600,56.628932,-4.702389,87.14,221.3,320.6,10,0.9,1623,87,76.2,14.4,14.08,1.283,25.7,motor,
295800,1791191095800,56.628899,-4.702441,87.15,220.9,320.6,10,0.9,1625,87,76.2,14.4,14.08,1.283,25.7,motor,
296000,1791191096000,56.628866,-4.702493,87.16,220.5,320.6,10,0.9,1627,87,76.3,14.4,14.08,1.284,25.7,motor,
296200,1791191096200,56.628833,-4.702544,87.17,220.2,320.6,10,0.9,1630,87,76.3,14.4,14.08,1.284,25.8,motor,
296400,1791191096400,56.6288,-4.702595,87.19,219.8,320.6,10,0.9,1632,87,76.3,14.4,14.08,1.285,25.8,motor,
296600,1791191096600,56.628767,-4.702646,87.2,219.5,320.5,10,0.9,1635,87,76.3,14.4,14.08,1.285,25.8,motor,
296800,1791191096800,56.628733,-4.702696,87.21,219.2,320.5,10,0.9,1636,87,76.3,14.4,14.08,1.285,25.8,motor,
297000,1791191097000,56.628699,-4.702746,87.22,218.8,320.5,10,0.9,1637,87,76.3,14.4,14.09,1.286,25.8,motor,
297200,1791191097200,56.628665,-4.702795,87.23,218.5,320.5,10,0.9,1636,87,76.3,14.4,14.09,1.286,25.9,motor,
297400,1791191097400,56.628631,-4.702844,87.25,218.2,320.4,10,0.9,1635,87,76.4,14.4,14.09,1.287,25.9,motor,
297600,1791191097600,56.628597,-4.702893,87.26,217.9,320.4,10,0.9,1633,87,76.4,14.4,14.09,1.287,25.9,motor,
297800,1791191097800,56.628562,-4.702942,87.27,217.6,320.4,10,0.9,1630,87,76.4,14.4,14.09,1.287,25.9,motor,
298000,1791191098000,56.628528,-4.70299,87.29,217.3,320.4,10,0.9,1628,87,76.4,14.4,14.09,1.288,25.9,motor,
298200,1791191098200,56.628493,-4.703038,87.3,217,320.3,10,0.9,1627,87,76.4,14.4,14.09,1.288,26,motor,
298400,1791191098400,56.628458,-4.703085,87.31,216.7,320.3,10,0.9,1626,87,76.4,14.4,14.09,1.289,26,motor,
298600,1791191098600,56.628423,-4.703133,87.33,216.4,320.3,10,0.9,1627,87,76.4,14.4,14.1,1.289,26,motor,
298800,1791191098800,56.628388,-4.70318,87.34,216.1,320.3,10,0.9,1628,87,76.4,14.4,14.1,1.289,26,motor,
299000,1791191099000,56.628353,-4.703226,87.36,215.9,320.2,10,0.9,1631,87,76.5,14.4,14.1,1.29,26,motor,
299200,1791191099200,56.628318,-4.703273,87.37,215.6,320.2,10,0.9,1634,87,76.5,14.4,14.1,1.29,26,motor,
299400,1791191099400,56.628282,-4.703319,87.39,215.4,320.2,10,0.9,1636,87,76.5,14.4,14.1,1.291,26.1,motor,
299600,1791191099600,56.628247,-4.703364,87.41,215.1,320.2,10,0.9,1639,87,76.5,14.4,14.1,1.291,26.1,motor,
299800,1791191099800,56.628211,-4.70341,87.42,214.9,320.1,10,0.9,1640,87,76.5,14.4,14.11,1.291,26.1,motor,
300000,1791191100000,56.628175,-4.703455,87.44,214.7,320.1,10,0.9,1641,87,76.5,14.4,14.11,1.292,26.1,motor,
300200,1791191100200,56.628139,-4.7035,87.46,214.5,320.1,10,0.9,1640,87,76.5,14.4,14.11,1.292,26.1,motor,
300400,1791191100400,56.628103,-4.703545,87.47,214.3,320.1,10,0.9,1639,87,76.6,14.4,14.11,1.292,26.2,motor,
300600,1791191100600,56.628067,-4.70359,87.49,214.1,320,10,0.9,1637,87,76.6,14.4,14.11,1.293,26.2,motor,
300800,1791191100800,56.628031,-4.703634,87.51,213.9,320,10,0.9,1635,88,76.6,14.4,14.11,1.293,26.2,motor,
301000,1791191101000,56.627994,-4.703678,87.53,213.7,320,10,0.9,1633,88,76.6,14.4,14.12,1.293,26.2,motor,
301200,1791191101200,56.627958,-4.703722,87.54,213.5,320,10,0.9,1631,88,76.6,14.4,14.12,1.294,26.2,motor,
301400,1791191101400,56.627922,-4.703766,87.56,213.3,319.9,10,0.9,1631,88,76.6,14.4,14.12,1.294,26.2,motor,
301600,1791191101600,56.627885,-4.70381,87.58,213.2,319.9,10,0.9,1632,88,76.6,14.4,14.12,1.295,26.3,motor,
301800,1791191101800,56.627848,-4.703853,87.6,213,319.9,10,0.9,1633,88,76.6,14.4,14.12,1.295,26.3,motor,
302000,1791191102000,56.627812,-4.703896,87.62,212.9,319.8,10,0.9,1636,88,76.7,14.4,14.12,1.295,26.3,motor,
302200,1791191102200,56.627775,-4.703939,87.64,212.7,319.8,10,0.9,1639,88,76.7,14.4,14.13,1.296,26.3,motor,
302400,1791191102400,56.627738,-4.703982,87.66,212.6,319.8,10,0.9,1641,88,76.7,14.4,14.13,1.296,26.3,motor,
302600,1791191102600,56.627701,-4.704025,87.68,212.4,319.7,10,0.9,1644,88,76.7,14.4,14.13,1.296,26.3,motor,
302800,1791191102800,56.627664,-4.704068,87.7,212.3,319.7,10,0.9,1645,88,76.7,14.4,14.13,1.297,26.3,motor,
303000,1791191103000,56.627627,-4.70411,87.72,212.2,319.7,10,0.9,1646,88,76.7,14.4,14.13,1.297,26.4,motor,
303200,1791191103200,56.62759,-4.704153,87.74,212.1,319.6,10,0.9,1645,88,76.7,14.4,14.13,1.297,26.4,motor,
303400,1791191103400,56.627553,-4.704195,87.76,212,319.6,10,0.9,1644,88,76.8,14.4,14.13,1.298,26.4,motor,
303600,1791191103600,56.627516,-4.704237,87.78,211.9,319.6,10,0.9,1642,88,76.8,14.4,14.14,1.298,26.4,motor,
303800,1791191103800,56.627479,-4.704279,87.8,211.8,319.5,10,0.9,1640,88,76.8,14.4,14.14,1.298,26.4,motor,
304000,1791191104000,56.627442,-4.704321,87.82,211.7,319.5,10,0.9,1638,88,76.8,14.4,14.14,1.298,26.4,motor,
304200,1791191104200,56.627404,-4.704363,87.84,211.6,319.5,10,0.9,1637,88,76.8,14.4,14.14,1.299,26.4,motor,
304400,1791191104400,56.627367,-4.704405,87.86,211.6,319.4,10,0.9,1637,88,76.8,14.4,14.14,1.299,26.5,motor,
304600,1791191104600,56.62733,-4.704446,87.88,211.5,319.4,10,0.9,1637,88,76.8,14.4,14.14,1.299,26.5,motor,
304800,1791191104800,56.627292,-4.704488,87.9,211.4,319.4,10,0.9,1639,88,76.8,14.4,14.15,1.3,26.5,motor,
305000,1791191105000,56.627255,-4.70453,87.93,211.4,319.3,10,0.9,1642,88,76.9,14.4,14.15,1.3,26.5,motor,
305200,1791191105200,56.627217,-4.704571,87.95,211.3,319.3,10,0.9,1644,88,76.9,14.4,14.15,1.3,26.5,motor,
305400,1791191105400,56.62718,-4.704612,87.97,211.2,319.3,10,0.9,1647,88,76.9,14.4,14.15,1.3,26.5,motor,
305600,1791191105600,56.627142,-4.704654,87.99,211.2,319.2,10,0.9,1650,88,76.9,14.4,14.15,1.301,26.5,motor,
305800,1791191105800,56.627105,-4.704695,88.01,211.2,319.2,10,0.9,1651,88,76.9,14.4,14.15,1.301,26.5,motor,
306000,1791191106000,56.627067,-4.704736,88.04,211.1,319.2,10,0.9,1652,88,76.9,14.4,14.15,1.301,26.6,motor,
306200,1791191106200,56.627029,-4.704778,88.06,211.1,319.1,10,0.9,1651,88,76.9,14.4,14.15,1.302,26.6,motor,
306400,1791191106400,56.626992,-4.704819,88.08,211,319.1,10,0.9,1650,88,77,14.4,14.16,1.302,26.6,motor,
306600,1791191106600,56.626954,-4.70486,88.1,211,319.1,10,0.9,1648,88,77,14.4,14.16,1.302,26.6,motor,
306800,1791191106800,56.626916,-4.704901,88.13,211,319,10,0.9,1646,88,77,14.4,14.16,1.302,26.6,motor,
307000,1791191107000,56.626879,-4.704942,88.15,210.9,319,10,0.9,1644,88,77,14.4,14.16,1.302,26.6,motor,
307200,1791191107200,56.626841,-4.704983,88.17,210.9,318.9,10,0.9,1643,88,77,14.4,14.16,1.303,26.6,motor,
307400,1791191107400,56.626803,-4.705025,88.2,210.9,318.9,10,0.9,1643,88,77,14.5,14.16,1.303,26.6,motor,
307600,1791191107600,56.626765,-4.705066,88.22,210.8,318.9,10,0.9,1644,88,77,14.5,14.16,1.303,26.6,motor,
307800,1791191107800,56.626728,-4.705107,88.24,210.8,318.8,10,0.9,1645,88,77,14.5,14.16,1.303,26.6,motor,
308000,1791191108000,56.62669,-4.705148,88.27,210.8,318.8,10,0.9,1648,88,77.1,14.5,14.16,1.304,26.6,motor,
308200,1791191108200,56.626652,-4.705189,88.29,210.8,318.7,10,0.9,1651,88,77.1,14.5,14.16,1.304,26.7,motor,
308400,1791191108400,56.626614,-4.70523,88.31,210.7,318.7,10,0.9,1654,88,77.1,14.5,14.17,1.304,26.7,motor,
308600,1791191108600,56.626576,-4.70527,88.34,210.7,318.7,10,0.9,1656,88,77.1,14.5,14.17,1.304,26.7,motor,
308800,1791191108800,56.626538,-4.705311,88.36,210.7,318.6,10,0.9,1658,88,77.1,14.5,14.17,1.304,26.7,motor,
309000,1791191109000,56.6265,-4.705352,88.38,210.7,318.6,10,0.9,1658,88,77.1,14.5,14.17,1.304,26.7,motor,
309200,1791191109200,56.626462,-4.705393,88.41,210.6,318.5,10,0.9,1658,88,77.1,14.5,14.17,1.305,26.7,motor,
309400,1791191109400,56.626424,-4.705434,88.43,210.6,318.5,10,0.9,1656,88,77.1,14.5,14.17,1.305,26.7,motor,
309600,1791191109600,56.626386,-4.705475,88.45,210.6,318.5,10,0.9,1655,88,77.2,14.5,14.17,1.305,26.7,motor,
309800,1791191109800,56.626348,-4.705516,88.48,210.6,318.4,10,0.9,1653,88,77.2,14.5,14.17,1.305,26.7,motor,
310000,1791191110000,56.62631,-4.705557,88.5,210.6,318.4,10,0.9,1651,88,77.2,14.5,14.17,1.305,26.7,motor,
310200,1791191110200,56.626272,-4.705597,88.52,210.5,318.3,10,0.9,1650,89,77.2,14.5,14.17,1.305,26.7,motor,
310400,1791191110400,56.626234,-4.705638,88.55,210.5,318.3,10,0.9,1649,89,77.2,14.5,14.17,1.306,26.7,motor,
310600,1791191110600,56.626196,-4.705679,88.57,210.5,318.2,10,0.9,1650,89,77.2,14.5,14.17,1.306,26.7,motor,
310800,1791191110800,56.626158,-4.70572,88.59,210.4,318.2,10,0.9,1652,89,77.2,14.5,14.17,1.306,26.7,motor,
311000,1791191111000,56.62612,-4.70576,88.62,210.4,318.2,10,0.9,1655,89,77.2,14.5,14.17,1.306,26.7,motor,
311200,1791191111200,56.626082,-4.705801,88.64,210.4,318.1,10,0.9,1658,89,77.3,14.5,14.17,1.306,26.7,motor,
311400,1791191111400,56.626044,-4.705842,88.66,210.4,318.1,10,0.9,1660,89,77.3,14.5,14.17,1.306,26.7,motor,
311600,1791191111600,56.626005,-4.705882,88.69,210.3,318,10,0.9,1663,89,77.3,14.5,14.17,1.306,26.7,motor,
311800,1791191111800,56.625967,-4.705923,88.71,210.3,318,10,0.9,1664,89,77.3,14.5,14.17,1.306,26.7,motor,
312000,1791191112000,56.625929,-4.705964,88.73,210.3,317.9,10,0.9,1665,89,77.3,14.5,14.17,1.306,26.7,motor,
312200,1791191112200,56.625891,-4.706004,88.76,210.2,317.9,10,0.9,1664,89,77.3,14.5,14.17,1.306,26.8,motor,
312400,1791191112400,56.625852,-4.706045,88.78,210.2,317.8,10,0.9,1663,89,77.3,14.5,14.17,1.307,26.8,motor,
312600,1791191112600,56.625814,-4.706085,88.8,210.1,317.8,10,0.9,1661,89,77.3,14.5,14.17,1.307,26.8,motor,
312800,1791191112800,56.625776,-4.706126,88.83,210.1,317.8,10,0.9,1659,89,77.4,14.5,14.17,1.307,26.8,motor,
313000,1791191113000,56.625737,-4.706166,88.85,210,317.7,10,0.9,1657,89,77.4,14.5,14.17,1.307,26.8,motor,
313200,1791191113200,56.625699,-4.706206,88.87,210,317.7,10,0.9,1656,89,77.4,14.5,14.17,1.307,26.8,motor,
313400,1791191113400,56.625661,-4.706247,88.9,209.9,317.6,10,0.9,1656,89,77.4,14.5,14.17,1.307,26.8,motor,
313600,1791191113600,56.625622,-4.706287,88.92,209.9,317.6,10,0.9,1657,89,77.4,14.5,14.17,1.307,26.8,motor,
313800,1791191113800,56.625584,-4.706327,88.94,209.8,317.5,10,0.9,1659,89,77.4,14.5,14.16,1.307,26.8,motor,
314000,1791191114000,56.625545,-4.706367,88.96,209.8,317.5,10,0.9,1661,89,77.4,14.5,14.16,1.307,26.8,motor,
314200,1791191114200,56.625507,-4.706407,88.99,209.7,317.4,10,0.9,1664,89,77.4,14.5,14.16,1.307,26.8,motor,
314400,1791191114400,56.625468,-4.706447,89.01,209.6,317.4,10,0.9,1667,89,77.5,14.5,14.16,1.307,26.8,motor,
314600,1791191114600,56.625429,-4.706487,89.03,209.6,317.3,10,0.9,1669,89,77.5,14.5,14.16,1.307,26.7,motor,
314800,1791191114800,56.625391,-4.706527,89.05,209.5,317.3,10,0.9,1671,89,77.5,14.5,14.16,1.307,26.7,motor,
315000,1791191115000,56.625352,-4.706567,89.07,209.4,317.2,10,0.9,1671,89,77.5,14.5,14.16,1.307,26.7,motor,
315200,1791191115200,56.625313,-4.706606,89.1,209.4,317.2,10,0.9,1671,89,77.5,14.5,14.16,1.307,26.7,motor,
315400,1791191115400,56.625274,-4.706646,89.12,209.3,317.1,10,0.9,1669,89,77.5,14.5,14.16,1.307,26.7,motor,
315600,1791191115600,56.625236,-4.706685,89.14,209.2,317.1,10,0.9,1667,89,77.5,14.5,14.16,1.307,26.7,motor,
315800,1791191115800,56.625197,-4.706725,89.16,209.1,317,10,0.9,1665,89,77.5,14.5,14.15,1.307,26.7,motor,
316000,1791191116000,56.625158,-4.706764,89.18,209,317,10,0.9,1663,89,77.6,14.5,14.15,1.307,26.7,motor,
316200,1791191116200,56.625119,-4.706803,89.2,208.9,316.9,10,0.9,1662,89,77.6,14.5,14.15,1.307,26.7,motor,
316400,1791191116400,56.62508,-4.706843,89.22,208.8,316.9,10,0.9,1662,89,77.6,14.5,14.15,1.307,26.7,motor,
316600,1791191116600,56.625041,-4.706882,89.24,208.7,316.8,10,0.9,1663,89,77.6,14.5,14.15,1.307,26.7,motor,
316800,1791191116800,56.625002,-4.70692,89.26,208.6,316.8,10,0.9,1665,89,77.6,14.5,14.15,1.307,26.7,motor,
317000,1791191117000,56.624963,-4.706959,89.28,208.5,316.7,10,0.9,1667,89,77.6,14.5,14.15,1.306,26.7,motor,
317200,1791191117200,56.624924,-4.706998,89.3,208.4,316.7,10,0.9,1670,89,77.6,14.5,14.15,1.306,26.7,motor,
317400,1791191117400,56.624884,-4.707036,89.32,208.3,316.6,10,0.9,1673,89,77.6,14.5,14.14,1.306,26.7,motor,
317600,1791191117600,56.624845,-4.707075,89.34,208.2,316.6,10,0.9,1675,89,77.7,14.5,14.14,1.306,26.7,motor,
317800,1791191117800,56.624806,-4.707113,89.36,208.1,316.5,10,0.9,1677,89,77.7,14.5,14.14,1.306,26.7,motor,
318000,1791191118000,56.624767,-4.707151,89.38,208,316.4,10,0.7,1677,89,77.7,14.5,14.14,1.306,26.7,motor,
318200,1791191118200,56.624727,-4.707189,89.4,207.9,316.4,10,0.7,1676,89,77.7,14.5,14.14,1.306,26.7,motor,
318400,1791191118400,56.624688,-4.707227,89.42,207.7,316.3,10,0.7,1675,89,77.7,14.5,14.14,1.306,26.7,motor,
318600,1791191118600,56.624648,-4.707265,89.44,207.6,316.3,10,0.7,1673,89,77.7,14.5,14.14,1.306,26.6,motor,
318800,1791191118800,56.624609,-4.707302,89.46,207.5,316.2,10,0.7,1671,89,77.7,14.5,14.13,1.306,26.6,motor,
319000,1791191119000,56.624569,-4.70734,89.47,207.3,316.2,10,0.7,1669,89,77.7,14.5,14.13,1.305,26.6,motor,
319200,1791191119200,56.624529,-4.707377,89.49,207.2,316.1,10,0.7,1668,89,77.8,14.5,14.13,1.305,26.6,motor,
319400,1791191119400,56.62449,-4.707414,89.51,207.1,316.1,10,0.7,1667,90,77.8,14.5,14.13,1.305,26.6,motor,
319600,1791191119600,56.62445,-4.707451,89.53,206.9,316,10,0.7,1668,90,77.8,14.5,14.13,1.305,26.6,motor,
319800,1791191119800,56.62441,-4.707488,89.54,206.8,316,10,0.7,1670,90,77.8,14.5,14.13,1.305,26.6,motor,
320000,1791191120000,56.62437,-4.707524,89.56,206.6,315.9,10,0.7,1673,90,77.8,14.5,14.12,1.305,26.6,motor,
320200,1791191120200,56.62433,-4.707561,89.58,206.5,315.8,10,0.7,1675,90,77.8,14.5,14.12,1.304,26.6,motor,
320400,1791191120400,56.62429,-4.707597,89.59,206.3,315.8,10,0.7,1678,90,77.8,14.5,14.12,1.304,26.6,motor,
320600,1791191120600,56.62425,-4.707633,89.61,206.1,315.7,10,0.7,1680,90,77.8,14.5,14.12,1.304,26.6,motor,
320800,1791191120800,56.62421,-4.707668,89.63,206,315.7,10,0.7,1681,90,77.8,14.5,14.12,1.304,26.5,motor,
321000,1791191121000,56.624169,-4.707704,89.64,205.8,315.6,10,0.7,1682,90,77.9,14.5,14.12,1.304,26.5,motor,
321200,1791191121200,56.624129,-4.707739,89.66,205.6,315.6,10,0.7,1681,90,77.9,14.5,14.11,1.304,26.5,motor,
321400,1791191121400,56.624089,-4.707774,89.67,205.5,315.5,10,0.7,1679,90,77.9,14.5,14.11,1.303,26.5,motor,
321600,1791191121600,56.624048,-4.707809,89.69,205.3,315.4,10,0.7,1677,90,77.9,14.5,14.11,1.303,26.5,motor,
321800,1791191121800,56.624008,-4.707844,89.7,205.1,315.4,10,0.7,1675,90,77.9,14.5,14.11,1.303,26.5,motor,
322000,1791191122000,56.623967,-4.707878,89.71,204.9,315.3,10,0.7,1673,90,77.9,14.5,14.11,1.303,26.5,motor,
322200,1791191122200,56.623927,-4.707913,89.73,204.7,315.3,10,0.7,1672,90,77.9,14.5,14.11,1.302,26.5,motor,
322400,1791191122400,56.623886,-4.707947,89.74,204.5,315.2,10,0.7,1672,90,77.9,14.5,14.1,1.302,26.4,motor,
322600,1791191122600,56.623845,-4.70798,89.75,204.3,315.2,10,0.7,1673,90,78,14.5,14.1,1.302,26.4,motor,
322800,1791191122800,56.623804,-4.708014,89.77,204.1,315.1,10,0.7,1674,90,78,14.5,14.1,1.302,26.4,motor,
323000,1791191123000,56.623764,-4.708047,89.78,203.9,315,10,0.7,1677,90,78,14.5,14.1,1.301,26.4,motor,
323200,1791191123200,56.623723,-4.70808,89.79,203.7,315,10,0.7,1680,90,78,14.5,14.1,1.301,26.4,motor,
323400,1791191123400,56.623681,-4.708113,89.8,203.5,314.9,10,0.7,1682,90,78,14.5,14.1,1.301,26.4,motor,
323600,1791191123600,56.62364,-4.708145,89.81,203.3,314.9,10,0.7,1684,90,78,14.5,14.09,1.301,26.4,motor,
323800,1791191123800,56.623599,-4.708177,89.83,203.1,314.8,10,0.7,1685,90,78,14.5,14.09,1.3,26.3,motor,
324000,1791191124000,56.623558,-4.708209,89.84,202.9,314.7,10,0.7,1685,90,78,14.5,14.09,1.3,26.3,motor,
324200,1791191124200,56.623517,-4.708241,89.85,202.6,314.7,10,0.7,1684,90,78,14.5,14.09,1.3,26.3,motor,
324400,1791191124400,56.623475,-4.708272,89.86,202.4,314.6,10,0.7,1683,90,78.1,14.5,14.09,1.3,26.3,motor,
324600,1791191124600,56.623434,-4.708303,89.87,202.2,314.6,10,0.7,1681,90,78.1,14.5,14.09,1.299,26.3,motor,
324800,1791191124800,56.623392,-4.708334,89.88,201.9,314.5,10,0.7,1678,90,78.1,14.5,14.09,1.299,26.3,motor,
325000,1791191125000,56.623351,-4.708364,89.89,201.7,314.4,10,0.7,1676,90,78.1,14.5,14.09,1.299,26.3,motor,
325200,1791191125200,56.623309,-4.708394,89.89,201.5,314.4,10,0.7,1675,90,78.1,14.5,14.08,1.298,26.2,motor,
325400,1791191125400,56.623267,-4.708424,89.9,201.2,314.3,10,0.7,1675,90,78.1,14.6,14.08,1.298,26.2,motor,
325600,1791191125600,56.623225,-4.708453,89.91,201,314.2,10,0.7,1676,90,78.1,14.6,14.08,1.298,26.2,motor,
325800,1791191125800,56.623183,-4.708482,89.92,200.7,314.2,10,0.7,1677,90,78.1,14.6,14.08,1.297,26.2,motor,
326000,1791191126000,56.623141,-4.708511,89.93,200.5,314.1,10,0.7,1680,90,78.2,14.6,14.08,1.297,26.2,motor,
326200,1791191126200,56.623099,-4.70854,89.93,200.2,314.1,10,0.7,1682,90,78.2,14.6,14.08,1.297,26.2,motor,
326400,1791191126400,56.623057,-4.708568,89.94,200,314,10,0.7,1685,90,78.2,14.6,14.08,1.296,26.1,motor,
326600,1791191126600,56.623015,-4.708595,89.95,199.7,313.9,10,0.7,1687,90,78.2,14.6,14.08,1.296,26.1,motor,
326800,1791191126800,56.622973,-4.708623,89.95,199.4,313.9,10,0.7,1688,90,78.2,14.6,14.08,1.296,26.1,motor,
327000,1791191127000,56.62293,-4.70865,89.96,199.2,313.8,10,0.7,1688,90,78.2,14.6,14.08,1.295,26.1,motor,
327200,1791191127200,56.622888,-4.708677,89.96,198.9,313.7,10,0.7,1687,90,78.2,14.6,14.07,1.295,26.1,motor,
327400,1791191127400,56.622845,-4.708703,89.97,198.6,313.7,10,0.7,1685,90,78.2,14.6,14.07,1.295,26,motor,
327600,1791191127600,56.622803,-4.708729,89.97,198.3,313.6,10,0.7,1682,90,78.2,14.6,14.07,1.294,26,motor,
327800,1791191127800,56.62276,-4.708754,89.98,198,313.6,10,0.7,1680,90,78.3,14.6,14.07,1.294,26,motor,
328000,1791191128000,56.622717,-4.708779,89.98,197.8,313.5,10,0.7,1678,90,78.3,14.6,14.07,1.294,26,motor,
328200,1791191128200,56.622675,-4.708804,89.99,197.5,313.4,10,0.7,1677,90,78.3,14.6,14.07,1.293,26,motor,
328400,1791191128400,56.622632,-4.708829,89.99,197.2,313.4,10,0.7,1676,90,78.3,14.6,14.07,1.293,26,motor,
328600,1791191128600,56.622589,-4.708853,89.99,196.9,313.3,10,0.7,1677,90,78.3,14.6,14.07,1.293,25.9,motor,
328800,1791191128800,56.622546,-4.708876,89.99,196.6,313.2,10,0.7,1679,90,78.3,14.6,14.07,1.292,25.9,motor,
329000,1791191129000,56.622503,-4.708899,90,196.3,313.2,10,0.7,1681,90,78.3,14.6,14.07,1.292,25.9,motor,
329200,1791191129200,56.62246,-4.708922,90,196,313.1,10,0.7,1684,90,78.3,14.6,14.07,1.292,25.9,motor,
329400,1791191129400,56.622416,-4.708944,90,195.7,313,10,0.7,1686,90,78.3,14.6,14.07,1.291,25.9,motor,
329600,1791191129600,56.622373,-4.708966,90,195.3,313,10,0.7,1688,90,78.4,14.6,14.07,1.29,25.8,motor,
329800,1791191129800,56.62233,-4.708988,90,195,312.9,10,0.7,1689,90,78.4,14.6,14.07,1.29,25.8,motor,
330000,1791191130000,56.622286,-4.709009,90,194.7,312.9,10,0.7,1688,90,78.4,14.6,14.07,1.29,25.8,motor,
330200,1791191130200,56.622243,-4.709029,89.98,194.4,312.8,10,0.7,1687,90,78.4,14.6,14.07,1.29,25.8,motor,
330400,1791191130400,56.622199,-4.70905,89.91,194.1,312.7,10,0.7,1684,90,78.4,14.6,14.07,1.289,25.8,motor,
330600,1791191130600,56.622156,-4.709069,89.8,193.8,312.7,10,0.7,1679,90,78.4,14.6,14.07,1.289,25.8,motor,
330800,1791191130800,56.622112,-4.709089,89.65,193.4,312.6,10,0.7,1674,90,78.4,14.6,14.07,1.288,25.7,motor,
331000,1791191131000,56.622069,-4.709107,89.45,193.1,312.5,10,0.7,1668,89,78.4,14.6,14.07,1.01,0,motor,
331200,1791191131200,56.622025,-4.709126,89.21,192.8,312.5,10,0.7,1662,89,78.5,14.6,14.07,1.01,0,motor,
331400,1791191131400,56.621982,-4.709143,88.93,192.4,312.4,10,0.7,1657,89,78.5,14.6,14.07,1.01,0,motor,
331600,1791191131600,56.621939,-4.70916,88.61,192.1,312.3,10,0.7,1651,89,78.5,14.6,14.07,1.01,0,motor,
331800,1791191131800,56.621896,-4.709177,88.24,191.8,312.3,10,0.7,1646,88,78.5,14.6,14.07,1.01,0,motor,
332000,1791191132000,56.621853,-4.709193,87.84,191.4,312.2,10,0.7,1641,88,78.5,14.6,14.07,1.01,0,motor,
332200,1791191132200,56.62181,-4.709209,87.39,191.1,312.1,10,0.7,1635,87,78.5,14.7,14.07,1.01,0,motor,
332400,1791191132400,56.621767,-4.709224,86.91,190.8,312.1,10,0.7,1628,87,78.5,14.7,14.07,1.01,0,motor,
332600,1791191132600,56.621725,-4.709239,86.38,190.4,312,10,0.7,1620,86,78.5,14.7,14.08,1.01,0,motor,
332800,1791191132800,56.621682,-4.709253,85.82,190.1,312,10,0.7,1610,86,78.5,14.7,14.08,1.01,0,motor,
333000,1791191133000,56.62164,-4.709266,85.23,189.8,311.9,10,0.7,1599,85,78.6,14.7,14.08,1.01,0,motor,
333200,1791191133200,56.621598,-4.709279,84.59,189.4,311.8,10,0.7,1586,85,78.6,14.7,14.08,1.01,0,motor,
333400,1791191133400,56.621557,-4.709291,83.92,189.1,311.8,10,0.7,1572,84,78.6,14.7,14.08,1.01,0,motor,
333600,1791191133600,56.621516,-4.709303,83.22,188.7,311.7,10,0.7,1556,83,78.6,14.7,14.08,1.01,0,motor,
333800,1791191133800,56.621475,-4.709314,82.49,188.4,311.6,10,0.7,1540,82,78.6,14.8,14.08,1.01,0,motor,
334000,1791191134000,56.621434,-4.709325,81.73,188.1,311.6,10,0.7,1524,82,78.6,14.8,14.08,1.01,0,motor,
334200,1791191134200,56.621394,-4.709335,80.94,187.8,311.5,10,0.7,1507,81,78.6,14.8,14.08,1.01,0,motor,
334400,1791191134400,56.621354,-4.709345,80.11,187.4,311.5,10,0.7,1492,80,78.6,14.8,14.08,1.01,0,motor,
334600,1791191134600,56.621315,-4.709354,79.27,187.1,311.4,10,0.7,1477,79,78.6,14.8,14.08,1.01,0,motor,
334800,1791191134800,56.621276,-4.709363,78.4,186.8,311.3,10,0.7,1462,78,78.7,14.8,14.09,1.01,0,motor,
335000,1791191135000,56.621237,-4.709371,77.5,186.5,311.3,10,0.7,1448,78,78.7,14.9,14.09,1.01,0,motor,
335200,1791191135200,56.621199,-4.709379,76.58,186.1,311.2,10,0.7,1433,77,78.7,14.9,14.09,1.01,0,motor,
335400,1791191135400,56.621161,-4.709386,75.64,185.8,311.2,10,0.7,1418,76,78.7,14.9,14.09,1.01,0,motor,
335600,1791191135600,56.621124,-4.709393,74.69,185.5,311.1,10,0.7,1402,75,78.7,14.9,14.09,1.01,0,motor,
335800,1791191135800,56.621087,-4.7094,73.71,185.2,311.1,10,0.7,1384,74,78.7,14.9,14.09,1.01,0,motor,
336000,1791191136000,56.621051,-4.709406,72.73,184.9,311,10,0.7,1365,73,78.7,15,14.09,1.01,0,motor,
336200,1791191136200,56.621015,-4.709411,71.72,184.6,311,10,0.7,1345,72,78.7,15,14.1,1.01,0,motor,
336400,1791191136400,56.620979,-4.709416,70.71,184.3,310.9,10,0.7,1324,71,78.7,15,14.1,1.01,0,motor,
336600,1791191136600,56.620944,-4.709421,69.68,184,310.8,10,0.7,1303,70,78.7,15,14.1,1.01,0,motor,
336800,1791191136800,56.62091,-4.709425,68.65,183.7,310.8,10,0.7,1281,69,78.8,15.1,14.1,1.01,0,motor,
337000,1791191137000,56.620876,-4.709429,67.61,183.4,310.7,10,0.7,1260,68,78.8,15.1,14.1,1.01,0,motor,
337200,1791191137200,56.620842,-4.709433,66.57,183.1,310.7,10,0.7,1239,67,78.8,15.1,14.1,1.01,0,motor,
337400,1791191137400,56.62081,-4.709436,65.52,182.8,310.6,10,0.7,1585,66,78.8,15.1,14.1,1.01,0,motor,
337600,1791191137600,56.620777,-4.709439,64.48,182.6,310.6,10,0.7,1560,64,78.8,15.1,14.11,1.01,0,motor,
337800,1791191137800,56.620745,-4.709441,63.43,182.3,310.6,10,0.7,1537,63,78.8,15.2,14.11,1.01,0,motor,
338000,1791191138000,56.620714,-4.709443,62.39,182,310.5,10,0.7,1514,62,78.8,15.2,14.11,1.01,0,motor,
338200,1791191138200,56.620683,-4.709445,61.35,181.8,310.5,10,0.7,1491,61,78.8,15.2,14.11,1.01,0,motor,
338400,1791191138400,56.620653,-4.709447,60.32,181.5,310.4,10,0.7,1468,60,78.8,15.2,14.11,1.01,0,motor,
338600,1791191138600,56.620623,-4.709448,59.29,181.2,310.4,10,0.7,1445,59,78.9,15.3,14.11,1.01,0,motor,
338800,1791191138800,56.620594,-4.709449,58.28,181,310.3,10,0.7,1421,58,78.9,15.3,14.12,1.01,0,motor,
339000,1791191139000,56.620565,-4.70945,57.27,180.7,310.3,10,0.7,1396,57,78.9,15.3,14.12,1.01,0,motor,
339200,1791191139200,56.620536,-4.709451,56.29,180.5,310.2,10,0.7,1371,56,78.9,15.3,14.12,1.01,0,motor,
339400,1791191139400,56.620509,-4.709451,55.31,180.2,310.2,10,0.7,1345,55,78.9,15.3,14.12,1.01,0,motor,
339600,1791191139600,56.620481,-4.709452,54.36,180,310.2,10,0.7,1320,54,78.9,15.4,14.12,1.01,0,motor,
339800,1791191139800,56.620454,-4.709451,53.42,179.8,310.1,10,0.7,1294,53,78.9,15.4,14.12,1.01,0,motor,
340000,1791191140000,56.620428,-4.709451,52.5,179.6,310.1,10,0.7,1270,53,78.9,15.4,14.13,1.01,0,motor,
340200,1791191140200,56.620402,-4.709451,51.6,179.3,310,10,0.7,1247,52,78.9,15.4,14.13,1.01,0,motor,
340400,1791191140400,56.620376,-4.70945,50.73,179.1,310,10,0.7,1226,51,79,15.4,14.13,1.01,0,motor,
340600,1791191140600,56.620351,-4.70945,49.89,178.9,310,10,0.7,1206,50,79,15.5,14.13,1.01,0,motor,
340800,1791191140800,56.620327,-4.709449,49.06,178.7,309.9,10,0.7,1188,49,79,15.5,14.13,1.01,0,motor,
341000,1791191141000,56.620302,-4.709448,48.27,178.5,309.9,10,0.7,1171,48,79,15.5,14.13,1.01,0,motor,
341200,1791191141200,56.620278,-4.709446,47.51,178.3,309.9,10,0.7,1616,48,79,15.5,14.14,1.01,0,motor,
341400,1791191141400,56.620255,-4.709445,46.78,178,309.8,10,0.7,1594,47,79,15.5,14.14,1.01,0,motor,
341600,1791191141600,56.620232,-4.709444,46.08,177.8,309.8,10,0.7,1571,46,79,15.5,14.14,1.01,0,motor,
341800,1791191141800,56.620209,-4.709442,45.41,177.6,309.7,10,0.7,1549,45,79,15.6,14.14,1.01,0,motor,
342000,1791191142000,56.620186,-4.70944,44.77,177.5,309.7,10,0.7,1528,45,79,15.6,14.14,1.01,0,motor,
342200,1791191142200,56.620164,-4.709439,44.18,177.3,309.7,10,0.7,1506,44,79,15.6,14.14,1.01,0,motor,
342400,1791191142400,56.620142,-4.709437,43.62,177.1,309.6,10,0.7,1485,44,79.1,15.6,14.14,1.01,0,motor,
342600,1791191142600,56.620121,-4.709435,43.09,176.9,309.6,10,0.7,1465,43,79.1,15.6,14.15,1.01,0,motor,
342800,1791191142800,56.620099,-4.709433,42.61,176.7,309.6,10,0.7,1446,43,79.1,15.6,14.15,1.01,0,motor,
343000,1791191143000,56.620078,-4.70943,42.16,176.5,309.6,10,0.7,1429,42,79.1,15.6,14.15,1.01,0,motor,
343200,1791191143200,56.620057,-4.709428,41.76,176.3,309.5,10,0.7,1414,42,79.1,15.6,14.15,1.01,0,motor,
343400,1791191143400,56.620037,-4.709426,41.39,176.1,309.5,10,0.7,1401,41,79.1,15.6,14.15,1.01,0,motor,
343600,1791191143600,56.620016,-4.709423,41.07,176,309.5,10,0.7,1391,41,79.1,15.7,14.15,1.01,0,motor,
343800,1791191143800,56.619996,-4.70942,40.79,175.8,309.4,10,0.7,1383,41,79.1,15.7,14.15,1.01,0,motor,
344000,1791191144000,56.619976,-4.709418,40.55,175.6,309.4,10,0.7,1377,41,79.1,15.7,14.16,1.01,0,motor,
344200,1791191144200,56.619955,-4.709415,40.35,175.4,309.4,10,0.7,1373,40,79.2,15.7,14.16,1.048,14.9,motor,
344400,1791191144400,56.619935,-4.709412,40.2,175.3,309.3,10,0.7,1370,40,79.2,15.7,14.16,1.048,14.8,motor,
344600,1791191144600,56.619915,-4.709409,40.09,175.1,309.3,10,0.7,1368,40,79.2,15.7,14.16,1.047,14.8,motor,
344800,1791191144800,56.619896,-4.709406,40.02,174.9,309.3,10,0.7,1366,40,79.2,15.7,14.16,1.047,14.8,motor,
345000,1791191145000,56.619876,-4.709403,40,174.7,309.2,10,0.7,1365,40,79.2,15.7,14.16,1.047,14.8,motor,
345200,1791191145200,56.619856,-4.709399,40,174.6,309.2,10,0.7,1364,40,79.2,15.7,14.16,1.047,14.8,motor,
345400,1791191145400,56.619836,-4.709396,40,174.4,309.2,10,0.7,1362,40,79.2,15.7,14.16,1.046,14.8,motor,
345600,1791191145600,56.619816,-4.709392,40,174.2,309.2,10,0.7,1359,40,79.2,15.7,14.16,1.047,14.9,motor,
345800,1791191145800,56.619796,-4.709389,40,174.1,309.1,10,0.7,1357,40,79.2,15.7,14.16,1.047,14.9,motor,
346000,1791191146000,56.619776,-4.709385,40,173.9,309.1,10,0.7,1355,40,79.2,15.7,14.16,1.047,14.9,motor,
346200,1791191146200,56.619756,-4.709381,40.01,173.7,309.1,10,0.7,1354,40,79.3,15.7,14.17,1.047,14.9,motor,
346400,1791191146400,56.619737,-4.709377,40.01,173.5,309,10,0.7,1354,40,79.3,15.7,14.17,1.047,14.9,motor,
346600,1791191146600,56.619717,-4.709373,40.01,173.4,309,10,0.7,1355,40,79.3,15.7,14.17,1.048,14.9,motor,
346800,1791191146800,56.619697,-4.709369,40.01,173.2,309,10,0.7,1357,40,79.3,15.7,14.17,1.048,15,motor,
347000,1791191147000,56.619677,-4.709364,40.02,173,309,10,0.7,1359,40,79.3,15.7,14.17,1.049,15,motor,
347200,1791191147200,56.619657,-4.70936,40.02,172.8,308.9,10,0.7,1362,40,79.3,15.7,14.17,1.049,15,motor,
347400,1791191147400,56.619637,-4.709356,40.02,172.7,308.9,10,0.7,1364,40,79.3,15.7,14.17,1.049,15,motor,
347600,1791191147600,56.619618,-4.709351,40.03,172.5,308.9,10,0.7,1366,40,79.3,15.7,14.17,1.05,15,motor,
347800,1791191147800,56.619598,-4.709346,40.03,172.3,308.8,10,0.7,1367,40,79.3,15.7,14.17,1.05,15,motor,
348000,1791191148000,56.619578,-4.709341,40.04,172.2,308.8,10,0.7,1366,40,79.3,15.7,14.17,1.05,15.1,motor,
348200,1791191148200,56.619558,-4.709336,40.04,172,308.8,10,0.7,1365,40,79.4,15.7,14.17,1.05,15.1,motor,
348400,1791191148400,56.619538,-4.709331,40.05,171.8,308.7,10,0.7,1363,40,79.4,15.7,14.17,1.05,15.1,motor,
348600,1791191148600,56.619519,-4.709326,40.05,171.7,308.7,10,0.7,1361,40,79.4,15.7,14.17,1.05,15.1,motor,
348800,1791191148800,56.619499,-4.709321,40.06,171.5,308.7,10,0.7,1359,40,79.4,15.7,14.17,1.05,15.1,motor,
349000,1791191149000,56.619479,-4.709315,40.06,171.3,308.7,10,0.7,1357,40,79.4,15.7,14.17,1.051,15.1,motor,
349200,1791191149200,56.619459,-4.70931,40.07,171.1,308.6,10,0.7,1356,40,79.4,15.7,14.17,1.051,15.2,motor,
349400,1791191149400,56.61944,-4.709304,40.08,171,308.6,10,0.7,1356,40,79.4,15.7,14.17,1.051,15.2,motor,
349600,1791191149600,56.61942,-4.709299,40.08,170.8,308.6,10,0.7,1358,40,79.4,15.7,14.17,1.051,15.2,motor,
349800,1791191149800,56.6194,-4.709293,40.09,170.6,308.5,10,0.7,1360,40,79.4,15.7,14.17,1.052,15.2,motor,
350000,1791191150000,56.61938,-4.709287,40.1,170.5,308.5,10,0.7,1362,40,79.5,15.7,14.17,1.052,15.2,motor,
350200,1791191150200,56.619361,-4.709281,40.11,170.3,308.5,10,0.7,1365,40,79.5,15.7,14.17,1.053,15.2,motor,
350400,1791191150400,56.619341,-4.709275,40.12,170.1,308.4,10,0.7,1367,40,79.5,15.7,14.17,1.053,15.3,motor,
350600,1791191150600,56.619321,-4.709268,40.12,170,308.4,10,0.7,1369,40,79.5,15.7,14.17,1.053,15.3,motor,
350800,1791191150800,56.619301,-4.709262,40.13,169.8,308.4,10,0.7,1370,40,79.5,15.7,14.17,1.054,15.3,motor,
351000,1791191151000,56.619282,-4.709256,40.14,169.6,308.4,10,0.7,1370,40,79.5,15.7,14.17,1.054,15.3,motor,
351200,1791191151200,56.619262,-4.709249,40.15,169.4,308.3,10,0.7,1369,40,79.5,15.7,14.17,1.054,15.3,motor,
351400,1791191151400,56.619242,-4.709242,40.16,169.3,308.3,10,0.7,1367,40,79.5,15.7,14.17,1.054,15.3,motor,
351600,1791191151600,56.619223,-4.709236,40.17,169.1,308.3,10,0.7,1365,40,79.5,15.7,14.16,1.054,15.4,motor,
351800,1791191151800,56.619203,-4.709229,40.18,168.9,308.2,10,0.7,1363,40,79.5,15.7,14.16,1.054,15.4,motor,
352000,1791191152000,56.619183,-4.709222,40.19,168.8,308.2,10,0.7,1361,40,79.6,15.7,14.16,1.054,15.4,motor,
352200,1791191152200,56.619164,-4.709215,40.2,168.6,308.2,10,0.7,1361,40,79.6,15.7,14.16,1.054,15.4,motor,
352400,1791191152400,56.619144,-4.709207,40.21,168.4,308.2,10,0.7,1361,40,79.6,15.7,14.16,1.054,15.4,motor,
352600,1791191152600,56.619124,-4.7092,40.22,168.3,308.1,10,0.7,1362,40,79.6,15.7,14.16,1.055,15.4,motor,
352800,1791191152800,56.619105,-4.709193,40.24,168.1,308.1,10,0.7,1365,40,79.6,15.7,14.16,1.055,15.5,motor,
353000,1791191153000,56.619085,-4.709185,40.25,167.9,308.1,10,0.7,1367,40,79.6,15.7,14.16,1.056,15.5,motor,
353200,1791191153200,56.619065,-4.709177,40.26,167.8,308,10,0.7,1370,40,79.6,15.7,14.16,1.056,15.5,motor,
353400,1791191153400,56.619046,-4.70917,40.27,167.6,308,10,0.7,1373,40,79.6,15.7,14.16,1.057,15.5,motor,
353600,1791191153600,56.619026,-4.709162,40.28,167.4,308,10,0.7,1375,40,79.6,15.7,14.15,1.057,15.5,motor,
353800,1791191153800,56.619006,-4.709154,40.3,167.3,307.9,10,0.7,1376,40,79.6,15.7,14.15,1.057,15.5,motor,
354000,1791191154000,56.618987,-4.709146,40.31,167.1,307.9,10,0.7,1376,40,79.6,15.7,14.15,1.057,15.6,motor,
354200,1791191154200,56.618967,-4.709138,40.32,166.9,307.9,10,0.7,1375,40,79.7,15.7,14.15,1.057,15.6,motor,
354400,1791191154400,56.618948,-4.709129,40.34,166.8,307.9,10,0.7,1373,40,79.7,15.7,14.15,1.057,15.6,motor,
354600,1791191154600,56.618928,-4.709121,40.35,166.6,307.8,10,0.7,1371,40,79.7,15.7,14.15,1.057,15.6,motor,
354800,1791191154800,56.618908,-4.709113,40.36,166.4,307.8,10,0.7,1369,40,79.7,15.7,14.15,1.057,15.6,motor,
355000,1791191155000,56.618889,-4.709104,40.38,166.3,307.8,10,0.7,1368,40,79.7,15.8,14.14,1.057,15.6,motor,
355200,1791191155200,56.618869,-4.709095,40.39,166.1,307.7,10,0.7,1367,40,79.7,15.8,14.14,1.058,15.6,motor,
355400,1791191155400,56.61885,-4.709086,40.4,166,307.7,10,0.7,1368,40,79.7,15.8,14.14,1.058,15.7,motor,
355600,1791191155600,56.61883,-4.709078,40.42,165.8,307.7,10,0.7,1369,40,79.7,15.8,14.14,1.058,15.7,motor,
355800,1791191155800,56.618811,-4.709069,40.43,165.6,307.6,10,0.7,1371,40,79.7,15.8,14.14,1.058,15.7,motor,
356000,1791191156000,56.618791,-4.709059,40.45,165.5,307.6,10,0.7,1374,40,79.7,15.8,14.14,1.059,15.7,motor,
356200,1791191156200,56.618771,-4.70905,40.46,165.3,307.6,10,0.7,1377,40,79.8,15.8,14.14,1.059,15.7,motor,
356400,1791191156400,56.618752,-4.709041,40.48,165.1,307.6,10,0.7,1380,40,79.8,15.8,14.13,1.06,15.7,motor,
356600,1791191156600,56.618732,-4.709032,40.49,165,307.5,10,0.7,1382,40,79.8,15.8,14.13,1.06,15.7,motor,
356800,1791191156800,56.618713,-4.709022,40.51,164.8,307.5,10,0.7,1383,41,79.8,15.8,14.13,1.06,15.7,motor,
357000,1791191157000,56.618693,-4.709012,40.53,164.7,307.5,10,0.7,1383,41,79.8,15.8,14.13,1.061,15.7,motor,
357200,1791191157200,56.618674,-4.709003,40.54,164.5,307.4,10,0.7,1382,41,79.8,15.8,14.13,1.061,15.8,motor,
357400,1791191157400,56.618654,-4.708993,40.56,164.3,307.4,10,0.7,1380,41,79.8,15.8,14.13,1.061,15.8,motor,
357600,1791191157600,56.618635,-4.708983,40.57,164.2,307.4,10,0.7,1378,41,79.8,15.8,14.12,1.06,15.8,motor,
357800,1791191157800,56.618615,-4.708973,40.59,164,307.4,10,0.7,1377,41,79.8,15.8,14.12,1.06,15.8,motor,
358000,1791191158000,56.618596,-4.708963,40.61,163.8,307.3,10,0.7,1375,41,79.8,15.8,14.12,1.06,15.8,motor,
358200,1791191158200,56.618576,-4.708952,40.62,163.7,307.3,10,0.7,1375,41,79.9,15.8,14.12,1.06,15.8,motor,
358400,1791191158400,56.618557,-4.708942,40.64,163.5,307.3,10,0.7,1376,41,79.9,15.8,14.12,1.061,15.8,motor,
358600,1791191158600,56.618538,-4.708932,40.66,163.4,307.2,10,0.7,1377,41,79.9,15.8,14.12,1.061,15.8,motor,
358800,1791191158800,56.618518,-4.708921,40.67,163.2,307.2,10,0.7,1380,41,79.9,15.8,14.11,1.061,15.8,motor,
359000,1791191159000,56.618499,-4.70891,40.69,163.1,307.2,10,0.7,1383,41,79.9,15.8,14.11,1.062,15.9,motor,
359200,1791191159200,56.618479,-4.7089,40.71,162.9,307.2,10,0.7,1386,41,79.9,15.8,14.11,1.062,15.9,motor,
359400,1791191159400,56.61846,-4.708889,40.73,162.7,307.1,10,0.7,1388,41,79.9,15.8,14.11,1.063,15.9,motor,
359600,1791191159600,56.61844,-4.708878,40.74,162.6,307.1,10,0.7,1390,41,79.9,15.8,14.11,1.063,15.9,motor,
359800,1791191159800,56.618421,-4.708867,40.76,162.4,307.1,10,0.7,1392,41,79.9,15.8,14.11,1.063,15.9,motor,
360000,1791191160000,56.618402,-4.708855,40.78,162.3,307,10,0.7,1392,41,79.9,15.8,14.1,1.063,15.9,motor,
360200,1791191160200,56.618382,-4.708844,40.8,162.1,307,10,0.7,1391,41,79.9,15.8,14.1,1.063,15.9,motor,
360400,1791191160400,56.618363,-4.708833,40.81,161.9,307,10,0.7,1389,41,80,15.8,14.1,1.063,15.9,motor,
360600,1791191160600,56.618343,-4.708821,40.83,161.8,306.9,10,0.7,1387,41,80,15.8,14.1,1.063,15.9,motor,
360800,1791191160800,56.618324,-4.70881,40.85,161.6,306.9,10,0.7,1385,41,80,15.8,14.1,1.063,15.9,motor,
361000,1791191161000,56.618305,-4.708798,40.87,161.5,306.9,10,0.7,1384,41,80,15.8,14.1,1.063,15.9,motor,
361200,1791191161200,56.618285,-4.708786,40.88,161.3,306.9,10,0.7,1384,41,80,15.8,14.1,1.063,15.9,motor,
361400,1791191161400,56.618266,-4.708774,40.9,161.2,306.8,10,0.7,1384,41,80,15.8,14.09,1.063,15.9,motor,
361600,1791191161600,56.618247,-4.708762,40.92,161,306.8,10,0.7,1386,41,80,15.8,14.09,1.063,15.9,motor,
361800,1791191161800,56.618227,-4.70875,40.94,160.9,306.8,10,0.7,1389,41,80,15.8,14.09,1.063,16,motor,
362000,1791191162000,56.618208,-4.708738,40.96,160.7,306.7,10,0.7,1392,41,80,15.8,14.09,1.064,16,motor,
362200,1791191162200,56.618189,-4.708726,40.97,160.6,306.7,10,0.7,1395,41,80,15.8,14.09,1.064,16,motor,
362400,1791191162400,56.61817,-4.708713,40.99,160.4,306.7,10,0.7,1398,41,80.1,15.8,14.09,1.065,16,motor,
362600,1791191162600,56.61815,-4.708701,41.01,160.2,306.7,10,0.7,1400,41,80.1,15.8,14.09,1.065,16,motor,
362800,1791191162800,56.618131,-4.708688,41.03,160.1,306.6,10,0.7,1401,41,80.1,15.8,14.08,1.065,16,motor,
363000,1791191163000,56.618112,-4.708676,41.04,159.9,306.6,10,0.7,1401,41,80.1,15.8,14.08,1.065,16,motor,
363200,1791191163200,56.618092,-4.708663,41.06,159.8,306.6,10,0.7,1400,41,80.1,15.8,14.08,1.065,16,motor,
363400,1791191163400,56.618073,-4.70865,41.08,159.6,306.5,10,0.7,1398,41,80.1,15.8,14.08,1.065,16,motor,
363600,1791191163600,56.618054,-4.708637,41.1,159.5,306.5,10,0.7,1396,41,80.1,15.8,14.08,1.065,16,motor,
363800,1791191163800,56.618035,-4.708624,41.12,159.3,306.5,10,0.7,1394,41,80.1,15.8,14.08,1.064,16,motor,
364000,1791191164000,56.618016,-4.708611,41.13,159.2,306.5,10,0.7,1393,41,80.1,15.8,14.08,1.064,16,motor,
364200,1791191164200,56.617996,-4.708598,41.15,159,306.4,10,0.7,1393,41,80.1,15.8,14.08,1.064,16,motor,
364400,1791191164400,56.617977,-4.708584,41.17,158.9,306.4,10,0.7,1394,41,80.1,15.8,14.08,1.064,16,motor,
364600,1791191164600,56.617958,-4.708571,41.19,158.7,306.4,10,0.7,1395,41,80.2,15.8,14.08,1.064,16,motor,
364800,1791191164800,56.617939,-4.708557,41.2,158.6,306.3,10,0.7,1398,41,80.2,15.8,14.08,1.065,16,motor,
365000,1791191165000,56.61792,-4.708544,41.22,158.4,306.3,10,0.7,1401,41,80.2,15.8,14.07,1.065,16,motor,
365200,1791191165200,56.617901,-4.70853,41.24,158.3,306.3,10,0.7,1404,41,80.2,15.8,14.07,1.065,16,motor,
365400,1791191165400,56.617882,-4.708516,41.26,158.1,306.2,10,0.7,1407,41,80.2,15.8,14.07,1.066,16,motor,
365600,1791191165600,56.617862,-4.708502,41.27,158,306.2,10,0.7,1409,41,80.2,15.8,14.07,1.066,16,motor,
365800,1791191165800,56.617843,-4.708488,41.29,157.8,306.2,10,0.7,1410,41,80.2,15.8,14.07,1.066,16,motor,
366000,1791191166000,56.617824,-4.708474,41.31,157.7,306.2,10,0.7,1409,41,80.2,15.8,14.07,1.066,16,motor,
366200,1791191166200,56.617805,-4.70846,41.33,157.5,306.1,10,0.7,1408,41,80.2,15.8,14.07,1.066,16,motor,
366400,1791191166400,56.617786,-4.708445,41.34,157.4,306.1,10,0.7,1407,41,80.2,15.8,14.07,1.065,16,motor,
366600,1791191166600,56.617767,-4.708431,41.36,157.3,306.1,10,0.7,1405,41,80.2,15.8,14.07,1.065,16,motor,
366800,1791191166800,56.617748,-4.708416,41.38,157.1,306,10,0.7,1403,41,80.3,15.8,14.07,1.065,16,motor,
367000,1791191167000,56.617729,-4.708402,41.39,157,306,10,0.7,1402,41,80.3,15.8,14.07,1.065,16,motor,
367200,1791191167200,56.61771,-4.708387,41.41,156.8,306,10,0.7,1402,41,80.3,15.8,14.07,1.065,16,motor,
367400,1791191167400,56.617691,-4.708372,41.43,156.7,306,10,0.7,1402,41,80.3,15.8,14.07,1.065,16,motor,
367600,1791191167600,56.617672,-4.708357,41.44,156.5,305.9,10,0.7,1404,41,80.3,15.8,14.07,1.065,16,motor,
367800,1791191167800,56.617653,-4.708342,41.46,156.4,305.9,10,0.7,1407,41,80.3,15.8,14.07,1.065,16,motor,
368000,1791191168000,56.617634,-4.708327,41.47,156.2,305.9,10,0.7,1410,41,80.3,15.8,14.07,1.065,16,motor,
368200,1791191168200,56.617615,-4.708312,41.49,156.1,305.8,10,0.7,1413,41,80.3,15.8,14.07,1.066,16,motor,
368400,1791191168400,56.617596,-4.708297,41.51,156,305.8,10,0.7,1415,42,80.3,15.8,14.07,1.066,15.9,motor,
368600,1791191168600,56.617577,-4.708281,41.52,155.8,305.8,10,0.7,1417,42,80.3,15.8,14.07,1.066,15.9,motor,
368800,1791191168800,56.617558,-4.708266,41.54,155.7,305.8,10,0.7,1418,42,80.3,15.8,14.07,1.066,15.9,motor,
369000,1791191169000,56.617539,-4.70825,41.55,155.5,305.7,10,0.7,1418,42,80.4,15.8,14.07,1.066,15.9,motor,
369200,1791191169200,56.617521,-4.708235,41.57,155.4,305.7,10,0.7,1417,42,80.4,15.8,14.07,1.065,15.9,motor,
369400,1791191169400,56.617502,-4.708219,41.58,155.2,305.7,10,0.7,1415,42,80.4,15.8,14.07,1.065,15.9,motor,
369600,1791191169600,56.617483,-4.708203,41.6,155.1,305.6,10,0.7,1413,42,80.4,15.8,14.07,1.065,15.9,motor,
369800,1791191169800,56.617464,-4.708187,41.61,155,305.6,10,0.7,1411,42,80.4,15.8,14.07,1.065,15.9,motor,
370000,1791191170000,56.617445,-4.708171,41.62,154.8,305.6,10,0.7,1410,42,80.4,15.8,14.07,1.064,15.9,motor,
370200,1791191170200,56.617426,-4.708155,41.64,154.7,305.6,10,0.7,1409,42,80.4,15.8,14.07,1.064,15.9,motor,
370400,1791191170400,56.617408,-4.708139,41.65,154.5,305.5,10,0.7,1410,42,80.4,15.8,14.08,1.064,15.9,motor,
370600,1791191170600,56.617389,-4.708123,41.66,154.4,305.5,10,0.7,1412,42,80.4,15.8,14.08,1.064,15.9,motor,
370800,1791191170800,56.61737,-4.708107,41.68,154.3,305.5,10,0.7,1414,42,80.4,15.8,14.08,1.064,15.9,motor,
371000,1791191171000,56.617351,-4.70809,41.69,154.1,305.4,10,0.8,1417,42,80.4,15.8,14.08,1.064,15.9,motor,
371200,1791191171200,56.617333,-4.708074,41.7,154,305.4,10,0.8,1420,42,80.5,15.8,14.08,1.065,15.8,motor,
371400,1791191171400,56.617314,-4.708057,41.72,153.9,305.4,10,0.8,1422,42,80.5,15.8,14.08,1.065,15.8,motor,
371600,1791191171600,56.617295,-4.70804,41.73,153.7,305.4,10,0.8,1424,42,80.5,15.8,14.08,1.065,15.8,motor,
371800,1791191171800,56.617277,-4.708024,41.74,153.6,305.3,10,0.8,1425,42,80.5,15.8,14.08,1.065,15.8,motor,
372000,1791191172000,56.617258,-4.708007,41.75,153.4,305.3,10,0.8,1424,42,80.5,15.8,14.08,1.064,15.8,motor,
372200,1791191172200,56.617239,-4.70799,41.76,153.3,305.3,10,0.8,1423,42,80.5,15.8,14.08,1.064,15.8,motor,
372400,1791191172400,56.617221,-4.707973,41.78,153.2,305.3,10,0.8,1421,42,80.5,15.8,14.09,1.064,15.8,motor,
372600,1791191172600,56.617202,-4.707956,41.79,153,305.2,10,0.8,1419,42,80.5,15.8,14.09,1.063,15.8,motor,
372800,1791191172800,56.617183,-4.707938,41.8,152.9,305.2,10,0.8,1417,42,80.5,15.8,14.09,1.063,15.8,motor,
373000,1791191173000,56.617165,-4.707921,41.81,152.8,305.2,10,0.8,1416,42,80.5,15.8,14.09,1.063,15.8,motor,
373200,1791191173200,56.617146,-4.707904,41.82,152.6,305.1,10,0.8,1416,42,80.5,15.8,14.09,1.062,15.7,motor,
373400,1791191173400,56.617128,-4.707886,41.83,152.5,305.1,10,0.8,1416,42,80.5,15.8,14.09,1.062,15.7,motor,
373600,1791191173600,56.617109,-4.707869,41.84,152.4,305.1,10,0.8,1418,42,80.6,15.8,14.09,1.062,15.7,motor,
373800,1791191173800,56.617091,-4.707851,41.85,152.2,305.1,10,0.8,1420,42,80.6,15.8,14.09,1.062,15.7,motor,
374000,1791191174000,56.617072,-4.707834,41.86,152.1,305,10,0.8,1423,42,80.6,15.8,14.1,1.062,15.7,motor,
374200,1791191174200,56.617054,-4.707816,41.87,152,305,10,0.8,1426,42,80.6,15.9,14.1,1.062,15.7,motor,
374400,1791191174400,56.617035,-4.707798,41.88,151.8,305,10,0.8,1428,42,80.6,15.9,14.1,1.063,15.7,motor,
374600,1791191174600,56.617017,-4.70778,41.88,151.7,304.9,10,0.8,1429,42,80.6,15.9,14.1,1.062,15.7,motor,
374800,1791191174800,56.616999,-4.707762,41.89,151.6,304.9,10,0.8,1430,42,80.6,15.9,14.1,1.062,15.6,motor,
375000,1791191175000,56.61698,-4.707744,41.9,151.4,304.9,10,0.8,1429,42,80.6,15.9,14.1,1.062,15.6,motor,
375200,1791191175200,56.616962,-4.707726,41.91,151.3,304.9,10,0.8,1428,42,80.6,15.9,14.11,1.062,15.6,motor,
375400,1791191175400,56.616943,-4.707707,41.92,151.2,304.8,10,0.8,1426,42,80.6,15.9,14.11,1.061,15.6,motor,
375600,1791191175600,56.616925,-4.707689,41.92,151.1,304.8,10,0.8,1424,42,80.6,15.9,14.11,1.061,15.6,motor,
375800,1791191175800,56.616907,-4.707671,41.93,150.9,304.8,10,0.8,1422,42,80.7,15.9,14.11,1.06,15.6,motor,
376000,1791191176000,56.616889,-4.707652,41.94,150.8,304.8,10,0.8,1420,42,80.7,15.9,14.11,1.06,15.6,motor,
376200,1791191176200,56.61687,-4.707634,41.94,150.7,304.7,10,0.8,1420,42,80.7,15.9,14.11,1.06,15.5,motor,
376400,1791191176400,56.616852,-4.707615,41.95,150.5,304.7,10,0.8,1420,42,80.7,15.9,14.12,1.06,15.5,motor,
376600,1791191176600,56.616834,-4.707596,41.95,150.4,304.7,10,0.8,1422,42,80.7,15.9,14.12,1.06,15.5,motor,
376800,1791191176800,56.616816,-4.707578,41.96,150.3,304.6,10,0.8,1424,42,80.7,15.9,14.12,1.06,15.5,motor,
377000,1791191177000,56.616797,-4.707559,41.96,150.2,304.6,10,0.8,1427,42,80.7,15.9,14.12,1.06,15.5,motor,
377200,1791191177200,56.616779,-4.70754,41.97,150,304.6,10,0.8,1429,42,80.7,15.9,14.12,1.06,15.5,motor,
377400,1791191177400,56.616761,-4.707521,41.97,149.9,304.6,10,0.8,1431,42,80.7,15.9,14.12,1.06,15.5,motor,
377600,1791191177600,56.616743,-4.707502,41.98,149.8,304.5,10,0.8,1433,42,80.7,15.9,14.13,1.059,15.4,motor,
377800,1791191177800,56.616725,-4.707482,41.98,149.7,304.5,10,0.8,1433,42,80.7,15.9,14.13,1.059,15.4,motor,
378000,1791191178000,56.616707,-4.707463,41.98,149.5,304.5,10,0.8,1432,42,80.7,15.9,14.13,1.059,15.4,motor,
378200,1791191178200,56.616689,-4.707444,41.99,149.4,304.5,10,0.8,1431,42,80.8,15.9,14.13,1.058,15.4,motor,
378400,1791191178400,56.616671,-4.707424,41.99,149.3,304.4,10,0.8,1428,42,80.8,15.9,14.13,1.058,15.4,motor,
378600,1791191178600,56.616653,-4.707405,41.99,149.2,304.4,10,0.8,1426,42,80.8,15.9,14.13,1.058,15.4,motor,
378800,1791191178800,56.616635,-4.707385,41.99,149,304.4,10,0.8,1424,42,80.8,15.9,14.13,1.057,15.3,motor,
379000,1791191179000,56.616617,-4.707366,42,148.9,304.3,10,0.8,1422,42,80.8,15.9,14.14,1.057,15.3,motor,
379200,1791191179200,56.616599,-4.707346,42,148.8,304.3,10,0.8,1422,42,80.8,15.9,14.14,1.056,15.3,motor,
379400,1791191179400,56.616581,-4.707326,42,148.7,304.3,10,0.8,1422,42,80.8,15.9,14.14,1.056,15.3,motor,
379600,1791191179600,56.616563,-4.707307,42,148.6,304.3,10,0.8,1423,42,80.8,15.9,14.14,1.056,15.3,motor,
379800,1791191179800,56.616545,-4.707287,42,148.4,304.2,10,0.8,1425,42,80.8,15.9,14.14,1.059,15.5,motor,
380000,1791191180000,56.616527,-4.707267,42,148.3,304.2,10,0.8,1428,42,80.8,15.9,14.14,1.065,15.9,motor,
380200,1791191180200,56.616509,-4.707247,42.01,148.2,304.2,10,0.8,1431,42,80.8,15.9,14.15,1.074,16.5,motor,
380400,1791191180400,56.616492,-4.707227,42.04,148.1,304.2,10,0.8,1434,42,80.9,15.9,14.15,1.087,17.2,motor,
380600,1791191180600,56.616474,-4.707207,42.08,148,304.1,10,0.8,1436,42,80.9,15.9,14.15,1.102,18.2,motor,
380800,1791191180800,56.616456,-4.707186,42.15,147.8,304.1,10,0.8,1439,42,80.9,15.9,14.15,1.117,19.2,motor,
381000,1791191181000,56.616438,-4.707166,42.23,147.7,304.1,10,0.8,1441,42,80.9,15.9,14.15,1.133,20.2,motor,
381200,1791191181200,56.61642,-4.707145,42.34,147.6,304.1,10,0.8,1442,42,80.9,15.9,14.15,1.148,21.2,motor,
381400,1791191181400,56.616402,-4.707125,42.46,147.5,304,10,0.8,1444,42,80.9,15.9,14.15,1.164,22.2,motor,
381600,1791191181600,56.616384,-4.707104,42.6,147.4,304,10,0.8,1446,43,80.9,15.9,14.15,1.18,23.2,motor,
381800,1791191181800,56.616367,-4.707083,42.75,147.2,304,10,0.8,1450,43,80.9,15.9,14.16,1.196,24.2,motor,
382000,1791191182000,56.616349,-4.707062,42.93,147.1,304,10,0.8,1454,43,80.9,15.9,14.16,1.212,25.2,motor,
382200,1791191182200,56.616331,-4.707041,43.12,147,303.9,10,0.8,1460,43,80.9,15.9,14.16,1.23,26.1,motor,
382400,1791191182400,56.616312,-4.70702,43.33,146.9,303.9,10,0.8,1467,43,80.9,15.9,14.16,1.248,27.1,motor,
382600,1791191182600,56.616294,-4.706998,43.56,146.8,303.9,10,0.8,1477,44,80.9,15.9,14.16,1.267,28.1,motor,
382800,1791191182800,56.616276,-4.706976,43.81,146.6,303.8,10,0.8,1487,44,81,15.9,14.16,1.287,29,motor,
383000,1791191183000,56.616258,-4.706954,44.07,146.5,303.8,10,0.8,1498,44,81,15.9,14.16,1.308,30,motor,
383200,1791191183200,56.616239,-4.706932,44.35,146.4,303.8,10,0.8,1510,44,81,15.9,14.16,1.33,30.9,motor,
383400,1791191183400,56.616221,-4.70691,44.65,146.3,303.8,10,0.8,1522,45,81,15.9,14.16,1.352,31.8,motor,
383600,1791191183600,56.616202,-4.706887,44.96,146.2,303.7,10,0.8,1534,45,81,15.9,14.16,1.375,32.8,motor,
383800,1791191183800,56.616184,-4.706865,45.29,146,303.7,10,0.8,1545,45,81,15.8,14.17,1.397,33.7,motor,
384000,1791191184000,56.616165,-4.706842,45.63,145.9,303.7,10,0.8,1556,46,81,15.8,14.17,1.42,34.5,motor,
384200,1791191184200,56.616146,-4.706818,45.99,145.8,303.7,10,0.8,1566,46,81,15.8,14.17,1.442,35.4,motor,
384400,1791191184400,56.616127,-4.706795,46.36,145.7,303.6,10,0.8,1577,46,81,15.8,14.17,1.465,36.3,motor,
384600,1791191184600,56.616108,-4.706771,46.75,145.5,303.6,10,0.8,1587,47,81,15.8,14.17,1.488,37.1,motor,
384800,1791191184800,56.616088,-4.706747,47.15,145.4,303.6,10,0.8,1599,47,81,15.8,14.17,1.511,37.9,motor,
385000,1791191185000,56.616069,-4.706722,47.56,145.3,303.5,10,0.8,1611,48,81,15.8,14.17,1.527,38.7,motor,
385200,1791191185200,56.616049,-4.706698,47.99,145.2,303.5,10,0.8,1625,48,81,15.8,14.17,1.542,39.5,motor,
385400,1791191185400,56.616029,-4.706673,48.44,145,303.5,10,0.8,1170,48,81.1,15.8,14.17,1.221,40.3,motor,
385600,1791191185600,56.61601,-4.706647,48.89,144.9,303.5,10,0.8,1183,49,81.1,15.8,14.17,1.237,41,motor,
385800,1791191185800,56.61599,-4.706622,49.35,144.8,303.4,10,0.8,1196,49,81.1,15.8,14.17,1.253,41.7,motor,
386000,1791191186000,56.615969,-4.706596,49.83,144.7,303.4,10,0.8,1210,50,81.1,15.8,14.17,1.271,42.4,motor,
386200,1791191186200,56.615949,-4.70657,50.32,144.5,303.4,10,0.8,1225,50,81.1,15.8,14.17,1.289,43.1,motor,
386400,1791191186400,56.615928,-4.706543,50.82,144.4,303.3,10,0.8,1239,51,81.1,15.8,14.17,1.307,43.8,motor,
386600,1791191186600,56.615908,-4.706516,51.33,144.3,303.3,10,0.8,1252,51,81.1,15.7,14.17,1.325,44.4,motor,
386800,1791191186800,56.615887,-4.706489,51.85,144.1,303.3,10,0.8,1265,52,81.1,15.7,14.17,1.342,45,motor,
387000,1791191187000,56.615866,-4.706461,52.37,144,303.2,10,0.8,1277,52,81.1,15.7,14.17,1.359,45.6,motor,
387200,1791191187200,56.615844,-4.706433,52.91,143.9,303.2,10,0.8,1288,53,81.1,15.7,14.17,1.375,46.1,motor,
387400,1791191187400,56.615823,-4.706404,53.45,143.7,303.2,10,0.8,1299,53,81.1,15.7,14.17,1.391,46.6,motor,
387600,1791191187600,56.615801,-4.706376,54.01,143.6,303.2,10,0.8,1310,54,81.1,15.7,14.17,1.407,47.1,motor,
387800,1791191187800,56.61578,-4.706346,54.56,143.5,303.1,10,0.8,1321,55,81.2,15.7,14.17,1.423,47.6,motor,
388000,1791191188000,56.615758,-4.706317,55.13,143.3,303.1,11,0.8,1333,55,81.2,15.7,14.17,1.44,48.1,motor,
388200,1791191188200,56.615735,-4.706287,55.7,143.2,303.1,11,0.8,1346,56,81.2,15.7,14.17,1.459,48.5,motor,
388400,1791191188400,56.615713,-4.706256,56.27,143.1,303,11,0.8,1361,56,81.2,15.7,14.17,1.478,48.9,motor,
388600,1791191188600,56.61569,-4.706225,56.86,142.9,303,11,0.8,1376,57,81.2,15.6,14.17,1.499,49.2,motor,
388800,1791191188800,56.615668,-4.706194,57.44,142.8,303,11,0.8,1393,57,81.2,15.6,14.17,1.52,49.6,motor,
389000,1791191189000,56.615645,-4.706162,58.03,142.6,302.9,11,0.8,1409,58,81.2,15.6,14.17,1.541,49.8,motor,
389200,1791191189200,56.615622,-4.70613,58.62,142.5,302.9,11,0.8,1426,59,81.2,15.6,14.16,1.562,50.1,motor,
389400,1791191189400,56.615598,-4.706098,59.21,142.4,302.9,11,0.8,1442,59,81.2,15.6,14.16,1.583,50.4,motor,
389600,1791191189600,56.615575,-4.706065,59.81,142.2,302.8,11,0.8,1458,60,81.2,15.6,14.16,1.603,50.6,motor,
389800,1791191189800,56.615551,-4.706031,60.4,142.1,302.8,11,0.8,1472,60,81.2,15.6,14.16,1.621,50.7,motor,
390000,1791191190000,56.615527,-4.705997,61,141.9,302.8,11,0.8,1486,61,81.2,15.6,14.16,1.638,50.9,motor,
390200,1791191190200,56.615503,-4.705963,61.6,141.8,302.7,11,0.8,1499,62,81.3,15.6,14.16,1.653,51,motor,
390400,1791191190400,56.615479,-4.705928,62.19,141.6,302.7,11,0.8,1511,62,81.3,15.5,14.16,1.668,51.1,motor,
390600,1791191190600,56.615454,-4.705893,62.79,141.5,302.7,11,0.8,1523,63,81.3,15.5,14.16,1.681,51.1,motor,
390800,1791191190800,56.61543,-4.705857,63.38,141.3,302.6,11,0.8,1535,63,81.3,15.5,14.16,1.695,51.2,motor,
391000,1791191191000,56.615405,-4.705821,63.97,141.2,302.6,11,0.8,1548,64,81.3,15.5,14.16,1.709,51.2,motor,
391200,1791191191200,56.61538,-4.705785,64.56,141,302.6,11,0.8,1562,65,81.3,15.5,14.15,1.723,51.1,motor,
391400,1791191191400,56.615355,-4.705748,65.14,140.9,302.5,11,0.8,1576,65,81.3,15.5,14.15,1.737,51,motor,
391600,1791191191600,56.61533,-4.70571,65.73,140.7,302.5,11,0.8,1592,66,81.3,15.5,14.15,1.752,50.9,motor,
391800,1791191191800,56.615304,-4.705672,66.3,140.6,302.4,11,0.8,1238,66,81.3,15.5,14.15,1.371,50.8,motor,
392000,1791191192000,56.615278,-4.705634,66.87,140.4,302.4,11,0.8,1251,67,81.3,15.5,14.15,1.384,50.6,motor,
392200,1791191192200,56.615253,-4.705595,67.44,140.3,302.4,11,0.8,1264,67,81.3,15.5,14.15,1.395,50.4,motor,
392400,1791191192400,56.615227,-4.705556,67.99,140.1,302.3,11,0.8,1276,68,81.3,15.4,14.15,1.406,50.2,motor,
392600,1791191192600,56.615201,-4.705516,68.55,140,302.3,11,0.8,1287,69,81.3,15.4,14.15,1.415,50,motor,
392800,1791191192800,56.615174,-4.705476,69.09,139.8,302.3,11,0.8,1298,69,81.4,15.4,14.14,1.423,49.7,motor,
393000,1791191193000,56.615148,-4.705435,69.63,139.7,302.2,11,0.8,1307,70,81.4,15.4,14.14,1.429,49.4,motor,
393200,1791191193200,56.615121,-4.705394,70.15,139.5,302.2,11,0.8,1315,70,81.4,15.4,14.14,1.433,49,motor,
393400,1791191193400,56.615095,-4.705353,70.67,139.4,302.2,11,0.8,1322,71,81.4,15.4,14.14,1.436,48.6,motor,
393600,1791191193600,56.615068,-4.705311,71.18,139.2,302.1,11,0.8,1329,71,81.4,15.4,14.14,1.439,48.2,motor,
393800,1791191193800,56.615041,-4.705268,71.68,139,302.1,11,0.8,1336,72,81.4,15.4,14.14,1.441,47.8,motor,
394000,1791191194000,56.615014,-4.705226,72.17,138.9,302,11,0.8,1344,72,81.4,15.4,14.14,1.443,47.3,motor,
394200,1791191194200,56.614986,-4.705182,72.65,138.7,302,11,0.8,1352,73,81.4,15.4,14.13,1.445,46.8,motor,
394400,1791191194400,56.614959,-4.705139,73.11,138.6,302,11,0.8,1361,73,81.4,15.4,14.13,1.447,46.3,motor,
394600,1791191194600,56.614932,-4.705095,73.56,138.4,301.9,11,0.8,1371,74,81.4,15.3,14.13,1.45,45.8,motor,
394800,1791191194800,56.614904,-4.70505,74.01,138.3,301.9,11,0.8,1382,74,81.4,15.3,14.13,1.452,45.2,motor,
395000,1791191195000,56.614876,-4.705005,74.44,138.1,301.9,11,0.8,1392,74,81.4,15.3,14.13,1.454,44.6,motor,
395200,1791191195200,56.614849,-4.70496,74.85,138,301.8,11,0.8,1402,75,81.4,15.3,14.13,1.454,44,motor,
395400,1791191195400,56.614821,-4.704915,75.25,137.8,301.8,11,0.8,1412,75,81.5,15.3,14.12,1.453,43.4,motor,
395600,1791191195600,56.614793,-4.704869,75.64,137.6,301.7,11,0.8,1420,76,81.5,15.3,14.12,1.451,42.7,motor,
395800,1791191195800,56.614765,-4.704822,76.01,137.5,301.7,11,0.8,1427,76,81.5,15.3,14.12,1.447,42,motor,
396000,1791191196000,56.614737,-4.704775,76.37,137.3,301.7,11,0.8,1433,76,81.5,15.3,14.12,1.441,41.3,motor,
396200,1791191196200,56.614709,-4.704728,76.71,137.2,301.6,11,0.8,1437,77,81.5,15.3,14.12,1.434,40.6,motor,
396400,1791191196400,56.614681,-4.704681,77.04,137,301.6,11,0.8,1441,77,81.5,15.3,14.12,1.426,39.8,motor,
396600,1791191196600,56.614653,-4.704633,77.35,136.9,301.6,11,0.8,1444,77,81.5,15.3,14.11,1.417,39,motor,
396800,1791191196800,56.614625,-4.704585,77.65,136.7,301.5,11,0.8,1448,78,81.5,15.3,14.11,1.407,38.2,motor,
397000,1791191197000,56.614596,-4.704537,77.93,136.5,301.5,11,0.8,1451,78,81.5,15.3,14.11,1.397,37.4,motor,
397200,1791191197200,56.614568,-4.704488,78.19,136.4,301.5,11,0.8,1456,78,81.5,15.3,14.11,1.388,36.6,motor,
397400,1791191197400,56.61454,-4.704439,78.44,136.2,301.4,11,0.8,1461,78,81.5,15.3,14.11,1.378,35.8,motor,
397600,1791191197600,56.614512,-4.704389,78.67,136.1,301.4,11,0.8,1467,79,81.5,15.3,14.11,1.368,34.9,motor,
397800,1791191197800,56.614483,-4.70434,78.88,135.9,301.3,11,0.8,1473,79,81.5,15.3,14.1,1.358,34,motor,
398000,1791191198000,56.614455,-4.70429,79.07,135.8,301.3,11,0.8,1479,79,81.6,15.3,14.1,1.348,33.1,motor,
398200,1791191198200,56.614427,-4.70424,79.25,135.6,301.3,11,0.8,1485,79,81.6,15.3,14.1,1.336,32.2,motor,
398400,1791191198400,56.614398,-4.704189,79.4,135.4,301.2,11,0.8,1489,79,81.6,15.3,14.1,1.324,31.3,motor,
398600,1791191198600,56.61437,-4.704139,79.54,135.3,301.2,11,0.8,1493,80,81.6,15.3,14.1,1.31,30.4,motor,
398800,1791191198800,56.614342,-4.704088,79.66,135.1,301.2,11,0.8,1495,80,81.6,15.3,14.1,1.295,29.4,motor,
399000,1791191199000,56.614314,-4.704037,79.77,135,301.1,11,0.8,1496,80,81.6,15.3,14.09,1.28,28.5,motor,
399200,1791191199200,56.614286,-4.703986,79.85,134.8,301.1,11,0.8,1496,80,81.6,15.3,14.09,1.264,27.5,motor,
399400,1791191199400,56.614258,-4.703934,79.92,134.7,301.1,11,0.8,1494,80,81.6,15.3,14.09,1.247,26.5,motor,
399600,1791191199600,56.61423,-4.703883,79.96,134.5,301,11,0.8,1493,80,81.6,15.3,14.09,1.231,25.6,motor,
399800,1791191199800,56.614202,-4.703831,79.99,134.4,301,11,0.8,1491,80,81.6,15.3,14.09,1.217,24.8,motor,
400000,1791191200000,56.614174,-4.703779,80,134.2,301,11,0.8,1490,80,81.6,15.3,14.09,1.207,24.2,motor,
400200,1791191200200,56.614146,-4.703727,80,134.1,300.9,11,0.8,1490,80,81.6,15.3,14.09,1.2,23.8,motor,
400400,1791191200400,56.614118,-4.703675,80,133.9,300.9,11,0.8,1490,80,81.6,15.3,14.09,1.198,23.7,motor,
400600,1791191200600,56.61409,-4.703622,80,133.8,300.9,11,0.8,1492,80,81.7,15.3,14.08,1.198,23.7,motor,
400800,1791191200800,56.614063,-4.70357,80,133.6,300.8,11,0.8,1494,80,81.7,15.3,14.08,1.199,23.7,motor,
401000,1791191201000,56.614035,-4.703518,80,133.5,300.8,11,0.8,1497,80,81.7,15.3,14.08,1.2,23.7,motor,
401200,1791191201200,56.614008,-4.703465,80.01,133.3,300.8,11,0.8,1499,80,81.7,15.3,14.08,1.201,23.7,motor,
401400,1791191201400,56.61398,-4.703412,80.01,133.2,300.7,11,0.8,1501,80,81.7,15.3,14.08,1.202,23.7,motor,
401600,1791191201600,56.613953,-4.703359,80.01,133.1,300.7,11,0.8,1502,80,81.7,15.3,14.08,1.203,23.7,motor,
401800,1791191201800,56.613926,-4.703306,80.01,132.9,300.7,11,0.8,1502,80,81.7,15.3,14.08,1.203,23.8,motor,
402000,1791191202000,56.613899,-4.703253,80.02,132.8,300.6,11,0.8,1501,80,81.7,15.3,14.08,1.203,23.8,motor,
402200,1791191202200,56.613872,-4.7032,80.02,132.6,300.6,11,0.8,1499,80,81.7,15.3,14.08,1.203,23.8,motor,
402400,1791191202400,56.613845,-4.703146,80.02,132.5,300.6,11,0.8,1496,80,81.7,15.3,14.08,1.202,23.8,motor,
402600,1791191202600,56.613818,-4.703093,80.03,132.3,300.5,11,0.8,1494,80,81.7,15.3,14.07,1.202,23.8,motor,
402800,1791191202800,56.613791,-4.703039,80.03,132.2,300.5,11,0.8,1492,80,81.7,15.3,14.07,1.201,23.8,motor,
403000,1791191203000,56.613764,-4.702985,80.04,132.1,300.5,11,0.8,1491,80,81.7,15.3,14.07,1.201,23.9,motor,
403200,1791191203200,56.613737,-4.702931,80.04,131.9,300.4,11,0.8,1490,80,81.7,15.3,14.07,1.201,23.9,motor,
403400,1791191203400,56.61371,-4.702877,80.05,131.8,300.4,11,0.8,1491,80,81.8,15.3,14.07,1.202,23.9,motor,
403600,1791191203600,56.613684,-4.702823,80.05,131.7,300.4,11,0.8,1493,80,81.8,15.3,14.07,1.203,23.9,motor,
403800,1791191203800,56.613657,-4.702769,80.06,131.5,300.4,11,0.8,1495,80,81.8,15.3,14.07,1.204,23.9,motor,
404000,1791191204000,56.613631,-4.702714,80.07,131.4,300.3,11,0.8,1498,80,81.8,15.3,14.07,1.205,24,motor,
404200,1791191204200,56.613604,-4.70266,80.07,131.2,300.3,11,0.8,1500,80,81.8,15.3,14.07,1.206,24,motor,
404400,1791191204400,56.613578,-4.702605,80.08,131.1,300.3,11,0.8,1502,80,81.8,15.3,14.07,1.207,24,motor,
404600,1791191204600,56.613552,-4.70255,80.09,131,300.2,11,0.8,1503,80,81.8,15.3,14.07,1.208,24,motor,
404800,1791191204800,56.613526,-4.702495,80.09,130.8,300.2,11,0.8,1503,80,81.8,15.3,14.07,1.208,24,motor,
405000,1791191205000,56.6135,-4.70244,80.1,130.7,300.2,11,0.8,1502,80,81.8,15.3,14.07,1.208,24.1,motor,
405200,1791191205200,56.613474,-4.702385,80.11,130.6,300.2,11,0.8,1500,80,81.8,15.3,14.07,1.208,24.1,motor,
405400,1791191205400,56.613448,-4.70233,80.12,130.4,300.1,11,0.8,1498,80,81.8,15.3,14.07,1.207,24.1,motor,
405600,1791191205600,56.613422,-4.702275,80.13,130.3,300.1,11,0.8,1496,80,81.8,15.3,14.07,1.207,24.1,motor,
405800,1791191205800,56.613396,-4.702219,80.14,130.2,300.1,11,0.8,1494,80,81.8,15.3,14.07,1.207,24.1,motor,
406000,1791191206000,56.61337,-4.702164,80.15,130,300.1,11,0.8,1493,80,81.8,15.3,14.07,1.207,24.1,motor,
406200,1791191206200,56.613344,-4.702108,80.16,129.9,300,11,0.8,1493,80,81.9,15.3,14.07,1.207,24.2,motor,
406400,1791191206400,56.613319,-4.702052,80.17,129.8,300,11,0.8,1493,80,81.9,15.3,14.07,1.207,24.2,motor,
406600,1791191206600,56.613293,-4.701996,80.18,129.6,300,11,0.8,1495,80,81.9,15.3,14.07,1.208,24.2,motor,
406800,1791191206800,56.613268,-4.70194,80.19,129.5,299.9,11,0.8,1498,80,81.9,15.3,14.07,1.21,24.2,motor,
407000,1791191207000,56.613242,-4.701884,80.2,129.4,299.9,11,0.8,1500,80,81.9,15.3,14.07,1.211,24.2,motor,
407200,1791191207200,56.613217,-4.701828,80.21,129.3,299.9,11,0.8,1503,80,81.9,15.3,14.07,1.212,24.3,motor,
407400,1791191207400,56.613191,-4.701771,80.22,129.1,299.9,11,0.8,1505,80,81.9,15.3,14.07,1.213,24.3,motor,
407600,1791191207600,56.613166,-4.701715,80.23,129,299.8,11,0.8,1506,80,81.9,15.3,14.07,1.214,24.3,motor,
407800,1791191207800,56.613141,-4.701658,80.25,128.9,299.8,11,0.8,1506,80,81.9,15.3,14.07,1.214,24.3,motor,
408000,1791191208000,56.613116,-4.701601,80.26,128.7,299.8,11,0.8,1505,80,81.9,15.3,14.08,1.214,24.3,motor,
408200,1791191208200,56.613091,-4.701545,80.27,128.6,299.8,11,0.8,1503,80,81.9,15.3,14.08,1.214,24.4,motor,
408400,1791191208400,56.613066,-4.701488,80.29,128.5,299.8,11,0.8,1501,80,81.9,15.3,14.08,1.213,24.4,motor,
408600,1791191208600,56.613041,-4.701431,80.3,128.4,299.7,11,0.8,1499,80,81.9,15.3,14.08,1.213,24.4,motor,
408800,1791191208800,56.613016,-4.701374,80.31,128.2,299.7,11,0.8,1497,80,82,15.3,14.08,1.213,24.4,motor,
409000,1791191209000,56.612991,-4.701316,80.33,128.1,299.7,11,0.8,1496,80,82,15.3,14.08,1.213,24.4,motor,
409200,1791191209200,56.612967,-4.701259,80.34,128,299.7,11,0.8,1496,80,82,15.3,14.08,1.213,24.4,motor,
409400,1791191209400,56.612942,-4.701201,80.36,127.9,299.6,11,0.8,1497,80,82,15.3,14.08,1.214,24.5,motor,
409600,1791191209600,56.612917,-4.701144,80.37,127.7,299.6,11,0.8,1499,80,82,15.3,14.08,1.215,24.5,motor,
409800,1791191209800,56.612893,-4.701086,80.39,127.6,299.6,11,0.8,1502,80,82,15.3,14.08,1.216,24.5,motor,
410000,1791191210000,56.612868,-4.701028,80.4,127.5,299.6,11,0.8,1504,80,82,15.3,14.08,1.217,24.5,motor,
410200,1791191210200,56.612844,-4.700971,80.42,127.4,299.6,11,0.8,1507,80,82,15.3,14.09,1.218,24.5,motor,
410400,1791191210400,56.61282,-4.700913,80.43,127.3,299.5,11,0.8,1509,80,82,15.3,14.09,1.219,24.6,motor,
410600,1791191210600,56.612795,-4.700854,80.45,127.1,299.5,11,0.8,1510,80,82,15.3,14.09,1.22,24.6,motor,
410800,1791191210800,56.612771,-4.700796,80.47,127,299.5,11,0.8,1510,80,82,15.3,14.09,1.22,24.6,motor,
411000,1791191211000,56.612747,-4.700738,80.48,126.9,299.5,11,0.8,1509,80,82,15.3,14.09,1.22,24.6,motor,
411200,1791191211200,56.612723,-4.700679,80.5,126.8,299.5,11,0.8,1507,81,82,15.3,14.09,1.22,24.6,motor,
411400,1791191211400,56.612699,-4.700621,80.52,126.6,299.4,11,0.8,1505,81,82,15.3,14.09,1.22,24.6,motor,
411600,1791191211600,56.612675,-4.700562,80.54,126.5,299.4,11,0.8,1503,81,82,15.3,14.1,1.219,24.7,motor,
411800,1791191211800,56.612651,-4.700504,80.55,126.4,299.4,11,0.8,1502,81,82.1,15.3,14.1,1.219,24.7,motor,
412000,1791191212000,56.612627,-4.700445,80.57,126.3,299.4,11,0.8,1501,81,82.1,15.3,14.1,1.219,24.7,motor,
412200,1791191212200,56.612603,-4.700386,80.59,126.2,299.4,11,0.8,1501,81,82.1,15.3,14.1,1.219,24.7,motor,
412400,1791191212400,56.61258,-4.700327,80.61,126,299.3,11,0.8,1502,81,82.1,15.3,14.1,1.22,24.7,motor,
412600,1791191212600,56.612556,-4.700268,80.63,125.9,299.3,11,0.8,1504,81,82.1,15.3,14.1,1.221,24.8,motor,
412800,1791191212800,56.612532,-4.700208,80.65,125.8,299.3,11,0.8,1507,81,82.1,15.3,14.1,1.222,24.8,motor,
413000,1791191213000,56.612509,-4.700149,80.67,125.7,299.3,11,0.8,1509,81,82.1,15.3,14.11,1.224,24.8,motor,
413200,1791191213200,56.612485,-4.700089,80.69,125.6,299.3,11,0.8,1512,81,82.1,15.3,14.11,1.225,24.8,motor,
413400,1791191213400,56.612462,-4.70003,80.71,125.5,299.3,11,0.8,1514,81,82.1,15.3,14.11,1.226,24.8,motor,
413600,1791191213600,56.612439,-4.69997,80.73,125.3,299.2,11,0.8,1515,81,82.1,15.3,14.11,1.227,24.8,motor,
413800,1791191213800,56.612415,-4.69991,80.75,125.2,299.2,11,0.8,1515,81,82.1,15.3,14.11,1.227,24.9,motor,
414000,1791191214000,56.612392,-4.699851,80.77,125.1,299.2,11,0.8,1514,81,82.1,15.3,14.11,1.227,24.9,motor,
414200,1791191214200,56.612369,-4.699791,80.79,125,299.2,11,0.8,1513,81,82.1,15.3,14.12,1.227,24.9,motor,
414400,1791191214400,56.612346,-4.699731,80.81,124.9,299.2,11,0.8,1511,81,82.1,15.3,14.12,1.227,24.9,motor,
414600,1791191214600,56.612323,-4.69967,80.83,124.8,299.2,11,0.8,1509,81,82.2,15.3,14.12,1.226,24.9,motor,
414800,1791191214800,56.6123,-4.69961,80.86,124.6,299.1,11,0.8,1507,81,82.2,15.3,14.12,1.226,24.9,motor,
415000,1791191215000,56.612277,-4.69955,80.88,124.5,299.1,11,0.8,1506,81,82.2,15.3,14.12,1.226,25,motor,
415200,1791191215200,56.612254,-4.699489,80.9,124.4,299.1,11,0.8,1507,81,82.2,15.3,14.12,1.226,25,motor,
415400,1791191215400,56.612231,-4.699429,80.92,124.3,299.1,11,0.8,1508,81,82.2,15.3,14.13,1.227,25,motor,
415600,1791191215600,56.612208,-4.699368,80.95,124.2,299.1,11,0.8,1510,81,82.2,15.3,14.13,1.228,25,motor,
415800,1791191215800,56.612186,-4.699307,80.97,124.1,299.1,11,0.8,1513,81,82.2,15.3,14.13,1.229,25,motor,
416000,1791191216000,56.612163,-4.699246,80.99,124,299.1,11,0.8,1516,81,82.2,15.3,14.13,1.231,25.1,motor,
416200,1791191216200,56.612141,-4.699185,81.02,123.8,299,11,0.8,1518,81,82.2,15.3,14.13,1.232,25.1,motor,
416400,1791191216400,56.612118,-4.699124,81.04,123.7,299,11,0.8,1520,81,82.2,15.3,14.13,1.233,25.1,motor,
416600,1791191216600,56.612096,-4.699063,81.06,123.6,299,11,0.8,1522,81,82.2,15.3,14.14,1.234,25.1,motor,
416800,1791191216800,56.612073,-4.699002,81.09,123.5,299,11,0.8,1522,81,82.2,15.3,14.14,1.234,25.1,motor,
417000,1791191217000,56.612051,-4.69894,81.11,123.4,299,11,0.8,1521,81,82.2,15.3,14.14,1.234,25.1,motor,
417200,1791191217200,56.612029,-4.698879,81.14,123.3,299,11,0.8,1519,81,82.2,15.3,14.14,1.234,25.1,motor,
417400,1791191217400,56.612006,-4.698817,81.16,123.2,299,11,0.8,1517,81,82.2,15.3,14.14,1.234,25.2,motor,
417600,1791191217600,56.611984,-4.698756,81.19,123.1,299,11,0.8,1515,81,82.3,15.3,14.14,1.233,25.2,motor,
417800,1791191217800,56.611962,-4.698694,81.21,122.9,298.9,11,0.8,1514,81,82.3,15.3,14.14,1.233,25.2,motor,
418000,1791191218000,56.61194,-4.698632,81.24,122.8,298.9,11,0.8,1513,81,82.3,15.3,14.15,1.233,25.2,motor,
418200,1791191218200,56.611918,-4.69857,81.26,122.7,298.9,11,0.8,1513,81,82.3,15.3,14.15,1.233,25.2,motor,
418400,1791191218400,56.611896,-4.698508,81.29,122.6,298.9,11,0.8,1515,81,82.3,15.3,14.15,1.234,25.2,motor,
418600,1791191218600,56.611874,-4.698446,81.31,122.5,298.9,11,0.8,1517,81,82.3,15.3,14.15,1.235,25.3,motor,
418800,1791191218800,56.611853,-4.698384,81.34,122.4,298.9,11,0.8,1520,81,82.3,15.3,14.15,1.237,25.3,motor,
419000,1791191219000,56.611831,-4.698321,81.37,122.3,298.9,11,0.8,1523,81,82.3,15.3,14.15,1.238,25.3,motor,
419200,1791191219200,56.611809,-4.698259,81.39,122.2,298.9,11,0.8,1525,81,82.3,15.3,14.15,1.239,25.3,motor,
419400,1791191219400,56.611788,-4.698196,81.42,122.1,298.9,11,0.8,1528,81,82.3,15.3,14.16,1.24,25.3,motor,
419600,1791191219600,56.611766,-4.698134,81.45,121.9,298.9,11,0.8,1529,81,82.3,15.3,14.16,1.241,25.3,motor,
419800,1791191219800,56.611745,-4.698071,81.47,121.8,298.8,11,0.8,1529,81,82.3,15.3,14.16,1.241,25.4,motor,
420000,1791191220000,56.611723,-4.698008,81.5,121.7,298.8,11,0.8,1528,82,82.3,15.3,14.16,1.241,25.4,motor,
420200,1791191220200,56.611702,-4.697945,81.53,121.6,298.8,11,0.8,1526,82,82.3,15.3,14.16,1.241,25.4,motor,
420400,1791191220400,56.61168,-4.697882,81.55,121.5,298.8,11,0.8,1524,82,82.3,15.3,14.16,1.241,25.4,motor,
420600,1791191220600,56.611659,-4.697819,81.58,121.4,298.8,11,0.8,1522,82,82.4,15.4,14.16,1.24,25.4,motor,
420800,1791191220800,56.611638,-4.697756,81.61,121.3,298.8,11,0.8,1521,82,82.4,15.4,14.16,1.24,25.4,motor,
421000,1791191221000,56.611617,-4.697693,81.64,121.2,298.8,11,0.8,1520,82,82.4,15.4,14.16,1.24,25.4,motor,
421200,1791191221200,56.611596,-4.697629,81.67,121.1,298.8,11,0.8,1521,82,82.4,15.4,14.16,1.24,25.5,motor,
421400,1791191221400,56.611575,-4.697566,81.69,121,298.8,11,0.8,1522,82,82.4,15.4,14.16,1.241,25.5,motor,
421600,1791191221600,56.611554,-4.697502,81.72,120.9,298.8,11,0.8,1525,82,82.4,15.4,14.17,1.242,25.5,motor,
421800,1791191221800,56.611533,-4.697439,81.75,120.7,298.8,11,0.8,1527,82,82.4,15.4,14.17,1.244,25.5,motor,
422000,1791191222000,56.611512,-4.697375,81.78,120.6,298.8,11,0.8,1531,82,82.4,15.4,14.17,1.245,25.5,motor,
422200,1791191222200,56.611491,-4.697311,81.81,120.5,298.8,11,0.8,1533,82,82.4,15.4,14.17,1.246,25.5,motor,
422400,1791191222400,56.611471,-4.697247,81.84,120.4,298.8,11,0.8,1535,82,82.4,15.4,14.17,1.248,25.5,motor,
422600,1791191222600,56.61145,-4.697183,81.87,120.3,298.7,11,0.8,1537,82,82.4,15.4,14.17,1.248,25.5,motor,
422800,1791191222800,56.611429,-4.697119,81.9,120.2,298.7,11,0.8,1537,82,82.4,15.4,14.17,1.249,25.6,motor,
423000,1791191223000,56.611409,-4.697055,81.92,120.1,298.7,11,0.8,1536,82,82.4,15.4,14.17,1.248,25.6,motor,
423200,1791191223200,56.611388,-4.69699,81.95,120,298.7,11,0.8,1534,82,82.4,15.4,14.17,1.248,25.6,motor,
423400,1791191223400,56.611368,-4.696926,81.98,119.9,298.7,11,0.8,1532,82,82.4,15.4,14.17,1.248,25.6,motor,
423600,1791191223600,56.611347,-4.696861,82.01,119.8,298.7,11,0.8,1530,82,82.5,15.4,14.17,1.247,25.6,motor,
423800,1791191223800,56.611327,-4.696797,82.04,119.7,298.7,11,0.8,1529,82,82.5,15.4,14.17,1.247,25.6,motor,
424000,1791191224000,56.611307,-4.696732,82.07,119.6,298.7,11,0.9,1529,82,82.5,15.4,14.17,1.247,25.6,motor,
424200,1791191224200,56.611287,-4.696667,82.1,119.5,298.7,11,0.9,1529,82,82.5,15.4,14.17,1.247,25.6,motor,
424400,1791191224400,56.611267,-4.696602,82.13,119.3,298.7,11,0.9,1531,82,82.5,15.4,14.17,1.248,25.7,motor,
424600,1791191224600,56.611247,-4.696537,82.16,119.2,298.7,11,0.9,1533,82,82.5,15.4,14.17,1.249,25.7,motor,
424800,1791191224800,56.611227,-4.696472,82.19,119.1,298.7,11,0.9,1536,82,82.5,15.4,14.17,1.251,25.7,motor,
425000,1791191225000,56.611207,-4.696407,82.22,119,298.7,11,0.9,1539,82,82.5,15.4,14.17,1.252,25.7,motor,
425200,1791191225200,56.611187,-4.696342,82.25,118.9,298.7,11,0.9,1542,82,82.5,15.4,14.17,1.253,25.7,motor,
425400,1791191225400,56.611167,-4.696277,82.28,118.8,298.7,11,0.9,1544,82,82.5,15.4,14.17,1.254,25.7,motor,
425600,1791191225600,56.611147,-4.696211,82.31,118.7,298.7,11,0.9,1545,82,82.5,15.4,14.17,1.255,25.7,motor,
425800,1791191225800,56.611127,-4.696146,82.35,118.6,298.7,11,0.9,1545,82,82.5,15.4,14.17,1.255,25.7,motor,
426000,1791191226000,56.611108,-4.69608,82.38,118.5,298.7,11,0.9,1544,82,82.5,15.4,14.17,1.255,25.7,motor,
426200,1791191226200,56.611088,-4.696014,82.41,118.4,298.7,11,0.9,1543,82,82.5,15.4,14.17,1.255,25.8,motor,
426400,1791191226400,56.611069,-4.695949,82.44,118.3,298.7,11,0.9,1541,82,82.5,15.4,14.17,1.254,25.8,motor,
426600,1791191226600,56.611049,-4.695883,82.47,118.2,298.7,11,0.9,1539,82,82.6,15.4,14.17,1.254,25.8,motor,
426800,1791191226800,56.61103,-4.695817,82.5,118.1,298.7,11,0.9,1538,82,82.6,15.4,14.17,1.254,25.8,motor,
427000,1791191227000,56.61101,-4.695751,82.53,118,298.7,11,0.9,1537,83,82.6,15.4,14.16,1.254,25.8,motor,
427200,1791191227200,56.610991,-4.695685,82.56,117.9,298.7,11,0.9,1538,83,82.6,15.4,14.16,1.254,25.8,motor,
427400,1791191227400,56.610972,-4.695618,82.59,117.8,298.7,11,0.9,1539,83,82.6,15.4,14.16,1.255,25.8,motor,
427600,1791191227600,56.610953,-4.695552,82.62,117.6,298.7,11,0.9,1542,83,82.6,15.4,14.16,1.256,25.8,motor,
427800,1791191227800,56.610933,-4.695486,82.66,117.5,298.7,11,0.9,1545,83,82.6,15.4,14.16,1.257,25.8,motor,
428000,1791191228000,56.610914,-4.695419,82.69,117.4,298.7,11,0.9,1548,83,82.6,15.4,14.16,1.259,25.8,motor,
428200,1791191228200,56.610895,-4.695352,82.72,117.3,298.7,11,0.9,1550,83,82.6,15.4,14.16,1.26,25.8,motor,
428400,1791191228400,56.610876,-4.695286,82.75,117.2,298.7,11,0.9,1552,83,82.6,15.4,14.16,1.261,25.9,motor,
428600,1791191228600,56.610858,-4.695219,82.78,117.1,298.7,11,0.9,1554,83,82.6,15.4,14.16,1.262,25.9,motor,
428800,1791191228800,56.610839,-4.695152,82.81,117,298.7,11,0.9,1554,83,82.6,15.4,14.16,1.262,25.9,motor,
429000,1791191229000,56.61082,-4.695085,82.84,116.9,298.7,11,0.9,1553,83,82.6,15.4,14.15,1.262,25.9,motor,
429200,1791191229200,56.610801,-4.695018,82.87,116.8,298.7,11,0.9,1551,83,82.6,15.4,14.15,1.261,25.9,motor,
429400,1791191229400,56.610783,-4.694951,82.91,116.7,298.7,11,0.9,1549,83,82.6,15.4,14.15,1.261,25.9,motor,
429600,1791191229600,56.610764,-4.694884,82.94,116.6,298.7,11,0.9,1548,83,82.6,15.4,14.15,1.26,25.9,motor,
429800,1791191229800,56.610746,-4.694816,82.97,116.5,298.7,11,0.9,1546,83,82.7,15.4,14.15,1.26,25.9,motor,
430000,1791191230000,56.610727,-4.694749,83,116.4,298.7,11,0.9,1546,83,82.7,15.4,14.15,1.26,25.9,motor,
430200,1791191230200,56.610709,-4.694682,83.03,116.3,298.7,11,0.9,1546,83,82.7,15.4,14.15,1.26,25.9,motor,
430400,1791191230400,56.61069,-4.694614,83.06,116.2,298.7,11,0.9,1548,83,82.7,15.4,14.14,1.261,25.9,motor,
430600,1791191230600,56.610672,-4.694546,83.09,116.1,298.7,11,0.9,1551,83,82.7,15.4,14.14,1.262,25.9,motor,
430800,1791191230800,56.610654,-4.694479,83.13,116,298.7,11,0.9,1553,83,82.7,15.4,14.14,1.264,25.9,motor,
431000,1791191231000,56.610636,-4.694411,83.16,115.9,298.7,11,0.9,1557,83,82.7,15.4,14.14,1.265,26,motor,
431200,1791191231200,56.610618,-4.694343,83.19,115.8,298.7,11,0.9,1559,83,82.7,15.4,14.14,1.266,26,motor,
431400,1791191231400,56.6106,-4.694275,83.22,115.7,298.7,11,0.9,1561,83,82.7,15.4,14.14,1.267,26,motor,
431600,1791191231600,56.610582,-4.694207,83.25,115.5,298.7,11,0.9,1562,83,82.7,15.4,14.14,1.268,26,motor,
431800,1791191231800,56.610564,-4.694139,83.28,115.4,298.7,11,0.9,1562,83,82.7,15.4,14.13,1.268,26,motor,
432000,1791191232000,56.610546,-4.69407,83.31,115.3,298.8,11,0.9,1562,83,82.7,15.4,14.13,1.268,26,motor,
432200,1791191232200,56.610528,-4.694002,83.34,115.2,298.8,11,0.9,1560,83,82.7,15.4,14.13,1.267,26,motor,
432400,1791191232400,56.61051,-4.693934,83.38,115.1,298.8,11,0.9,1558,83,82.7,15.4,14.13,1.266,26,motor,
432600,1791191232600,56.610493,-4.693865,83.41,115,298.8,11,0.9,1556,83,82.7,15.4,14.13,1.266,26,motor,
432800,1791191232800,56.610475,-4.693797,83.44,114.9,298.8,11,0.9,1555,83,82.7,15.4,14.13,1.265,26,motor,
433000,1791191233000,56.610458,-4.693728,83.47,114.8,298.8,11,0.9,1555,83,82.8,15.4,14.12,1.265,26,motor,
433200,1791191233200,56.61044,-4.693659,83.5,114.7,298.8,11,0.9,1555,84,82.8,15.4,14.12,1.266,26,motor,
433400,1791191233400,56.610423,-4.69359,83.53,114.6,298.8,11,0.9,1557,84,82.8,15.4,14.12,1.267,26,motor,
433600,1791191233600,56.610405,-4.693521,83.56,114.5,298.8,11,0.9,1559,84,82.8,15.4,14.12,1.268,26,motor,
433800,1791191233800,56.610388,-4.693452,83.59,114.4,298.8,11,0.9,1562,84,82.8,15.4,14.12,1.269,26,motor,
434000,1791191234000,56.610371,-4.693383,83.62,114.3,298.8,11,0.9,1565,84,82.8,15.4,14.12,1.27,26,motor,
434200,1791191234200,56.610354,-4.693314,83.65,114.2,298.8,11,0.9,1568,84,82.8,15.4,14.11,1.271,26,motor,
434400,1791191234400,56.610337,-4.693245,83.69,114.1,298.8,11,0.9,1570,84,82.8,15.4,14.11,1.272,26,motor,
434600,1791191234600,56.61032,-4.693175,83.72,114,298.8,11,0.9,1571,84,82.8,15.4,14.11,1.273,26,motor,
434800,1791191234800,56.610303,-4.693106,83.75,113.9,298.8,11,0.9,1571,84,82.8,15.4,14.11,1.273,26,motor,
435000,1791191235000,56.610286,-4.693037,83.78,113.8,298.8,11,0.9,1570,84,82.8,15.4,14.11,1.273,26,motor,
435200,1791191235200,56.610269,-4.692967,83.81,113.7,298.9,11,0.9,1568,84,82.8,15.4,14.11,1.272,26,motor,
435400,1791191235400,56.610252,-4.692897,83.84,113.5,298.9,11,0.9,1567,84,82.8,15.4,14.1,1.271,26,motor,
435600,1791191235600,56.610236,-4.692828,83.87,113.4,298.9,11,0.9,1565,84,82.8,15.4,14.1,1.271,26,motor,
435800,1791191235800,56.610219,-4.692758,83.9,113.3,298.9,11,0.9,1564,84,82.8,15.4,14.1,1.27,26,motor,
436000,1791191236000,56.610202,-4.692688,83.93,113.2,298.9,11,0.9,1563,84,82.8,15.4,14.1,1.27,26,motor,
436200,1791191236200,56.610186,-4.692618,83.96,113.1,298.9,11,0.9,1564,84,82.9,15.4,14.1,1.27,26,motor,
436400,1791191236400,56.610169,-4.692548,83.99,113,298.9,11,0.9,1565,84,82.9,15.4,14.1,1.271,26,motor,
436600,1791191236600,56.610153,-4.692478,84.02,112.9,298.9,11,0.9,1568,84,82.9,15.4,14.1,1.272,26,motor,
436800,1791191236800,56.610137,-4.692407,84.05,112.8,298.9,11,0.9,1571,84,82.9,15.4,14.09,1.273,26,motor,
437000,1791191237000,56.610121,-4.692337,84.08,112.7,298.9,11,0.9,1574,84,82.9,15.4,14.09,1.275,26,motor,
437200,1791191237200,56.610104,-4.692267,84.1,112.6,298.9,11,0.9,1577,84,82.9,15.4,14.09,1.276,26,motor,
437400,1791191237400,56.610088,-4.692196,84.13,112.5,299,11,0.9,1578,84,82.9,15.4,14.09,1.277,26,motor,
437600,1791191237600,56.610072,-4.692126,84.16,112.4,299,11,0.9,1579,84,82.9,15.4,14.09,1.277,26,motor,
437800,1791191237800,56.610056,-4.692055,84.19,112.3,299,11,0.9,1579,84,82.9,15.4,14.09,1.277,26,motor,
438000,1791191238000,56.61004,-4.691984,84.22,112.2,299,11,0.9,1578,84,82.9,15.4,14.09,1.277,26,motor,
438200,1791191238200,56.610024,-4.691914,84.25,112.1,299,11,0.9,1577,84,82.9,15.4,14.08,1.276,26,motor,
438400,1791191238400,56.610009,-4.691843,84.28,112,299,11,0.9,1575,84,82.9,15.4,14.08,1.275,26,motor,
438600,1791191238600,56.609993,-4.691772,84.31,111.9,299,11,0.9,1573,84,82.9,15.4,14.08,1.274,26,motor,
438800,1791191238800,56.609977,-4.691701,84.33,111.8,299,11,0.9,1572,84,82.9,15.4,14.08,1.274,26,motor,
439000,1791191239000,56.609962,-4.69163,84.36,111.6,299,11,0.9,1571,84,82.9,15.4,14.08,1.274,26,motor,
439200,1791191239200,56.609946,-4.691559,84.39,111.5,299.1,11,0.9,1572,84,82.9,15.4,14.08,1.274,26,motor,
439400,1791191239400,56.609931,-4.691487,84.42,111.4,299.1,11,0.9,1574,84,82.9,15.4,14.08,1.275,26,motor,
439600,1791191239600,56.609915,-4.691416,84.45,111.3,299.1,11,0.9,1576,84,83,15.4,14.08,1.276,26,motor,
439800,1791191239800,56.6099,-4.691345,84.47,111.2,299.1,11,0.9,1579,84,83,15.4,14.08,1.277,26,motor,
440000,1791191240000,56.609885,-4.691273,84.5,111.1,299.1,11,0.9,1582,84,83,15.4,14.08,1.278,26,motor,
440200,1791191240200,56.60987,-4.691202,84.53,111,299.1,11,0.9,1585,85,83,15.4,14.08,1.279,26,motor,
440400,1791191240400,56.609855,-4.69113,84.55,110.9,299.1,11,0.9,1586,85,83,15.4,14.07,1.28,26,motor,
440600,1791191240600,56.60984,-4.691058,84.58,110.8,299.1,11,0.9,1587,85,83,15.4,14.07,1.28,26,motor,
440800,1791191240800,56.609825,-4.690987,84.61,110.7,299.2,11,0.9,1587,85,83,15.4,14.07,1.28,26,motor,
441000,1791191241000,56.60981,-4.690915,84.63,110.6,299.2,11,0.9,1586,85,83,15.4,14.07,1.28,26,motor,
441200,1791191241200,56.609795,-4.690843,84.66,110.5,299.2,11,0.9,1584,85,83,15.4,14.07,1.279,26,motor,
441400,1791191241400,56.60978,-4.690771,84.69,110.4,299.2,11,0.9,1582,85,83,15.4,14.07,1.278,26,motor,
441600,1791191241600,56.609765,-4.690699,84.71,110.3,299.2,11,0.9,1580,85,83,15.4,14.07,1.277,26,motor,
441800,1791191241800,56.609751,-4.690627,84.74,110.2,299.2,11,0.9,1579,85,83,15.4,14.07,1.277,26,motor,
442000,1791191242000,56.609736,-4.690555,84.76,110,299.2,11,0.9,1579,85,83,15.4,14.07,1.276,26,motor,
442200,1791191242200,56.609722,-4.690482,84.79,109.9,299.2,11,0.9,1579,85,83,15.4,14.07,1.277,26,motor,
442400,1791191242400,56.609707,-4.69041,84.81,109.8,299.3,11,0.9,1581,85,83,15.4,14.07,1.277,26,motor,
442600,1791191242600,56.609693,-4.690338,84.84,109.7,299.3,11,0.9,1583,85,83,15.4,14.07,1.278,26,motor,
442800,1791191242800,56.609679,-4.690265,84.86,109.6,299.3,11,0.9,1586,85,83,15.4,14.07,1.279,26,motor,
443000,1791191243000,56.609665,-4.690193,84.89,109.5,299.3,11,0.9,1589,85,83.1,15.4,14.07,1.28,26,motor,
443200,1791191243200,56.60965,-4.69012,84.91,109.4,299.3,11,0.9,1592,85,83.1,15.4,14.07,1.281,26,motor,
443400,1791191243400,56.609636,-4.690047,84.94,109.3,299.3,11,0.9,1594,85,83.1,15.4,14.07,1.282,26,motor,
443600,1791191243600,56.609622,-4.689975,84.96,109.2,299.3,11,0.9,1594,85,83.1,15.4,14.07,1.282,25.9,motor,
443800,1791191243800,56.609608,-4.689902,84.98,109.1,299.4,11,0.9,1594,85,83.1,15.4,14.07,1.282,25.9,motor,
444000,1791191244000,56.609595,-4.689829,85.01,109,299.4,11,0.9,1593,85,83.1,15.4,14.07,1.281,25.9,motor,
444200,1791191244200,56.609581,-4.689756,85.03,108.9,299.4,11,0.9,1591,85,83.1,15.4,14.07,1.281,25.9,motor,
444400,1791191244400,56.609567,-4.689683,85.05,108.7,299.4,11,0.9,1589,85,83.1,15.4,14.07,1.28,25.9,motor,
444600,1791191244600,56.609554,-4.68961,85.08,108.6,299.4,11,0.9,1587,85,83.1,15.4,14.07,1.279,25.9,motor,
444800,1791191244800,56.60954,-4.689537,85.1,108.5,299.4,11,0.9,1586,85,83.1,15.4,14.07,1.278,25.9,motor,
445000,1791191245000,56.609526,-4.689463,85.12,108.4,299.4,11,0.9,1585,85,83.1,15.4,14.07,1.278,25.9,motor,
445200,1791191245200,56.609513,-4.68939,85.14,108.3,299.5,11,0.9,1586,85,83.1,15.4,14.07,1.278,25.9,motor,
445400,1791191245400,56.6095,-4.689317,85.17,108.2,299.5,11,0.9,1588,85,83.1,15.4,14.07,1.279,25.9,motor,
445600,1791191245600,56.609487,-4.689243,85.19,108.1,299.5,11,0.9,1590,85,83.1,15.4,14.07,1.279,25.9,motor,
445800,1791191245800,56.609473,-4.68917,85.21,108,299.5,11,0.9,1593,85,83.1,15.4,14.08,1.28,25.9,motor,
446000,1791191246000,56.60946,-4.689096,85.23,107.9,299.5,11,0.9,1596,85,83.1,15.4,14.08,1.281,25.9,motor,
446200,1791191246200,56.609447,-4.689023,85.25,107.8,299.5,11,0.9,1598,85,83.1,15.4,14.08,1.282,25.9,motor,
446400,1791191246400,56.609434,-4.688949,85.27,107.7,299.5,11,0.9,1600,85,83.2,15.4,14.08,1.283,25.8,motor,
446600,1791191246600,56.609421,-4.688875,85.29,107.5,299.6,11,0.9,1601,85,83.2,15.4,14.08,1.283,25.8,motor,
446800,1791191246800,56.609409,-4.688802,85.31,107.4,299.6,11,0.9,1600,85,83.2,15.4,14.08,1.282,25.8,motor,
447000,1791191247000,56.609396,-4.688728,85.33,107.3,299.6,11,0.9,1599,85,83.2,15.4,14.08,1.282,25.8,motor,
447200,1791191247200,56.609383,-4.688654,85.35,107.2,299.6,11,0.9,1597,85,83.2,15.4,14.08,1.281,25.8,motor,
447400,1791191247400,56.609371,-4.68858,85.37,107.1,299.6,11,0.9,1595,85,83.2,15.4,14.08,1.28,25.8,motor,
447600,1791191247600,56.609358,-4.688506,85.39,107,299.6,11,0.9,1593,85,83.2,15.4,14.08,1.279,25.8,motor,
447800,1791191247800,56.609346,-4.688432,85.41,106.9,299.7,11,0.9,1592,85,83.2,15.4,14.09,1.278,25.8,motor,
448000,1791191248000,56.609333,-4.688358,85.43,106.8,299.7,11,0.9,1591,85,83.2,15.4,14.09,1.278,25.8,motor,
448200,1791191248200,56.609321,-4.688283,85.45,106.7,299.7,11,0.9,1592,85,83.2,15.4,14.09,1.278,25.8,motor,
448400,1791191248400,56.609309,-4.688209,85.46,106.6,299.7,11,0.9,1593,85,83.2,15.4,14.09,1.279,25.7,motor,
448600,1791191248600,56.609297,-4.688135,85.48,106.4,299.7,11,0.9,1596,85,83.2,15.4,14.09,1.279,25.7,motor,
448800,1791191248800,56.609285,-4.68806,85.5,106.3,299.7,11,0.9,1598,85,83.2,15.4,14.09,1.28,25.7,motor,
449000,1791191249000,56.609273,-4.687986,85.52,106.2,299.8,11,0.9,1601,86,83.2,15.4,14.09,1.281,25.7,motor,
449200,1791191249200,56.609261,-4.687911,85.53,106.1,299.8,11,0.9,1604,86,83.2,15.4,14.09,1.28,25.7,motor,
449400,1791191249400,56.609249,-4.687837,85.55,106,299.8,11,0.9,1605,86,83.2,15.4,14.1,1.28,25.7,motor,
449600,1791191249600,56.609237,-4.687762,85.57,105.9,299.8,11,0.9,1606,86,83.2,15.4,14.1,1.28,25.7,motor,
449800,1791191249800,56.609225,-4.687688,85.58,105.8,299.8,11,0.9,1605,86,83.2,15.4,14.1,1.28,25.7,motor,
450000,1791191250000,56.609214,-4.687613,85.6,105.7,299.8,11,0.9,1604,86,83.3,15.4,14.1,1.28,25.7,motor,
450200,1791191250200,56.609202,-4.687538,85.61,105.5,299.9,11,0.9,1602,86,83.3,15.4,14.1,1.279,25.6,motor,
450400,1791191250400,56.609191,-4.687463,85.63,105.4,299.9,11,0.9,1600,86,83.3,15.4,14.1,1.279,25.6,motor,
450600,1791191250600,56.60918,-4.687388,85.64,105.3,299.9,11,0.9,1598,86,83.3,15.4,14.11,1.278,25.6,motor,
450800,1791191250800,56.609168,-4.687313,85.66,105.2,299.9,11,0.9,1596,86,83.3,15.4,14.11,1.277,25.6,motor,
451000,1791191251000,56.609157,-4.687238,85.67,105.1,299.9,11,0.9,1596,86,83.3,15.4,14.11,1.277,25.6,motor,
451200,1791191251200,56.609146,-4.687163,85.69,105,299.9,11,0.9,1596,86,83.3,15.4,14.11,1.277,25.6,motor,
451400,1791191251400,56.609135,-4.687088,85.7,104.9,300,11,0.9,1598,86,83.3,15.4,14.11,1.277,25.6,motor,
451600,1791191251600,56.609124,-4.687013,85.71,104.8,300,11,0.9,1600,86,83.3,15.4,14.11,1.278,25.6,motor,
451800,1791191251800,56.609113,-4.686938,85.73,104.6,300,11,0.9,1603,86,83.3,15.4,14.12,1.278,25.6,motor,
452000,1791191252000,56.609102,-4.686863,85.74,104.5,300,11,0.9,1606,86,83.3,15.5,14.12,1.277,25.5,motor,
452200,1791191252200,56.609092,-4.686787,85.75,104.4,300,11,0.9,1608,86,83.3,15.5,14.12,1.277,25.5,motor,
452400,1791191252400,56.609081,-4.686712,85.77,104.3,300,11,0.9,1609,86,83.3,15.5,14.12,1.277,25.5,motor,
452600,1791191252600,56.60907,-4.686637,85.78,104.2,300.1,11,0.9,1610,86,83.3,15.5,14.12,1.277,25.5,motor,
452800,1791191252800,56.60906,-4.686561,85.79,104.1,300.1,11,0.9,1609,86,83.3,15.5,14.12,1.276,25.5,motor,
453000,1791191253000,56.60905,-4.686486,85.8,104,300.1,11,0.9,1607,86,83.3,15.5,14.13,1.276,25.5,motor,
453200,1791191253200,56.609039,-4.68641,85.81,103.9,300.1,11,0.9,1605,86,83.3,15.5,14.13,1.276,25.5,motor,
453400,1791191253400,56.609029,-4.686334,85.82,103.7,300.1,11,0.9,1603,86,83.3,15.5,14.13,1.276,25.4,motor,
453600,1791191253600,56.609019,-4.686259,85.83,103.6,300.1,11,0.9,1601,86,83.4,15.5,14.13,1.275,25.4,motor,
453800,1791191253800,56.609009,-4.686183,85.84,103.5,300.2,11,0.9,1600,86,83.4,15.5,14.13,1.275,25.4,motor,
454000,1791191254000,56.608999,-4.686107,85.85,103.4,300.2,11,0.9,1599,86,83.4,15.5,14.13,1.275,25.4,motor,
454200,1791191254200,56.608989,-4.686032,85.86,103.3,300.2,11,0.9,1600,86,83.4,15.5,14.13,1.274,25.4,motor,
454400,1791191254400,56.608979,-4.685956,85.87,103.2,300.2,11,0.9,1601,86,83.4,15.5,14.14,1.274,25.4,motor,
454600,1791191254600,56.608969,-4.68588,85.88,103,300.2,11,0.9,1603,86,83.4,15.5,14.14,1.274,25.4,motor,
454800,1791191254800,56.60896,-4.685804,85.89,102.9,300.3,11,0.9,1606,86,83.4,15.5,14.14,1.274,25.3,motor,
455000,1791191255000,56.60895,-4.685728,85.9,102.8,300.3,11,0.9,1609,86,83.4,15.5,14.14,1.274,25.3,motor,
455200,1791191255200,56.608941,-4.685652,85.91,102.7,300.3,11,0.9,1611,86,83.4,15.5,14.14,1.273,25.3,motor,
455400,1791191255400,56.608931,-4.685576,85.91,102.6,300.3,11,0.9,1612,86,83.4,15.5,14.14,1.273,25.3,motor,
455600,1791191255600,56.608922,-4.6855,85.92,102.5,300.3,11,0.9,1612,86,83.4,15.5,14.15,1.273,25.3,motor,
455800,1791191255800,56.608913,-4.685424,85.93,102.4,300.3,11,0.9,1612,86,83.4,15.5,14.15,1.272,25.3,motor,
456000,1791191256000,56.608904,-4.685348,85.93,102.2,300.4,11,0.9,1610,86,83.4,15.5,14.15,1.272,25.3,motor,
456200,1791191256200,56.608894,-4.685272,85.94,102.1,300.4,11,0.9,1608,86,83.4,15.5,14.15,1.272,25.2,motor,
456400,1791191256400,56.608886,-4.685195,85.95,102,300.4,11,0.9,1605,86,83.4,15.5,14.15,1.271,25.2,motor,
456600,1791191256600,56.608877,-4.685119,85.95,101.9,300.4,11,0.9,1603,86,83.4,15.5,14.15,1.271,25.2,motor,
456800,1791191256800,56.608868,-4.685043,85.96,101.8,300.4,11,0.9,1602,86,83.4,15.5,14.15,1.271,25.2,motor,
457000,1791191257000,56.608859,-4.684966,85.96,101.7,300.4,11,0.9,1601,86,83.4,15.5,14.15,1.271,25.2,motor,
457200,1791191257200,56.60885,-4.68489,85.97,101.5,300.5,11,0.9,1602,86,83.4,15.5,14.16,1.27,25.2,motor,
457400,1791191257400,56.608842,-4.684814,85.97,101.4,300.5,11,0.9,1603,86,83.5,15.5,14.16,1.27,25.1,motor,
457600,1791191257600,56.608833,-4.684737,85.98,101.3,300.5,11,0.9,1605,86,83.5,15.5,14.16,1.27,25.1,motor,
457800,1791191257800,56.608825,-4.684661,85.98,101.2,300.5,11,0.9,1608,86,83.5,15.5,14.16,1.269,25.1,motor,
458000,1791191258000,56.608817,-4.684584,85.98,101.1,300.5,11,0.9,1610,86,83.5,15.5,14.16,1.269,25.1,motor,
458200,1791191258200,56.608809,-4.684508,85.99,100.9,300.5,11,0.9,1612,86,83.5,15.5,14.16,1.269,25.1,motor,
458400,1791191258400,56.6088,-4.684431,85.99,100.8,300.6,11,0.9,1613,86,83.5,15.5,14.16,1.268,25.1,motor,
458600,1791191258600,56.608792,-4.684354,85.99,100.7,300.6,11,0.9,1614,86,83.5,15.5,14.16,1.268,25,motor,
458800,1791191258800,56.608784,-4.684278,85.99,100.6,300.6,11,0.9,1613,86,83.5,15.5,14.16,1.268,25,motor,
459000,1791191259000,56.608777,-4.684201,86,100.5,300.6,11,0.9,1611,86,83.5,15.5,14.16,1.267,25,motor,
459200,1791191259200,56.608769,-4.684124,86,100.4,300.6,11,0.9,1609,86,83.5,15.5,14.17,1.267,25,motor,
459400,1791191259400,56.608761,-4.684048,86,100.2,300.7,11,0.9,1606,86,83.5,15.5,14.17,1.267,25,motor,
459600,1791191259600,56.608753,-4.683971,86,100.1,300.7,11,0.9,1604,86,83.5,15.5,14.17,1.266,25,motor,
459800,1791191259800,56.608746,-4.683894,86,100,300.7,11,0.9,1602,86,83.5,15.5,14.17,1.266,24.9,motor,
460000,1791191260000,56.608739,-4.683817,86,99.9,300.7,11,0.9,1602,86,83.5,15.5,14.17,1.266,24.9,motor,
460200,1791191260200,56.608731,-4.68374,86,99.8,300.7,11,0.9,1602,86,83.5,15.5,14.17,1.266,24.9,motor,
460400,1791191260400,56.608724,-4.683663,86,99.6,300.7,11,0.9,1604,86,83.5,15.5,14.17,1.266,24.9,motor,
460600,1791191260600,56.608717,-4.683586,86,99.5,300.8,11,0.9,1606,86,83.5,15.5,14.17,1.266,24.9,motor,
460800,1791191260800,56.60871,-4.683509,86,99.4,300.8,11,0.9,1608,86,83.5,15.5,14.17,1.266,24.9,motor,
461000,1791191261000,56.608703,-4.683432,86,99.3,300.8,11,0.9,1611,86,83.5,15.5,14.17,1.266,24.9,motor,
461200,1791191261200,56.608696,-4.683355,86,99.2,300.8,11,0.9,1612,86,83.6,15.5,14.17,1.266,24.9,motor,
461400,1791191261400,56.608689,-4.683278,86,99,300.8,11,0.9,1614,86,83.6,15.5,14.17,1.266,24.9,motor,
461600,1791191261600,56.608682,-4.683201,85.99,98.9,300.8,11,0.9,1614,86,83.6,15.5,14.17,1.266,24.9,motor,
461800,1791191261800,56.608676,-4.683124,85.99,98.8,300.9,11,0.9,1613,86,83.6,15.5,14.17,1.266,24.9,motor,
462000,1791191262000,56.608669,-4.683047,85.99,98.7,300.9,11,0.9,1611,86,83.6,15.5,14.17,1.266,24.9,motor,
462200,1791191262200,56.608663,-4.68297,85.99,98.6,300.9,11,0.9,1608,86,83.6,15.5,14.17,1.266,24.9,motor,
462400,1791191262400,56.608656,-4.682893,85.99,98.4,300.9,11,0.9,1606,86,83.6,15.5,14.17,1.266,24.9,motor,
462600,1791191262600,56.60865,-4.682816,85.98,98.3,300.9,11,0.9,1604,86,83.6,15.5,14.17,1.266,24.9,motor,
462800,1791191262800,56.608644,-4.682739,85.98,98.2,300.9,11,0.9,1602,86,83.6,15.5,14.17,1.266,24.9,motor,
463000,1791191263000,56.608638,-4.682661,85.98,98.1,301,11,0.9,1601,86,83.6,15.5,14.17,1.266,24.9,motor,
463200,1791191263200,56.608632,-4.682584,85.98,98,301,11,0.9,1602,86,83.6,15.5,14.17,1.266,24.9,motor,
463400,1791191263400,56.608626,-4.682507,85.97,97.8,301,11,0.9,1603,86,83.6,15.5,14.17,1.265,24.9,motor,
463600,1791191263600,56.60862,-4.68243,85.97,97.7,301,11,0.9,1605,86,83.6,15.5,14.17,1.265,24.9,motor,
463800,1791191263800,56.608614,-4.682352,85.96,97.6,301,11,0.9,1608,86,83.6,15.5,14.17,1.265,24.9,motor,
464000,1791191264000,56.608609,-4.682275,85.96,97.5,301,11,0.9,1610,86,83.6,15.5,14.17,1.265,24.9,motor,
464200,1791191264200,56.608603,-4.682198,85.96,97.3,301,11,0.9,1612,86,83.6,15.5,14.17,1.265,24.9,motor,
464400,1791191264400,56.608598,-4.68212,85.95,97.2,301.1,11,0.9,1613,86,83.6,15.5,14.17,1.265,24.9,motor,
464600,1791191264600,56.608592,-4.682043,85.95,97.1,301.1,11,0.9,1613,86,83.6,15.5,14.16,1.265,24.9,motor,
464800,1791191264800,56.608587,-4.681966,85.94,97,301.1,11,0.9,1612,86,83.6,15.5,14.16,1.265,24.9,motor,
465000,1791191265000,56.608582,-4.681888,85.94,96.9,301.1,11,0.9,1610,86,83.7,15.5,14.16,1.265,24.9,motor,
465200,1791191265200,56.608577,-4.681811,85.93,96.7,301.1,11,0.9,1607,86,83.7,15.5,14.16,1.265,24.9,motor,
465400,1791191265400,56.608572,-4.681734,85.93,96.6,301.1,11,0.9,1605,86,83.7,15.5,14.16,1.265,24.9,motor,
465600,1791191265600,56.608567,-4.681656,85.92,96.5,301.2,11,0.9,1602,86,83.7,15.5,14.16,1.265,24.9,motor,
465800,1791191265800,56.608562,-4.681579,85.92,96.4,301.2,11,0.9,1601,86,83.7,15.5,14.16,1.265,24.9,motor,
466000,1791191266000,56.608557,-4.681501,85.91,96.2,301.2,11,0.9,1600,86,83.7,15.5,14.16,1.265,24.9,motor,
466200,1791191266200,56.608553,-4.681424,85.91,96.1,301.2,11,0.9,1601,86,83.7,15.5,14.16,1.265,24.9,motor,
466400,1791191266400,56.608548,-4.681346,85.9,96,301.2,11,0.9,1602,86,83.7,15.5,14.16,1.265,24.9,motor,
466600,1791191266600,56.608544,-4.681269,85.89,95.9,301.2,11,0.9,1604,86,83.7,15.5,14.15,1.265,24.9,motor,
466800,1791191266800,56.608539,-4.681191,85.89,95.7,301.2,11,0.9,1606,86,83.7,15.5,14.15,1.265,24.9,motor,
467000,1791191267000,56.608535,-4.681114,85.88,95.6,301.3,11,0.9,1609,86,83.7,15.5,14.15,1.265,24.9,motor,
467200,1791191267200,56.608531,-4.681036,85.87,95.5,301.3,11,0.9,1610,86,83.7,15.5,14.15,1.265,24.9,motor,
467400,1791191267400,56.608527,-4.680959,85.87,95.4,301.3,11,0.9,1611,86,83.7,15.5,14.15,1.265,24.9,motor,
467600,1791191267600,56.608523,-4.680881,85.86,95.2,301.3,11,0.9,1611,86,83.7,15.5,14.15,1.265,24.9,motor,
467800,1791191267800,56.608519,-4.680804,85.85,95.1,301.3,11,0.9,1610,86,83.7,15.5,14.15,1.265,24.9,motor,
468000,1791191268000,56.608515,-4.680726,85.85,95,301.3,11,0.9,1608,86,83.7,15.5,14.15,1.265,24.9,motor,
468200,1791191268200,56.608511,-4.680648,85.84,94.9,301.3,11,0.9,1605,86,83.7,15.5,14.14,1.265,24.9,motor,
468400,1791191268400,56.608508,-4.680571,85.83,94.7,301.4,11,0.9,1603,86,83.7,15.5,14.14,1.265,24.9,motor,
468600,1791191268600,56.608504,-4.680493,85.82,94.6,301.4,11,0.9,1600,86,83.7,15.5,14.14,1.265,24.9,motor,
468800,1791191268800,56.608501,-4.680416,85.81,94.5,301.4,11,0.9,1599,86,83.7,15.5,14.14,1.264,24.9,motor,
469000,1791191269000,56.608498,-4.680338,85.81,94.4,301.4,11,0.9,1598,86,83.8,15.5,14.14,1.264,24.9,motor,
469200,1791191269200,56.608494,-4.68026,85.8,94.2,301.4,11,0.9,1599,86,83.8,15.5,14.14,1.264,24.9,motor,
469400,1791191269400,56.608491,-4.680183,85.79,94.1,301.4,11,0.9,1600,86,83.8,15.5,14.14,1.264,24.9,motor,
469600,1791191269600,56.608488,-4.680105,85.78,94,301.4,11,0.9,1602,86,83.8,15.5,14.13,1.264,24.9,motor,
469800,1791191269800,56.608485,-4.680028,85.77,93.9,301.4,11,0.9,1604,86,83.8,15.5,14.13,1.264,24.9,motor,
470000,1791191270000,56.608482,-4.67995,85.76,93.7,301.5,11,0.9,1606,86,83.8,15.6,14.13,1.264,24.9,motor,
470200,1791191270200,56.60848,-4.679872,85.75,93.6,301.5,11,0.9,1608,86,83.8,15.6,14.13,1.264,24.9,motor,
470400,1791191270400,56.608477,-4.679795,85.74,93.5,301.5,11,0.9,1609,86,83.8,15.6,14.13,1.264,24.9,motor,
470600,1791191270600,56.608474,-4.679717,85.73,93.4,301.5,11,0.9,1609,86,83.8,15.6,14.13,1.264,24.9,motor,
470800,1791191270800,56.608472,-4.679639,85.72,93.2,301.5,11,0.9,1607,86,83.8,15.6,14.12,1.264,24.9,motor,
471000,1791191271000,56.608469,-4.679562,85.71,93.1,301.5,11,0.9,1605,86,83.8,15.6,14.12,1.264,24.9,motor,
471200,1791191271200,56.608467,-4.679484,85.7,93,301.5,11,0.9,1603,86,83.8,15.6,14.12,1.264,24.9,motor,
471400,1791191271400,56.608465,-4.679406,85.69,92.9,301.5,11,0.9,1600,86,83.8,15.6,14.12,1.264,24.9,motor,
471600,1791191271600,56.608463,-4.679329,85.68,92.7,301.6,11,0.9,1598,86,83.8,15.6,14.12,1.263,24.9,motor,
471800,1791191271800,56.608461,-4.679251,85.67,92.6,301.6,11,0.9,1596,86,83.8,15.6,14.12,1.262,24.8,motor,
472000,1791191272000,56.608459,-4.679174,85.66,92.5,301.6,11,0.9,1595,86,83.8,15.6,14.11,1.262,24.8,motor,
472200,1791191272200,56.608457,-4.679096,85.65,92.4,301.6,11,0.9,1596,86,83.8,15.6,14.11,1.262,24.8,motor,
472400,1791191272400,56.608455,-4.679018,85.64,92.2,301.6,11,0.9,1597,86,83.8,15.6,14.11,1.263,24.8,motor,
472600,1791191272600,56.608454,-4.678941,85.63,92.1,301.6,11,0.9,1599,86,83.8,15.6,14.11,1.263,24.8,motor,
472800,1791191272800,56.608452,-4.678863,85.62,92,301.6,11,0.9,1601,86,83.8,15.6,14.11,1.263,24.8,motor,
473000,1791191273000,56.608451,-4.678785,85.61,91.8,301.6,11,0.9,1604,86,83.9,15.6,14.11,1.263,24.8,motor,
473200,1791191273200,56.608449,-4.678708,85.59,91.7,301.6,11,0.9,1605,86,83.9,15.6,14.1,1.263,24.8,motor,
473400,1791191273400,56.608448,-4.67863,85.58,91.6,301.7,11,0.9,1606,86,83.9,15.6,14.1,1.263,24.8,motor,
473600,1791191273600,56.608447,-4.678553,85.57,91.5,301.7,11,0.9,1606,86,83.9,15.6,14.1,1.263,24.8,motor,
473800,1791191273800,56.608446,-4.678475,85.56,91.3,301.7,11,0.9,1604,86,83.9,15.6,14.1,1.263,24.8,motor,
474000,1791191274000,56.608445,-4.678397,85.55,91.2,301.7,11,0.9,1602,86,83.9,15.6,14.1,1.263,24.8,motor,
474200,1791191274200,56.608444,-4.67832,85.53,91.1,301.7,11,0.9,1599,86,83.9,15.6,14.1,1.263,24.8,motor,
474400,1791191274400,56.608443,-4.678242,85.52,91,301.7,11,0.9,1597,86,83.9,15.6,14.09,1.262,24.8,motor,
474600,1791191274600,56.608443,-4.678165,85.51,90.8,301.7,11,0.9,1594,86,83.9,15.6,14.09,1.261,24.8,motor,
474800,1791191274800,56.608442,-4.678087,85.5,90.7,301.7,11,0.9,1593,85,83.9,15.6,14.09,1.26,24.8,motor,
475000,1791191275000,56.608442,-4.67801,85.48,90.6,301.7,11,0.9,1592,85,83.9,15.6,14.09,1.26,24.8,motor,
475200,1791191275200,56.608441,-4.677932,85.47,90.4,301.7,11,0.9,1593,85,83.9,15.6,14.09,1.26,24.8,motor,
475400,1791191275400,56.608441,-4.677855,85.46,90.3,301.7,11,0.9,1594,85,83.9,15.6,14.09,1.26,24.8,motor,
475600,1791191275600,56.608441,-4.677777,85.44,90.2,301.8,11,0.9,1596,85,83.9,15.6,14.09,1.261,24.8,motor,
475800,1791191275800,56.60844,-4.6777,85.43,90.1,301.8,11,0.9,1598,85,83.9,15.6,14.09,1.262,24.8,motor,
476000,1791191276000,56.60844,-4.677622,85.42,89.9,301.8,11,0.9,1600,85,83.9,15.6,14.08,1.262,24.8,motor,
476200,1791191276200,56.608441,-4.677545,85.4,89.8,301.8,11,0.9,1602,85,83.9,15.6,14.08,1.262,24.8,motor,
476400,1791191276400,56.608441,-4.677467,85.39,89.7,301.8,11,0.9,1602,85,83.9,15.6,14.08,1.262,24.8,motor,
476600,1791191276600,56.608441,-4.67739,85.37,89.6,301.8,11,0.9,1602,85,83.9,15.6,14.08,1.262,24.8,motor,
476800,1791191276800,56.608441,-4.677312,85.36,89.4,301.8,11,0.9,1601,85,83.9,15.6,14.08,1.262,24.8,motor,
477000,1791191277000,56.608442,-4.677235,85.35,89.3,301.8,11,0.7,1598,85,83.9,15.6,14.08,1.261,24.8,motor,
477200,1791191277200,56.608442,-4.677157,85.33,89.2,301.8,11,0.7,1596,85,84,15.6,14.08,1.26,24.8,motor,
477400,1791191277400,56.608443,-4.67708,85.32,89,301.8,11,0.7,1593,85,84,15.6,14.08,1.259,24.8,motor,
477600,1791191277600,56.608444,-4.677003,85.3,88.9,301.8,11,0.7,1591,85,84,15.6,14.08,1.258,24.8,motor,
477800,1791191277800,56.608445,-4.676925,85.29,88.8,301.8,11,0.7,1589,85,84,15.6,14.08,1.257,24.8,motor,
478000,1791191278000,56.608446,-4.676848,85.27,88.7,301.9,11,0.7,1588,85,84,15.6,14.07,1.257,24.8,motor,
478200,1791191278200,56.608447,-4.676771,85.26,88.5,301.9,11,0.7,1589,85,84,15.6,14.07,1.257,24.8,motor,
478400,1791191278400,56.608448,-4.676693,85.25,88.4,301.9,11,0.7,1590,85,84,15.6,14.07,1.258,24.8,motor,
478600,1791191278600,56.608449,-4.676616,85.23,88.3,301.9,11,0.7,1592,85,84,15.6,14.07,1.258,24.8,motor,
478800,1791191278800,56.60845,-4.676539,85.22,88.1,301.9,11,0.7,1594,85,84,15.6,14.07,1.259,24.7,motor,
479000,1791191279000,56.608452,-4.676462,85.2,88,301.9,11,0.7,1596,85,84,15.6,14.07,1.26,24.7,motor,
479200,1791191279200,56.608453,-4.676384,85.18,87.9,301.9,11,0.7,1598,85,84,15.6,14.07,1.26,24.7,motor,
479400,1791191279400,56.608455,-4.676307,85.17,87.8,301.9,11,0.7,1598,85,84,15.6,14.07,1.26,24.7,motor,
479600,1791191279600,56.608456,-4.67623,85.15,87.6,301.9,11,0.7,1598,85,84,15.6,14.07,1.26,24.7,motor,
479800,1791191279800,56.608458,-4.676153,85.14,87.5,301.9,11,0.7,1596,85,84,15.6,14.07,1.259,24.7,motor,
480000,1791191280000,56.60846,-4.676076,85.12,87.4,301.9,11,0.7,1594,85,84,15.6,14.07,1.258,24.7,motor,
480200,1791191280200,56.608462,-4.675998,85.11,87.2,301.9,11,0.7,1591,85,84,15.6,14.07,1.257,24.7,motor,
480400,1791191280400,56.608464,-4.675921,85.09,87.1,301.9,11,0.7,1589,85,84,15.6,14.07,1.256,24.7,motor,
480600,1791191280600,56.608466,-4.675844,85.08,87,301.9,11,0.7,1586,85,84,15.6,14.07,1.255,24.7,motor,
480800,1791191280800,56.608469,-4.675767,85.06,86.9,301.9,11,0.7,1585,85,84,15.6,14.07,1.255,24.7,motor,
481000,1791191281000,56.608471,-4.67569,85.04,86.7,301.9,11,0.7,1584,85,84,15.6,14.07,1.254,24.7,motor,
481200,1791191281200,56.608473,-4.675613,85.03,86.6,301.9,11,0.7,1584,85,84,15.6,14.07,1.254,24.7,motor,
481400,1791191281400,56.608476,-4.675536,85.01,86.5,301.9,11,0.7,1586,85,84.1,15.6,14.07,1.255,24.7,motor,
481600,1791191281600,56.608479,-4.675459,85,86.3,302,11,0.7,1588,85,84.1,15.6,14.07,1.255,24.7,motor,
481800,1791191281800,56.608481,-4.675382,84.98,86.2,302,11,0.7,1590,85,84.1,15.6,14.07,1.256,24.7,motor,
482000,1791191282000,56.608484,-4.675305,84.96,86.1,302,11,0.7,1592,85,84.1,15.6,14.07,1.257,24.7,motor,
482200,1791191282200,56.608487,-4.675228,84.95,86,302,11,0.7,1593,85,84.1,15.6,14.07,1.257,24.7,motor,
482400,1791191282400,56.60849,-4.675152,84.93,85.8,302,11,0.7,1594,85,84.1,15.6,14.07,1.257,24.7,motor,
482600,1791191282600,56.608493,-4.675075,84.91,85.7,302,11,0.7,1593,85,84.1,15.6,14.07,1.257,24.7,motor,
482800,1791191282800,56.608496,-4.674998,84.9,85.6,302,11,0.7,1592,85,84.1,15.6,14.07,1.256,24.7,motor,
483000,1791191283000,56.6085,-4.674921,84.88,85.4,302,11,0.7,1589,85,84.1,15.6,14.07,1.255,24.7,motor,
483200,1791191283200,56.608503,-4.674845,84.86,85.3,302,11,0.7,1587,85,84.1,15.6,14.07,1.254,24.7,motor,
483400,1791191283400,56.608507,-4.674768,84.85,85.2,302,11,0.7,1584,85,84.1,15.6,14.08,1.253,24.7,motor,
483600,1791191283600,56.60851,-4.674691,84.83,85.1,302,11,0.7,1582,85,84.1,15.6,14.08,1.252,24.7,motor,
483800,1791191283800,56.608514,-4.674614,84.81,84.9,302,11,0.7,1580,85,84.1,15.6,14.08,1.252,24.7,motor,
484000,1791191284000,56.608518,-4.674538,84.8,84.8,302,11,0.7,1579,85,84.1,15.6,14.08,1.251,24.7,motor,
484200,1791191284200,56.608521,-4.674461,84.78,84.7,302,11,0.7,1580,85,84.1,15.6,14.08,1.251,24.7,motor,
484400,1791191284400,56.608525,-4.674385,84.76,84.5,302,11,0.7,1581,85,84.1,15.6,14.08,1.252,24.6,motor,
484600,1791191284600,56.608529,-4.674308,84.75,84.4,302,11,0.7,1583,85,84.1,15.6,14.08,1.252,24.6,motor,
484800,1791191284800,56.608534,-4.674232,84.73,84.3,302,11,0.7,1585,85,84.1,15.7,14.08,1.253,24.6,motor,
485000,1791191285000,56.608538,-4.674155,84.71,84.2,302,12,0.7,1587,85,84.1,15.7,14.08,1.254,24.6,motor,
485200,1791191285200,56.608542,-4.674079,84.7,84,302,12,0.7,1589,85,84.1,15.7,14.08,1.254,24.6,motor,
485400,1791191285400,56.608547,-4.674002,84.68,83.9,302,12,0.7,1589,85,84.1,15.7,14.08,1.254,24.6,motor,
485600,1791191285600,56.608551,-4.673926,84.66,83.8,302,12,0.7,1589,85,84.1,15.7,14.09,1.254,24.6,motor,
485800,1791191285800,56.608556,-4.67385,84.65,83.6,302,12,0.7,1587,85,84.2,15.7,14.09,1.253,24.6,motor,
486000,1791191286000,56.60856,-4.673773,84.63,83.5,302,12,0.7,1585,85,84.2,15.7,14.09,1.252,24.6,motor,
486200,1791191286200,56.608565,-4.673697,84.61,83.4,302,12,0.7,1582,85,84.2,15.7,14.09,1.251,24.6,motor,
486400,1791191286400,56.60857,-4.673621,84.59,83.3,302,12,0.7,1579,85,84.2,15.7,14.09,1.25,24.6,motor,
486600,1791191286600,56.608575,-4.673545,84.58,83.1,302,12,0.7,1577,85,84.2,15.7,14.09,1.249,24.6,motor,
486800,1791191286800,56.60858,-4.673469,84.56,83,302,12,0.7,1575,85,84.2,15.7,14.09,1.248,24.6,motor,
487000,1791191287000,56.608585,-4.673392,84.54,82.9,302,12,0.7,1575,85,84.2,15.7,14.1,1.248,24.6,motor,
487200,1791191287200,56.608591,-4.673316,84.53,82.7,302,12,0.7,1575,85,84.2,15.7,14.1,1.248,24.6,motor,
487400,1791191287400,56.608596,-4.67324,84.51,82.6,302,12,0.7,1576,85,84.2,15.7,14.1,1.249,24.6,motor,
487600,1791191287600,56.608601,-4.673164,84.49,82.5,302,12,0.7,1578,84,84.2,15.7,14.1,1.249,24.6,motor,
487800,1791191287800,56.608607,-4.673088,84.47,82.4,302,12,0.7,1581,84,84.2,15.7,14.1,1.25,24.6,motor,
488000,1791191288000,56.608613,-4.673012,84.46,82.2,302,12,0.7,1583,84,84.2,15.7,14.1,1.25,24.6,motor,
488200,1791191288200,56.608618,-4.672936,84.44,82.1,302,12,0.7,1584,84,84.2,15.7,14.1,1.251,24.6,motor,
488400,1791191288400,56.608624,-4.672861,84.42,82,302,12,0.7,1584,84,84.2,15.7,14.11,1.251,24.6,motor,
488600,1791191288600,56.60863,-4.672785,84.41,81.9,302,12,0.7,1584,84,84.2,15.7,14.11,1.251,24.6,motor,
488800,1791191288800,56.608636,-4.672709,84.39,81.7,302,12,0.7,1582,84,84.2,15.7,14.11,1.25,24.6,motor,
489000,1791191289000,56.608642,-4.672633,84.37,81.6,302,12,0.7,1580,84,84.2,15.7,14.11,1.249,24.6,motor,
489200,1791191289200,56.608648,-4.672558,84.35,81.5,302,12,0.7,1577,84,84.2,15.7,14.11,1.248,24.6,motor,
489400,1791191289400,56.608654,-4.672482,84.34,81.4,302,12,0.7,1574,84,84.2,15.7,14.11,1.247,24.6,motor,
489600,1791191289600,56.608661,-4.672406,84.32,81.2,302,12,0.7,1572,84,84.2,15.7,14.12,1.246,24.6,motor,
489800,1791191289800,56.608667,-4.672331,84.3,81.1,302,12,0.7,1570,84,84.2,15.7,14.12,1.245,24.5,motor,
490000,1791191290000,56.608674,-4.672255,84.29,81,302,12,0.7,1570,84,84.2,15.7,14.12,1.245,24.5,motor,
490200,1791191290200,56.60868,-4.67218,84.27,80.8,302,12,0.7,1570,84,84.3,15.7,14.12,1.245,24.5,motor,
490400,1791191290400,56.608687,-4.672104,84.25,80.7,302,12,0.7,1572,84,84.3,15.7,14.12,1.245,24.5,motor,
490600,1791191290600,56.608694,-4.672029,84.24,80.6,302,12,0.7,1574,84,84.3,15.7,14.12,1.246,24.5,motor,
490800,1791191290800,56.608701,-4.671953,84.22,80.5,302,12,0.7,1576,84,84.3,15.7,14.13,1.247,24.5,motor,
491000,1791191291000,56.608708,-4.671878,84.2,80.3,302,12,0.7,1578,84,84.3,15.7,14.13,1.247,24.5,motor,
491200,1791191291200,56.608715,-4.671803,84.19,80.2,302,12,0.7,1579,84,84.3,15.7,14.13,1.248,24.5,motor,
491400,1791191291400,56.608722,-4.671728,84.17,80.1,302,12,0.7,1580,84,84.3,15.7,14.13,1.248,24.5,motor,
491600,1791191291600,56.608729,-4.671652,84.15,80,301.9,12,0.7,1579,84,84.3,15.7,14.13,1.247,24.5,motor,
491800,1791191291800,56.608737,-4.671577,84.14,79.8,301.9,12,0.7,1577,84,84.3,15.7,14.13,1.247,24.5,motor,
492000,1791191292000,56.608744,-4.671502,84.12,79.7,301.9,12,0.7,1575,84,84.3,15.7,14.14,1.246,24.5,motor,
492200,1791191292200,56.608752,-4.671427,84.1,79.6,301.9,12,0.7,1572,84,84.3,15.7,14.14,1.245,24.5,motor,
492400,1791191292400,56.608759,-4.671352,84.09,79.5,301.9,12,0.7,1569,84,84.3,15.7,14.14,1.244,24.5,motor,
492600,1791191292600,56.608767,-4.671277,84.07,79.3,301.9,12,0.7,1567,84,84.3,15.7,14.14,1.243,24.5,motor,
492800,1791191292800,56.608775,-4.671202,84.05,79.2,301.9,12,0.7,1566,84,84.3,15.7,14.14,1.242,24.5,motor,
493000,1791191293000,56.608783,-4.671127,84.04,79.1,301.9,12,0.7,1565,84,84.3,15.7,14.14,1.242,24.5,motor,
493200,1791191293200,56.608791,-4.671052,84.02,79,301.9,12,0.7,1566,84,84.3,15.7,14.14,1.242,24.5,motor,
493400,1791191293400,56.608799,-4.670978,84,78.8,301.9,12,0.7,1567,84,84.3,15.7,14.15,1.242,24.5,motor,
493600,1791191293600,56.608807,-4.670903,83.99,78.7,301.9,12,0.7,1569,84,84.3,15.7,14.15,1.243,24.5,motor,
493800,1791191293800,56.608815,-4.670828,83.97,78.6,301.9,12,0.7,1571,84,84.3,15.7,14.15,1.244,24.5,motor,
494000,1791191294000,56.608823,-4.670754,83.96,78.5,301.9,12,0.7,1573,84,84.3,15.7,14.15,1.244,24.5,motor,
494200,1791191294200,56.608832,-4.670679,83.94,78.3,301.9,12,0.7,1575,84,84.3,15.7,14.15,1.245,24.5,motor,
494400,1791191294400,56.60884,-4.670604,83.92,78.2,301.9,12,0.7,1575,84,84.3,15.7,14.15,1.245,24.5,motor,
494600,1791191294600,56.608849,-4.67053,83.91,78.1,301.9,12,0.7,1574,84,84.3,15.7,14.15,1.244,24.5,motor,
494800,1791191294800,56.608857,-4.670455,83.89,78,301.9,12,0.7,1573,84,84.4,15.7,14.16,1.244,24.5,motor,
495000,1791191295000,56.608866,-4.670381,83.88,77.9,301.9,12,0.7,1570,84,84.4,15.7,14.16,1.243,24.5,motor,
495200,1791191295200,56.608875,-4.670307,83.86,77.7,301.8,12,0.7,1568,84,84.4,15.7,14.16,1.242,24.4,motor,
495400,1791191295400,56.608884,-4.670232,83.85,77.6,301.8,12,0.7,1565,84,84.4,15.7,14.16,1.241,24.4,motor,
495600,1791191295600,56.608893,-4.670158,83.83,77.5,301.8,12,0.7,1563,84,84.4,15.7,14.16,1.24,24.4,motor,
495800,1791191295800,56.608902,-4.670084,83.82,77.4,301.8,12,0.7,1561,84,84.4,15.7,14.16,1.239,24.4,motor,
496000,1791191296000,56.608911,-4.67001,83.8,77.2,301.8,12,0.7,1561,84,84.4,15.7,14.16,1.239,24.4,motor,
496200,1791191296200,56.60892,-4.669936,83.78,77.1,301.8,12,0.7,1561,84,84.4,15.7,14.16,1.239,24.4,motor,
496400,1791191296400,56.60893,-4.669861,83.77,77,301.8,12,0.7,1563,84,84.4,15.7,14.16,1.24,24.4,motor,
496600,1791191296600,56.608939,-4.669787,83.75,76.9,301.8,12,0.7,1565,84,84.4,15.7,14.16,1.24,24.4,motor,
496800,1791191296800,56.608949,-4.669713,83.74,76.7,301.8,12,0.7,1567,84,84.4,15.7,14.16,1.241,24.4,motor,
497000,1791191297000,56.608958,-4.66964,83.73,76.6,301.8,12,0.7,1569,84,84.4,15.7,14.17,1.242,24.4,motor,
497200,1791191297200,56.608968,-4.669566,83.71,76.5,301.8,12,0.7,1570,84,84.4,15.7,14.17,1.242,24.4,motor,
497400,1791191297400,56.608978,-4.669492,83.7,76.4,301.8,12,0.7,1571,84,84.4,15.7,14.17,1.242,24.4,motor,
497600,1791191297600,56.608988,-4.669418,83.68,76.3,301.8,12,0.7,1570,84,84.4,15.7,14.17,1.242,24.4,motor,
497800,1791191297800,56.608998,-4.669344,83.67,76.1,301.7,12,0.7,1568,84,84.4,15.7,14.17,1.241,24.4,motor,
498000,1791191298000,56.609008,-4.669271,83.65,76,301.7,12,0.7,1566,84,84.4,15.7,14.17,1.24,24.4,motor,
498200,1791191298200,56.609018,-4.669197,83.64,75.9,301.7,12,0.7,1563,84,84.4,15.7,14.17,1.239,24.4,motor,
498400,1791191298400,56.609028,-4.669123,83.63,75.8,301.7,12,0.7,1561,84,84.4,15.7,14.17,1.238,24.4,motor,
498600,1791191298600,56.609038,-4.66905,83.61,75.7,301.7,12,0.7,1558,84,84.4,15.7,14.17,1.237,24.4,motor,
498800,1791191298800,56.609049,-4.668976,83.6,75.5,301.7,12,0.7,1557,84,84.4,15.7,14.17,1.237,24.4,motor,
499000,1791191299000,56.609059,-4.668903,83.58,75.4,301.7,12,0.7,1557,84,84.4,15.7,14.17,1.237,24.4,motor,
499200,1791191299200,56.60907,-4.66883,83.57,75.3,301.7,12,0.7,1557,84,84.4,15.7,14.17,1.237,24.4,motor,
499400,1791191299400,56.60908,-4.668756,83.56,75.2,301.7,12,0.7,1559,84,84.4,15.8,14.17,1.237,24.4,motor,
499600,1791191299600,56.609091,-4.668683,83.54,75.1,301.7,12,0.7,1561,84,84.5,15.8,14.17,1.238,24.4,motor,
499800,1791191299800,56.609102,-4.66861,83.53,74.9,301.6,12,0.7,1563,84,84.5,15.8,14.17,1.239,24.4,motor,
500000,1791191300000,56.609112,-4.668537,83.52,74.8,301.6,12,0.7,1565,84,84.5,15.8,14.17,1.239,24.4,motor,
500200,1791191300200,56.609123,-4.668464,83.5,74.7,301.6,12,0.7,1567,84,84.5,15.8,14.17,1.24,24.4,motor,
500400,1791191300400,56.609134,-4.668391,83.49,74.6,301.6,12,0.7,1567,83,84.5,15.8,14.17,1.24,24.4,motor,
500600,1791191300600,56.609146,-4.668318,83.48,74.5,301.6,12,0.7,1566,83,84.5,15.8,14.17,1.239,24.4,motor,
500800,1791191300800,56.609157,-4.668245,83.47,74.3,301.6,12,0.7,1565,83,84.5,15.8,14.17,1.239,24.4,motor,
501000,1791191301000,56.609168,-4.668172,83.45,74.2,301.6,12,0.7,1562,83,84.5,15.8,14.17,1.238,24.4,motor,
501200,1791191301200,56.609179,-4.668099,83.44,74.1,301.6,12,0.7,1559,83,84.5,15.8,14.17,1.237,24.4,motor,
501400,1791191301400,56.609191,-4.668026,83.43,74,301.6,12,0.7,1557,83,84.5,15.8,14.17,1.236,24.4,motor,
501600,1791191301600,56.609202,-4.667953,83.42,73.9,301.6,12,0.7,1555,83,84.5,15.8,14.17,1.235,24.4,motor,
501800,1791191301800,56.609214,-4.667881,83.41,73.8,301.5,12,0.7,1553,83,84.5,15.8,14.17,1.234,24.3,motor,
502000,1791191302000,56.609225,-4.667808,83.39,73.6,301.5,12,0.7,1553,83,84.5,15.8,14.17,1.234,24.3,motor,
502200,1791191302200,56.609237,-4.667736,83.38,73.5,301.5,12,0.7,1554,83,84.5,15.8,14.17,1.235,24.3,motor,
502400,1791191302400,56.609249,-4.667663,83.37,73.4,301.5,12,0.7,1556,83,84.5,15.8,14.16,1.235,24.3,motor,
502600,1791191302600,56.609261,-4.667591,83.36,73.3,301.5,12,0.7,1558,83,84.5,15.8,14.16,1.236,24.3,motor,
502800,1791191302800,56.609273,-4.667518,83.35,73.2,301.5,12,0.7,1560,83,84.5,15.8,14.16,1.236,24.3,motor,
503000,1791191303000,56.609285,-4.667446,83.34,73.1,301.5,12,0.7,1562,83,84.5,15.8,14.16,1.237,24.3,motor,
503200,1791191303200,56.609297,-4.667374,83.33,72.9,301.5,12,0.7,1563,83,84.5,15.8,14.16,1.237,24.3,motor,
503400,1791191303400,56.609309,-4.667301,83.32,72.8,301.4,12,0.7,1564,83,84.5,15.8,14.16,1.238,24.3,motor,
503600,1791191303600,56.609322,-4.667229,83.31,72.7,301.4,12,0.7,1563,83,84.5,15.8,14.16,1.237,24.3,motor,
503800,1791191303800,56.609334,-4.667157,83.3,72.6,301.4,12,0.7,1561,83,84.5,15.8,14.16,1.237,24.3,motor,
504000,1791191304000,56.609346,-4.667085,83.29,72.5,301.4,12,0.7,1559,83,84.5,15.8,14.16,1.236,24.3,motor,
504200,1791191304200,56.609359,-4.667013,83.28,72.4,301.4,12,0.7,1556,83,84.5,15.8,14.16,1.235,24.3,motor,
504400,1791191304400,56.609372,-4.666941,83.27,72.2,301.4,12,0.7,1554,83,84.6,15.8,14.15,1.234,24.3,motor,
504600,1791191304600,56.609384,-4.666869,83.26,72.1,301.4,12,0.7,1552,83,84.6,15.8,14.15,1.233,24.3,motor,
504800,1791191304800,56.609397,-4.666797,83.25,72,301.4,12,0.7,1550,83,84.6,15.8,14.15,1.233,24.3,motor,
505000,1791191305000,56.60941,-4.666725,83.24,71.9,301.3,12,0.7,1550,83,84.6,15.8,14.15,1.233,24.3,motor,
505200,1791191305200,56.609423,-4.666654,83.23,71.8,301.3,12,0.7,1551,83,84.6,15.8,14.15,1.233,24.3,motor,
505400,1791191305400,56.609436,-4.666582,83.22,71.7,301.3,12,0.7,1553,83,84.6,15.8,14.15,1.233,24.3,motor,
505600,1791191305600,56.609449,-4.66651,83.21,71.6,301.3,12,0.7,1555,83,84.6,15.8,14.15,1.234,24.3,motor,
505800,1791191305800,56.609462,-4.666439,83.2,71.4,301.3,12,0.7,1557,83,84.6,15.8,14.14,1.235,24.3,motor,
506000,1791191306000,56.609475,-4.666367,83.19,71.3,301.3,12,0.7,1559,83,84.6,15.8,14.14,1.235,24.3,motor,
506200,1791191306200,56.609489,-4.666296,83.19,71.2,301.3,12,0.7,1561,83,84.6,15.8,14.14,1.236,24.3,motor,
506400,1791191306400,56.609502,-4.666224,83.18,71.1,301.3,12,0.7,1561,83,84.6,15.8,14.14,1.236,24.3,motor,
506600,1791191306600,56.609515,-4.666153,83.17,71,301.2,12,0.7,1560,83,84.6,15.8,14.14,1.236,24.3,motor,
506800,1791191306800,56.609529,-4.666081,83.16,70.9,301.2,12,0.7,1559,83,84.6,15.8,14.14,1.235,24.3,motor,
507000,1791191307000,56.609543,-4.66601,83.15,70.8,301.2,12,0.7,1556,83,84.6,15.8,14.14,1.234,24.3,motor,
507200,1791191307200,56.609556,-4.665939,83.15,70.7,301.2,12,0.7,1554,83,84.6,15.8,14.13,1.233,24.3,motor,
507400,1791191307400,56.60957,-4.665868,83.14,70.5,301.2,12,0.7,1551,83,84.6,15.8,14.13,1.232,24.3,motor,
507600,1791191307600,56.609584,-4.665797,83.13,70.4,301.2,12,0.7,1549,83,84.6,15.8,14.13,1.232,24.3,motor,
507800,1791191307800,56.609598,-4.665726,83.13,70.3,301.2,12,0.7,1548,83,84.6,15.8,14.13,1.231,24.3,motor,
508000,1791191308000,56.609612,-4.665655,83.12,70.2,301.1,12,0.7,1548,83,84.6,15.8,14.13,1.231,24.3,motor,
508200,1791191308200,56.609626,-4.665584,83.11,70.1,301.1,12,0.7,1549,83,84.6,15.8,14.13,1.231,24.3,motor,
508400,1791191308400,56.60964,-4.665513,83.11,70,301.1,12,0.7,1551,83,84.6,15.8,14.12,1.232,24.3,motor,
508600,1791191308600,56.609654,-4.665442,83.1,69.9,301.1,12,0.7,1553,83,84.6,15.8,14.12,1.233,24.3,motor,
508800,1791191308800,56.609669,-4.665371,83.09,69.8,301.1,12,0.7,1555,83,84.6,15.8,14.12,1.233,24.3,motor,
509000,1791191309000,56.609683,-4.665301,83.09,69.7,301.1,12,0.7,1557,83,84.6,15.8,14.12,1.234,24.3,motor,
509200,1791191309200,56.609697,-4.66523,83.08,69.6,301,12,0.7,1559,83,84.6,15.8,14.12,1.235,24.3,motor,
509400,1791191309400,56.609712,-4.665159,83.08,69.4,301,12,0.7,1559,83,84.7,15.8,14.12,1.235,24.3,motor,
509600,1791191309600,56.609726,-4.665089,83.07,69.3,301,12,0.7,1558,83,84.7,15.8,14.11,1.234,24.3,motor,
509800,1791191309800,56.609741,-4.665018,83.07,69.2,301,12,0.7,1557,83,84.7,15.8,14.11,1.234,24.3,motor,
510000,1791191310000,56.609756,-4.664948,83.06,69.1,301,12,0.7,1555,83,84.7,15.8,14.11,1.233,24.3,motor,
510200,1791191310200,56.609771,-4.664878,83.06,69,301,12,0.7,1552,83,84.7,15.8,14.11,1.232,24.3,motor,
510400,1791191310400,56.609785,-4.664807,83.05,68.9,301,12,0.7,1550,83,84.7,15.8,14.11,1.231,24.3,motor,
510600,1791191310600,56.6098,-4.664737,83.05,68.8,300.9,12,0.7,1548,83,84.7,15.8,14.11,1.231,24.3,motor,
510800,1791191310800,56.609815,-4.664667,83.04,68.7,300.9,12,0.7,1547,83,84.7,15.8,14.1,1.23,24.3,motor,
511000,1791191311000,56.60983,-4.664597,83.04,68.6,300.9,12,0.7,1547,83,84.7,15.8,14.1,1.23,24.3,motor,
511200,1791191311200,56.609846,-4.664526,83.04,68.5,300.9,12,0.7,1548,83,84.7,15.8,14.1,1.231,24.3,motor,
511400,1791191311400,56.609861,-4.664456,83.03,68.4,300.9,12,0.7,1550,83,84.7,15.8,14.1,1.231,24.3,motor,
511600,1791191311600,56.609876,-4.664386,83.03,68.2,300.9,12,0.7,1552,83,84.7,15.8,14.1,1.232,24.3,motor,
511800,1791191311800,56.609892,-4.664316,83.02,68.1,300.8,12,0.7,1554,83,84.7,15.8,14.1,1.233,24.3,motor,
512000,1791191312000,56.609907,-4.664247,83.02,68,300.8,12,0.7,1556,83,84.7,15.8,14.1,1.233,24.3,motor,
512200,1791191312200,56.609923,-4.664177,83.02,67.9,300.8,12,0.7,1558,83,84.7,15.8,14.09,1.234,24.3,motor,
512400,1791191312400,56.609938,-4.664107,83.02,67.8,300.8,12,0.7,1558,83,84.7,15.8,14.09,1.234,24.3,motor,
512600,1791191312600,56.609954,-4.664037,83.01,67.7,300.8,12,0.7,1557,83,84.7,15.8,14.09,1.234,24.3,motor,
512800,1791191312800,56.60997,-4.663968,83.01,67.6,300.8,12,0.7,1556,83,84.7,15.8,14.09,1.233,24.3,motor,
513000,1791191313000,56.609985,-4.663898,83.01,67.5,300.8,12,0.7,1553,83,84.7,15.8,14.09,1.232,24.3,motor,
513200,1791191313200,56.610001,-4.663828,83.01,67.4,300.7,12,0.7,1551,83,84.7,15.8,14.09,1.231,24.3,motor,
513400,1791191313400,56.610017,-4.663759,83.01,67.3,300.7,12,0.7,1549,83,84.7,15.8,14.09,1.231,24.3,motor,
513600,1791191313600,56.610033,-4.66369,83,67.2,300.7,12,0.7,1547,83,84.7,15.8,14.08,1.23,24.3,motor,
513800,1791191313800,56.610049,-4.66362,83,67.1,300.7,12,0.7,1546,83,84.7,15.8,14.08,1.23,24.3,motor,
514000,1791191314000,56.610065,-4.663551,83,67,300.7,12,0.7,1546,83,84.7,15.8,14.08,1.23,24.3,motor,
514200,1791191314200,56.610082,-4.663481,83,66.9,300.7,12,0.7,1547,83,84.7,15.8,14.08,1.23,24.3,motor,
514400,1791191314400,56.610098,-4.663412,83,66.8,300.6,12,0.7,1549,83,84.7,15.8,14.08,1.231,24.3,motor,
514600,1791191314600,56.610114,-4.663343,83,66.7,300.6,12,0.7,1551,83,84.8,15.8,14.08,1.232,24.3,motor,
514800,1791191314800,56.610131,-4.663274,83,66.6,300.6,12,0.7,1554,83,84.8,15.8,14.08,1.232,24.3,motor,
515000,1791191315000,56.610147,-4.663205,83,66.5,300.6,12,0.7,1556,83,84.8,15.8,14.08,1.233,24.3,motor,
515200,1791191315200,56.610164,-4.663136,82.98,66.4,300.6,12,0.7,1557,83,84.8,15.8,14.08,1.233,24.3,motor,
515400,1791191315400,56.61018,-4.663067,82.92,66.2,300.6,12,0.7,1556,83,84.8,15.8,14.08,1.233,24.2,motor,
515600,1791191315600,56.610197,-4.662998,82.82,66.1,300.5,12,0.7,1554,83,84.8,15.8,14.08,1.231,24.2,motor,
515800,1791191315800,56.610214,-4.66293,82.67,66,300.5,12,0.7,1549,83,84.8,15.9,14.07,1.229,24.2,motor,
516000,1791191316000,56.61023,-4.662861,82.49,65.9,300.5,12,0.7,1544,82,84.8,15.9,14.07,1.226,24.1,motor,
516200,1791191316200,56.610247,-4.662793,82.26,65.8,300.5,12,0.7,1537,82,84.8,15.9,14.07,1.01,0,motor,
516400,1791191316400,56.610264,-4.662725,82,65.7,300.5,12,0.7,1530,82,84.8,15.9,14.07,1.01,0,motor,
516600,1791191316600,56.610281,-4.662657,81.7,65.6,300.5,12,0.7,1522,82,84.8,15.9,14.07,1.01,0,motor,
516800,1791191316800,56.610298,-4.66259,81.35,65.5,300.4,12,0.7,1515,81,84.8,15.9,14.07,1.01,0,motor,
517000,1791191317000,56.610314,-4.662523,80.97,65.4,300.4,12,0.7,1508,81,84.8,15.9,14.07,1.01,0,motor,
517200,1791191317200,56.610331,-4.662456,80.55,65.3,300.4,12,0.7,1501,81,84.8,15.9,14.07,1.01,0,motor,
517400,1791191317400,56.610348,-4.66239,80.09,65.2,300.4,12,0.7,1495,80,84.8,15.9,14.07,1.01,0,motor,
517600,1791191317600,56.610365,-4.662324,79.59,65.1,300.4,12,0.7,1488,80,84.8,15.9,14.07,1.01,0,motor,
517800,1791191317800,56.610381,-4.662259,79.05,65,300.4,12,0.7,1480,79,84.8,15.9,14.07,1.01,0,motor,
518000,1791191318000,56.610398,-4.662194,78.48,65,300.3,12,0.7,1472,78,84.8,15.9,14.07,1.01,0,motor,
518200,1791191318200,56.610414,-4.66213,77.87,64.9,300.3,12,0.7,1461,78,84.8,16,14.07,1.01,0,motor,
518400,1791191318400,56.610431,-4.662066,77.22,64.8,300.3,12,0.7,1450,77,84.8,16,14.07,1.01,0,motor,
518600,1791191318600,56.610447,-4.662003,76.54,64.7,300.3,12,0.7,1436,77,84.8,16,14.07,1.01,0,motor,
518800,1791191318800,56.610464,-4.661941,75.82,64.6,300.3,12,0.7,1421,76,84.8,16,14.07,1.01,0,motor,
519000,1791191319000,56.61048,-4.661879,75.07,64.5,300.3,12,0.7,1405,75,84.8,16,14.07,1.01,0,motor,
519200,1791191319200,56.610496,-4.661818,74.29,64.4,300.2,12,0.7,1388,74,84.8,16,14.07,1.01,0,motor,
519400,1791191319400,56.610512,-4.661757,73.48,64.3,300.2,12,0.7,1370,73,84.8,16.1,14.07,1.01,0,motor,
519600,1791191319600,56.610528,-4.661698,72.63,64.2,300.2,12,0.7,1353,73,84.8,16.1,14.07,1.01,0,motor,
519800,1791191319800,56.610543,-4.661639,71.75,64.1,300.2,12,0.7,1335,72,84.9,16.1,14.07,1.01,0,motor,
520000,1791191320000,56.610559,-4.661581,70.84,64.1,300.2,12,0.7,1319,71,84.9,16.1,14.07,1.01,0,motor,
520200,1791191320200,56.610574,-4.661523,69.91,64,300.2,12,0.7,1302,70,84.9,16.1,14.07,1.01,0,motor,
520400,1791191320400,56.610589,-4.661467,68.94,63.9,300.2,12,0.7,1286,69,84.9,16.1,14.07,1.01,0,motor,
520600,1791191320600,56.610604,-4.661411,67.95,63.8,300.1,12,0.7,1270,68,84.9,16.2,14.07,1.01,0,motor,
520800,1791191320800,56.610619,-4.661356,66.94,63.7,300.1,12,0.7,1254,67,84.9,16.2,14.07,1.01,0,motor,
521000,1791191321000,56.610634,-4.661302,65.89,63.6,300.1,12,0.7,1604,66,84.9,16.2,14.07,1.01,0,motor,
521200,1791191321200,56.610648,-4.661249,64.83,63.6,300.1,12,0.7,1580,65,84.9,16.2,14.08,1.01,0,motor,
521400,1791191321400,56.610663,-4.661197,63.74,63.5,300.1,12,0.7,1553,64,84.9,16.3,14.08,1.01,0,motor,
521600,1791191321600,56.610677,-4.661145,62.63,63.4,300.1,12,0.7,1526,63,84.9,16.3,14.08,1.01,0,motor,
521800,1791191321800,56.610691,-4.661095,61.49,63.3,300.1,12,0.7,1497,61,84.9,16.3,14.08,1.01,0,motor,
522000,1791191322000,56.610704,-4.661046,60.34,63.3,300.1,12,0.7,1466,60,84.9,16.3,14.08,1.01,0,motor,
522200,1791191322200,56.610718,-4.660997,59.17,63.2,300,12,0.7,1435,59,84.9,16.4,14.08,1.01,0,motor,
522400,1791191322400,56.610731,-4.66095,57.98,63.1,300,12,0.7,1404,58,84.9,16.4,14.08,1.01,0,motor,
522600,1791191322600,56.610744,-4.660903,56.78,63.1,300,12,0.7,1373,57,84.9,16.4,14.08,1.01,0,motor,
522800,1791191322800,56.610757,-4.660858,55.56,63,300,12,0.7,1343,56,84.9,16.4,14.08,1.01,0,motor,
523000,1791191323000,56.610769,-4.660814,54.32,62.9,300,12,0.7,1313,54,84.9,16.5,14.08,1.01,0,motor,
523200,1791191323200,56.610781,-4.66077,53.08,62.9,300,12,0.7,1284,53,84.9,16.5,14.09,1.01,0,motor,
523400,1791191323400,56.610793,-4.660728,51.82,62.8,300,12,0.7,1256,52,84.9,16.5,14.09,1.01,0,motor,
523600,1791191323600,56.610805,-4.660687,50.55,62.8,300,12,0.7,1227,51,84.9,16.5,14.09,1.01,0,motor,
523800,1791191323800,56.610816,-4.660646,49.28,62.7,300,12,0.7,1199,49,84.9,16.6,14.09,1.01,0,motor,
524000,1791191324000,56.610827,-4.660607,47.99,62.6,299.9,12,0.7,1636,48,84.9,16.6,14.09,1.01,0,motor,
524200,1791191324200,56.610838,-4.660569,46.7,62.6,299.9,12,0.7,1593,47,84.9,16.6,14.09,1.01,0,motor,
524400,1791191324400,56.610849,-4.660532,45.41,62.5,299.9,12,0.7,1549,45,84.9,16.6,14.09,1.01,0,motor,
524600,1791191324600,56.610859,-4.660496,44.11,62.5,299.9,12,0.7,1504,44,84.9,16.7,14.09,1.01,0,motor,
524800,1791191324800,56.610869,-4.660461,42.8,62.4,299.9,12,0.7,1458,43,84.9,16.7,14.1,1.01,0,motor,
525000,1791191325000,56.610879,-4.660427,41.5,62.4,299.9,12,0.7,1412,42,84.9,16.7,14.1,1.01,0,motor,
525200,1791191325200,56.610888,-4.660394,40.2,62.3,299.9,12,0.7,1365,40,84.9,16.7,14.1,1.01,0,motor,
525400,1791191325400,56.610897,-4.660362,38.89,62.3,299.9,12,0.7,1318,39,85,16.8,14.1,1.01,0,motor,
525600,1791191325600,56.610906,-4.660332,37.59,62.3,299.9,12,0.7,1273,38,85,16.8,14.1,1.01,0,motor,
525800,1791191325800,56.610915,-4.660302,36.3,62.2,299.9,12,0.7,1228,36,85,16.8,14.1,1.01,0,motor,
526000,1791191326000,56.610923,-4.660273,35.01,62.2,299.9,12,0.7,1184,35,85,16.9,14.11,1.01,0,motor,
526200,1791191326200,56.610931,-4.660246,33.72,62.1,299.9,12,0.7,1142,34,85,16.9,14.11,1.01,0,motor,
526400,1791191326400,56.610939,-4.660219,32.45,62.1,299.9,12,0.7,1101,32,85,16.9,14.11,1.01,0,motor,
526600,1791191326600,56.610946,-4.660194,31.18,62.1,299.8,12,0.7,1060,31,85,16.9,14.11,1.01,0,motor,
526800,1791191326800,56.610954,-4.660169,29.92,62,299.8,12,0.7,1550,30,85,17,14.11,1.01,0,motor,
527000,1791191327000,56.61096,-4.660146,28.68,62,299.8,12,0.7,1488,29,85,17,14.11,1.01,0,motor,
527200,1791191327200,56.610967,-4.660123,27.44,62,299.8,12,0.7,1425,27,85,17,14.12,1.01,0,motor,
527400,1791191327400,56.610973,-4.660102,26.22,61.9,299.8,12,0.7,1362,26,85,17,14.12,1.01,0,motor,
527600,1791191327600,56.610979,-4.660081,25.02,61.9,299.8,12,0.7,1299,25,85,17.1,14.12,1.01,0,motor,
527800,1791191327800,56.610985,-4.660062,23.83,61.9,299.8,12,0.7,1236,24,85,17.1,14.12,1.01,0,motor,
528000,1791191328000,56.610991,-4.660043,22.66,61.8,299.8,12,0.7,1173,23,85,17.1,14.12,1.01,0,motor,
528200,1791191328200,56.610996,-4.660026,21.51,61.8,299.8,12,0.7,1111,22,85,17.1,14.12,1.01,0,motor,
528400,1791191328400,56.611001,-4.660009,20.37,61.8,299.8,12,0.7,1050,20,85,17.2,14.13,1.01,0,motor,
528600,1791191328600,56.611005,-4.659993,19.26,61.8,299.8,12,0.7,991,19,85,17.2,14.13,1.01,0,motor,
528800,1791191328800,56.61101,-4.659978,18.17,61.7,299.8,12,0.7,934,18,85,17.2,14.13,1.01,0,motor,
529000,1791191329000,56.611014,-4.659964,17.11,61.7,299.8,12,0.7,879,17,85,17.2,13.98,1.01,0,motor,
529200,1791191329200,56.611018,-4.659951,16.06,61.7,299.8,12,0.7,826,16,85,17.2,13.98,1.01,0,motor,
529400,1791191329400,56.611021,-4.659938,15.05,61.7,299.8,12,0.7,1346,15,85,17.3,14.13,1.01,0,motor,
529600,1791191329600,56.611025,-4.659927,14.06,61.7,299.8,12,0.7,1259,14,85,17.3,14.13,1.01,0,motor,
529800,1791191329800,56.611028,-4.659916,13.09,61.7,299.8,12,0.7,1176,13,85,17.3,14.14,1.01,0,motor,
530000,1791191330000,56.611031,-4.659906,12.16,61.6,299.8,12,0.8,1094,12,85,17.3,14.14,1.01,0,motor,
530200,1791191330200,56.611034,-4.659896,11.25,61.6,299.8,12,0.8,1013,11,85,17.4,14.14,1.01,0,motor,
530400,1791191330400,56.611036,-4.659888,10.37,61.6,299.8,12,0.8,935,10,85,17.4,14.14,1.01,0,motor,
530600,1791191330600,56.611039,-4.65988,9.52,61.6,299.8,12,0.8,858,10,85,17.4,13.99,1.01,0,motor,
530800,1791191330800,56.611041,-4.659873,8.71,61.6,299.8,12,0.8,784,9,85,17.4,13.99,1.01,0,motor,
531000,1791191331000,56.611043,-4.659866,7.93,61.6,299.8,12,0.8,1197,8,85.1,17.4,14.15,1.01,0,motor,
531200,1791191331200,56.611045,-4.65986,7.18,61.6,299.8,12,0.8,1153,7,85.1,17.4,14.15,1.01,0,motor,
531400,1791191331400,56.611046,-4.659854,6.46,61.6,299.8,12,0.8,1112,6,85.1,17.5,14.15,1.01,0,motor,
531600,1791191331600,56.611048,-4.65985,5.78,61.6,299.8,12,0.8,1073,6,85.1,17.5,14.15,1.01,0,motor,
531800,1791191331800,56.611049,-4.659845,5.13,61.6,299.8,12,0.8,1036,5,85.1,17.5,14.15,1.01,0,motor,
532000,1791191332000,56.61105,-4.659841,4.52,61.6,299.8,12,0.8,1003,5,85.1,17.5,14.15,1.01,0,motor,
532200,1791191332200,56.611051,-4.659838,3.95,61.6,299.8,12,0.8,973,4,85.1,17.5,14.15,1.01,0,motor,
532400,1791191332400,56.611052,-4.659835,3.41,61.5,299.8,12,0.8,946,3,85.1,17.5,14.15,1.01,0,motor,
532600,1791191332600,56.611053,-4.659833,2.91,61.5,299.8,12,0.8,921,3,85.1,17.5,14.16,1.01,0,motor,
532800,1791191332800,56.611054,-4.65983,2.45,61.5,299.8,12,0.8,898,2,85.1,17.5,14.01,1.01,0,motor,
533000,1791191333000,56.611054,-4.659829,2.03,61.5,299.8,12,0.8,876,2,85.1,17.5,14.01,1.01,0,motor,
533200,1791191333200,56.611054,-4.659827,1.65,61.5,299.8,12,0.8,856,2,85.1,17.6,14.01,1.01,0,motor,
533400,1791191333400,56.611055,-4.659826,1.3,61.5,299.8,12,0.8,838,1,85.1,17.6,14.01,1.01,0,motor,
533600,1791191333600,56.611055,-4.659825,1,61.5,299.8,12,0.8,820,1,85.1,17.6,14.01,1.01,0,motor,
533800,1791191333800,56.611055,-4.659824,0.74,61.5,299.8,12,0.8,804,1,85.1,17.6,14.01,1.01,0,motor,
534000,1791191334000,56.611055,-4.659824,0.51,61.5,299.8,12,0.8,789,1,85.1,17.6,14.01,1.01,6.1,motor,
534200,1791191334200,56.611056,-4.659824,0.33,61.5,299.8,12,0.8,776,0,85.1,17.6,14.01,1.01,6.1,motor,
534400,1791191334400,56.611056,-4.659823,0.18,61.5,299.8,12,0.8,766,0,85.1,17.6,14.01,1.01,6,motor,
534600,1791191334600,56.611056,-4.659823,0.08,61.5,299.8,12,0.8,759,0,85.1,17.6,14.02,1.01,6,motor,
534800,1791191334800,56.611056,-4.659823,0.02,61.5,299.8,12,0.8,755,0,85.1,17.6,14.02,1.01,6,motor,
535000,1791191335000,56.611056,-4.659823,0,61.5,299.8,12,0.8,754,0,85.1,17.6,14.02,1.01,6,motor,
535200,1791191335200,56.611056,-4.659823,0,61.5,299.8,12,0.8,756,0,85.1,17.6,14.02,1.01,6,motor,
535400,1791191335400,56.611056,-4.659823,0,61.5,299.8,12,0.8,758,0,85.1,17.6,14.02,1.01,6,motor,
535600,1791191335600,56.611056,-4.659823,0,61.5,299.8,12,0.8,760,0,85.1,17.6,14.02,1.01,6,motor,
535800,1791191335800,56.611056,-4.659823,0,61.5,299.8,12,0.8,763,0,85.1,17.6,14.02,1.01,6,motor,
536000,1791191336000,56.611056,-4.659823,0,61.5,299.8,12,0.8,765,0,85.1,17.6,14.02,1.01,6,motor,
536200,1791191336200,56.611056,-4.659823,0,61.5,299.8,12,0.8,766,0,85.1,17.6,14.02,1.01,6,motor,
536400,1791191336400,56.611056,-4.659823,0,61.5,299.8,12,0.8,766,0,85.1,17.6,14.02,1.01,6,motor,
536600,1791191336600,56.611056,-4.659823,0,61.5,299.8,12,0.8,765,0,85.1,17.6,14.02,1.01,6,motor,
536800,1791191336800,56.611056,-4.659823,0,61.5,299.8,12,0.8,763,0,85.2,17.6,14.02,1.01,6,motor,
537000,1791191337000,56.611056,-4.659823,0,61.5,299.8,12,0.8,761,0,85.2,17.6,14.02,1.01,6,motor,
537200,1791191337200,56.611056,-4.659823,0,61.5,299.8,12,0.8,758,0,85.2,17.6,14.02,1.01,6,motor,
537400,1791191337400,56.611056,-4.659823,0,61.5,299.8,12,0.8,756,0,85.2,17.6,14.02,1.01,6,motor,
537600,1791191337600,56.611056,-4.659823,0,61.5,299.8,12,0.8,755,0,85.2,17.6,14.02,1.01,6,motor,
537800,1791191337800,56.611056,-4.659823,0,61.5,299.8,12,0.8,754,0,85.2,17.6,14.02,1.01,6,motor,
538000,1791191338000,56.611056,-4.659823,0,61.5,299.8,12,0.8,754,0,85.2,17.6,14.02,1.01,6,motor,
538200,1791191338200,56.611056,-4.659823,0,61.5,299.8,12,0.8,756,0,85.2,17.6,14.02,1.01,6,motor,
538400,1791191338400,56.611056,-4.659823,0,61.5,299.8,12,0.8,758,0,85.2,17.6,14.02,1.01,6,motor,
538600,1791191338600,56.611056,-4.659823,0,61.5,299.8,12,0.8,761,0,85.2,17.6,14.02,1.01,6,motor,
538800,1791191338800,56.611056,-4.659823,0,61.5,299.8,12,0.8,763,0,85.2,17.6,14.02,1.01,6,motor,
539000,1791191339000,56.611056,-4.659823,0,61.5,299.8,12,0.8,765,0,85.2,17.6,14.02,1.01,6,motor,
539200,1791191339200,56.611056,-4.659823,0,61.5,299.8,12,0.8,766,0,85.2,17.6,14.02,1.01,6,motor,
539400,1791191339400,56.611056,-4.659823,0,61.5,299.8,12,0.8,766,0,85.2,17.6,14.02,1.01,6,motor,
539600,1791191339600,56.611056,-4.659823,0,61.5,299.8,12,0.8,765,0,85.2,17.6,14.02,1.01,6,motor,
539800,1791191339800,56.611056,-4.659823,0,61.5,299.8,12,0.8,763,0,85.2,17.6,14.02,1.01,6,motor,
540000,1791191340000,56.611056,-4.659823,0,61.5,299.8,12,0.8,761,0,85.2,17.6,14.01,1.01,6,motor,
540200,1791191340200,56.611056,-4.659823,0,61.5,299.8,12,0.8,758,0,85.2,17.6,14.01,1.01,6,motor,
540400,1791191340400,56.611056,-4.659823,0,61.5,299.8,12,0.8,756,0,85.2,17.6,14.01,1.01,6,motor,
540600,1791191340600,56.611056,-4.659823,0,61.5,299.8,12,0.8,755,0,85.2,17.6,14.01,1.01,6,motor,
540800,1791191340800,56.611056,-4.659823,0,61.5,299.8,12,0.8,754,0,85.2,17.6,14.01,1.01,6,motor,
541000,1791191341000,56.611056,-4.659823,0,61.5,299.8,12,0.8,755,0,85.2,17.6,14.01,1.01,6,motor,
541200,1791191341200,56.611056,-4.659823,0,61.5,299.8,12,0.8,756,0,85.2,17.6,14.01,1.01,6,motor,
541400,1791191341400,56.611056,-4.659823,0,61.5,299.8,12,0.8,758,0,85.2,17.6,14.01,1.01,6,motor,
541600,1791191341600,56.611056,-4.659823,0,61.5,299.8,12,0.8,761,0,85.2,17.6,14.01,1.01,6,motor,
541800,1791191341800,56.611056,-4.659823,0,61.5,299.8,12,0.8,763,0,85.2,17.6,14.01,1.01,6,motor,
542000,1791191342000,56.611056,-4.659823,0,61.5,299.8,12,0.8,765,0,85.2,17.6,14,1.01,6,motor,
542200,1791191342200,56.611056,-4.659823,0,61.5,299.8,12,0.8,766,0,85.2,17.6,14,1.01,6,motor,
542400,1791191342400,56.611056,-4.659823,0,61.5,299.8,12,0.8,766,0,85.2,17.6,14,1.01,6,motor,
542600,1791191342600,56.611056,-4.659823,0,61.5,299.8,12,0.8,765,0,85.2,17.6,14,1.01,6,motor,
542800,1791191342800,56.611056,-4.659823,0,61.5,299.8,12,0.8,763,0,85.2,17.6,14,1.01,6,motor,
543000,1791191343000,56.611056,-4.659823,0,61.5,299.8,12,0.8,761,0,85.3,17.6,14,1.01,6,motor,
543200,1791191343200,56.611056,-4.659823,0,61.5,299.8,12,0.8,758,0,85.3,17.6,14,1.01,6,motor,
543400,1791191343400,56.611056,-4.659823,0,61.5,299.8,12,0.8,756,0,85.3,17.6,14,1.01,6,motor,
543600,1791191343600,56.611056,-4.659823,0,61.5,299.8,12,0.8,754,0,85.3,17.6,13.99,1.01,6,motor,
543800,1791191343800,56.611056,-4.659823,0,61.5,299.8,12,0.8,754,0,85.3,17.6,13.99,1.01,6,motor,
544000,1791191344000,56.611056,-4.659823,0,61.5,299.8,12,0.8,755,0,85.3,17.6,13.99,1.01,6,motor,
544200,1791191344200,56.611056,-4.659823,0,61.5,299.8,12,0.8,756,0,85.3,17.6,13.99,1.01,6,motor,
544400,1791191344400,56.611056,-4.659823,0,61.5,299.8,12,0.8,758,0,85.3,17.6,13.99,1.01,6,motor,
544600,1791191344600,56.611056,-4.659823,0,61.5,299.8,12,0.8,761,0,85.3,17.6,13.99,1.01,6,motor,
544800,1791191344800,56.611056,-4.659823,0,61.5,299.8,12,0.8,763,0,85.3,17.6,13.99,1.01,6,motor,
545000,1791191345000,56.611056,-4.659823,0,61.5,299.8,12,0.8,765,0,85.3,17.6,13.98,1.01,6,motor,
545200,1791191345200,56.611056,-4.659823,0,61.5,299.8,12,0.8,766,0,85.3,17.6,13.98,1.01,6,motor,
545400,1791191345400,56.611056,-4.659823,0,61.5,299.8,12,0.8,766,0,85.3,17.6,13.98,1.01,6,motor,
545600,1791191345600,56.611056,-4.659823,0,61.5,299.8,12,0.8,765,0,85.3,17.6,13.98,1.01,6,motor,
545800,1791191345800,56.611056,-4.659823,0,61.5,299.8,12,0.8,763,0,85.3,17.7,13.98,1.01,6,motor,
546000,1791191346000,56.611056,-4.659823,0,61.5,299.8,12,0.8,760,0,85.3,17.7,13.98,1.01,6,motor,
546200,1791191346200,56.611056,-4.659823,0,61.5,299.8,12,0.8,758,0,85.3,17.7,13.97,1.01,6,motor,
546400,1791191346400,56.611056,-4.659823,0,61.5,299.8,12,0.8,756,0,85.3,17.7,13.97,1.01,6,motor,
546600,1791191346600,56.611056,-4.659823,0,61.5,299.8,12,0.8,754,0,85.3,17.7,13.97,1.01,6,motor,
546800,1791191346800,56.611056,-4.659823,0,61.5,299.8,12,0.8,754,0,85.3,17.7,13.97,1.01,6,motor,
547000,1791191347000,56.611056,-4.659823,0,61.5,299.8,12,0.8,755,0,85.3,17.7,13.97,1.01,6,motor,
547200,1791191347200,56.611056,-4.659823,0,61.5,299.8,12,0.8,756,0,85.3,17.7,13.97,1.01,6,motor,
547400,1791191347400,56.611056,-4.659823,0,61.5,299.8,12,0.8,758,0,85.3,17.7,13.96,1.01,6,motor,
547600,1791191347600,56.611056,-4.659823,0,61.5,299.8,12,0.8,761,0,85.3,17.7,13.96,1.01,6,motor,
547800,1791191347800,56.611056,-4.659823,0,61.5,299.8,12,0.8,763,0,85.3,17.7,13.96,1.01,6,motor,
548000,1791191348000,56.611056,-4.659823,0,61.5,299.8,12,0.8,765,0,85.3,17.7,13.96,1.01,6,motor,
548200,1791191348200,56.611056,-4.659823,0,61.5,299.8,12,0.8,766,0,85.3,17.7,13.96,1.01,6,motor,
548400,1791191348400,56.611056,-4.659823,0,61.5,299.8,12,0.8,766,0,85.3,17.7,13.96,1.01,6,motor,
548600,1791191348600,56.611056,-4.659823,0,61.5,299.8,12,0.8,765,0,85.3,17.7,13.95,1.01,6,motor,
548800,1791191348800,56.611056,-4.659823,0,61.5,299.8,12,0.8,763,0,85.3,17.7,13.95,1.01,6,motor,
549000,1791191349000,56.611056,-4.659823,0,61.5,299.8,12,0.8,760,0,85.3,17.7,13.95,1.01,6,motor,
549200,1791191349200,56.611056,-4.659823,0,61.5,299.8,12,0.8,758,0,85.4,17.7,13.95,1.01,6,motor,
549400,1791191349400,56.611056,-4.659823,0,61.5,299.8,12,0.8,756,0,85.4,17.7,13.95,1.01,6,motor,
549600,1791191349600,56.611056,-4.659823,0,61.5,299.8,12,0.8,754,0,85.4,17.7,13.95,1.01,6,motor,
549800,1791191349800,56.611056,-4.659823,0,61.5,299.8,12,0.8,754,0,85.4,17.7,13.94,1.01,6,motor,
550000,1791191350000,56.611056,-4.659823,0,61.5,299.8,12,0.8,755,0,85.4,17.7,13.94,1.01,6,motor,
550200,1791191350200,56.611056,-4.659823,0,61.5,299.8,12,0.8,756,0,85.4,17.7,13.94,1.01,6,motor,
550400,1791191350400,56.611056,-4.659823,0,61.5,299.8,12,0.8,758,0,85.4,17.7,13.94,1.01,6,motor,
550600,1791191350600,56.611056,-4.659823,0,61.5,299.8,12,0.8,761,0,85.4,17.7,13.94,1.01,6,motor,
550800,1791191350800,56.611056,-4.659823,0,61.5,299.8,12,0.8,763,0,85.4,17.7,13.94,1.01,6,motor,
551000,1791191351000,56.611056,-4.659823,0,61.5,299.8,12,0.8,765,0,85.4,17.7,13.94,1.01,6,motor,
551200,1791191351200,56.611056,-4.659823,0,61.5,299.8,12,0.8,766,0,85.4,17.7,13.94,1.01,6,motor,
551400,1791191351400,56.611056,-4.659823,0,61.5,299.8,12,0.8,766,0,85.4,17.7,13.93,1.01,6,motor,
551600,1791191351600,56.611056,-4.659823,0,61.5,299.8,12,0.8,765,0,85.4,17.7,13.93,1.01,6,motor,
551800,1791191351800,56.611056,-4.659823,0,61.5,299.8,12,0.8,763,0,85.4,17.7,13.93,1.01,6,motor,
552000,1791191352000,56.611056,-4.659823,0,61.5,299.8,12,0.8,760,0,85.4,17.7,13.93,1.01,6,motor,
552200,1791191352200,56.611056,-4.659823,0,61.5,299.8,12,0.8,758,0,85.4,17.7,13.93,1.01,6,motor,
552400,1791191352400,56.611056,-4.659823,0,61.5,299.8,12,0.8,756,0,85.4,17.7,13.93,1.01,6,motor,
552600,1791191352600,56.611056,-4.659823,0,61.5,299.8,12,0.8,754,0,85.4,17.7,13.93,1.01,6,motor,
552800,1791191352800,56.611056,-4.659823,0,61.5,299.8,12,0.8,754,0,85.4,17.7,13.93,1.01,6,motor,
553000,1791191353000,56.611056,-4.659823,0,61.5,299.8,12,0.8,755,0,85.4,17.7,13.93,1.01,6,motor,
553200,1791191353200,56.611056,-4.659823,0,61.5,299.8,12,0.8,756,0,85.4,17.7,13.93,1.01,6,motor,
553400,1791191353400,56.611056,-4.659823,0,61.5,299.8,12,0.8,759,0,85.4,17.7,13.92,1.01,6,motor,
553600,1791191353600,56.611056,-4.659823,0,61.5,299.8,12,0.8,761,0,85.4,17.7,13.92,1.01,6,motor,
553800,1791191353800,56.611056,-4.659823,0,61.5,299.8,12,0.8,763,0,85.4,17.7,13.92,1.01,6,motor,
554000,1791191354000,56.611056,-4.659823,0,61.5,299.8,12,0.8,765,0,85.4,17.7,13.92,1.01,6,motor,
554200,1791191354200,56.611056,-4.659823,0,61.5,299.8,12,0.8,766,0,85.4,17.7,13.92,1.01,6,motor,
554400,1791191354400,56.611056,-4.659823,0,61.5,299.8,12,0.8,766,0,85.4,17.7,13.92,1.01,6,motor,
554600,1791191354600,56.611056,-4.659823,0,61.5,299.8,12,0.8,765,0,85.4,17.7,13.92,1.01,6,motor,
554800,1791191354800,56.611056,-4.659823,0,61.5,299.8,12,0.8,763,0,85.4,17.7,13.92,1.01,6,motor,
555000,1791191355000,56.611056,-4.659823,0,61.5,299.8,12,0.8,760,0,85.4,17.7,13.92,1.01,6,motor,
555200,1791191355200,56.611056,-4.659823,0,61.5,299.8,12,0.8,758,0,85.4,17.7,13.92,1.01,6,motor,
555400,1791191355400,56.611056,-4.659823,0,61.5,299.8,12,0.8,756,0,85.4,17.7,13.92,1.01,6,motor,
555600,1791191355600,56.611056,-4.659823,0,61.5,299.8,12,0.8,754,0,85.4,17.7,13.92,1.01,6,motor,
555800,1791191355800,56.611056,-4.659823,0,61.5,299.8,12,0.8,754,0,85.5,17.7,13.92,1.01,6,motor,
556000,1791191356000,56.611056,-4.659823,0,61.5,299.8,12,0.8,755,0,85.5,17.7,13.92,1.01,6,motor,
556200,1791191356200,56.611056,-4.659823,0,61.5,299.8,12,0.8,756,0,85.5,17.7,13.92,1.01,6,motor,
556400,1791191356400,56.611056,-4.659823,0,61.5,299.8,12,0.8,759,0,85.5,17.7,13.92,1.01,6,motor,
556600,1791191356600,56.611056,-4.659823,0,61.5,299.8,12,0.8,761,0,85.5,17.7,13.92,1.01,6,motor,
556800,1791191356800,56.611056,-4.659823,0,61.5,299.8,12,0.8,763,0,85.5,17.7,13.92,1.01,6,motor,
557000,1791191357000,56.611056,-4.659823,0,61.5,299.8,12,0.8,765,0,85.5,17.7,13.92,1.01,6,motor,
557200,1791191357200,56.611056,-4.659823,0,61.5,299.8,12,0.8,766,0,85.5,17.7,13.92,1.01,6,motor,
557400,1791191357400,56.611056,-4.659823,0,61.5,299.8,12,0.8,766,0,85.5,17.7,13.92,1.01,6,motor,
557600,1791191357600,56.611056,-4.659823,0,61.5,299.8,12,0.8,765,0,85.5,17.7,13.92,1.01,6,motor,
557800,1791191357800,56.611056,-4.659823,0,61.5,299.8,12,0.8,763,0,85.5,17.7,13.92,1.01,6,motor,
558000,1791191358000,56.611056,-4.659823,0,61.5,299.8,12,0.8,760,0,85.5,17.7,13.92,1.01,6,motor,
558200,1791191358200,56.611056,-4.659823,0,61.5,299.8,12,0.8,758,0,85.5,17.7,13.92,1.01,6,motor,
558400,1791191358400,56.611056,-4.659823,0,61.5,299.8,12,0.8,756,0,85.5,17.7,13.92,1.01,6,motor,
558600,1791191358600,56.611056,-4.659823,0,61.5,299.8,12,0.8,754,0,85.5,17.7,13.92,1.01,6,motor,
558800,1791191358800,56.611056,-4.659823,0,61.5,299.8,12,0.8,754,0,85.5,17.7,13.93,1.01,6,motor,
559000,1791191359000,56.611056,-4.659823,0,61.5,299.8,12,0.8,755,0,85.5,17.7,13.93,1.01,6,motor,
559200,1791191359200,56.611056,-4.659823,0,61.5,299.8,12,0.8,756,0,85.5,17.7,13.93,1.01,6,motor,
559400,1791191359400,56.611056,-4.659823,0,61.5,299.8,12,0.8,759,0,85.5,17.7,13.93,1.01,6,motor,
559600,1791191359600,56.611056,-4.659823,0,61.5,299.8,12,0.8,761,0,85.5,17.7,13.93,1.01,6,motor,
559800,1791191359800,56.611056,-4.659823,0,61.5,299.8,12,0.8,764,0,85.5,17.7,13.93,1.01,6.2,motor,
560000,1791191360000,56.611056,-4.659823,0,61.5,299.8,12,0.8,767,0,85.5,17.7,13.93,1.01,6.4,motor,
560200,1791191360200,56.611056,-4.659823,0.01,61.5,299.8,12,0.8,769,0,85.5,17.7,13.93,1.01,6.9,motor,
560400,1791191360400,56.611056,-4.659823,0.03,61.5,299.8,12,0.8,772,0,85.5,17.7,13.93,1.01,7.5,motor,
560600,1791191360600,56.611056,-4.659823,0.06,61.5,299.8,12,0.8,775,0,85.5,17.7,13.93,1.01,8.2,motor,
560800,1791191360800,56.611056,-4.659823,0.11,61.5,299.8,12,0.8,777,0,85.5,17.7,13.93,1.01,8.9,motor,
561000,1791191361000,56.611056,-4.659823,0.17,61.5,299.8,12,0.8,781,0,85.5,17.7,13.94,1.01,9.6,motor,
561200,1791191361200,56.611056,-4.659823,0.24,61.5,299.8,12,0.8,785,0,85.5,17.7,13.94,1.01,10.3,motor,
561400,1791191361400,56.611056,-4.659823,0.33,61.5,299.8,12,0.8,790,0,85.5,17.7,13.94,1.01,11.1,motor,
561600,1791191361600,56.611056,-4.659822,0.43,61.5,299.8,12,0.8,796,0,85.5,17.7,13.94,1.01,11.8,motor,
561800,1791191361800,56.611056,-4.659822,0.55,61.5,299.8,12,0.8,805,1,85.5,17.7,13.94,1.01,12.5,motor,
562000,1791191362000,56.611056,-4.659821,0.68,61.5,299.8,12,0.8,815,1,85.5,17.7,13.94,1.01,13.3,motor,
562200,1791191362200,56.611056,-4.659821,0.82,61.5,299.8,12,0.8,826,1,85.5,17.7,13.94,1.01,14,motor,
562400,1791191362400,56.611057,-4.65982,0.97,61.5,299.8,12,0.8,839,1,85.5,17.7,13.95,1.01,14.7,motor,
562600,1791191362600,56.611057,-4.659819,1.14,61.5,299.8,12,0.8,853,1,85.6,17.7,13.95,1.01,15.5,motor,
562800,1791191362800,56.611057,-4.659818,1.32,61.5,299.8,12,0.8,868,1,85.6,17.7,13.95,1.01,16.2,motor,
563000,1791191363000,56.611057,-4.659817,1.52,61.5,299.8,12,0.8,882,2,85.6,17.7,13.95,1.01,16.9,motor,
563200,1791191363200,56.611058,-4.659816,1.72,61.5,299.8,12,0.8,896,2,85.6,17.7,13.95,1.01,17.6,motor,
563400,1791191363400,56.611058,-4.659814,1.94,61.5,299.8,12,0.8,910,2,85.6,17.7,14.1,1.013,18.4,motor,
563600,1791191363600,56.611059,-4.659813,2.18,61.5,299.8,12,0.8,924,2,85.6,17.7,14.1,1.019,19.1,motor,
563800,1791191363800,56.611059,-4.659811,2.42,61.5,299.8,12,0.8,937,2,85.6,17.7,14.11,1.024,19.8,motor,
564000,1791191364000,56.61106,-4.659809,2.68,61.5,299.8,12,0.8,951,3,85.6,17.7,14.11,1.03,20.5,motor,
564200,1791191364200,56.611061,-4.659807,2.95,61.5,299.8,12,0.8,966,3,85.6,17.7,14.11,1.037,21.2,motor,
564400,1791191364400,56.611061,-4.659804,3.23,61.5,299.8,12,0.8,981,3,85.6,17.7,14.11,1.045,21.9,motor,
564600,1791191364600,56.611062,-4.659801,3.53,61.5,299.8,12,0.8,998,4,85.6,17.7,14.11,1.054,22.6,motor,
564800,1791191364800,56.611063,-4.659799,3.83,61.5,299.7,12,0.8,1017,4,85.6,17.7,14.11,1.065,23.3,motor,
565000,1791191365000,56.611064,-4.659795,4.15,61.5,299.7,12,0.8,1037,4,85.6,17.7,14.12,1.076,24,motor,
565200,1791191365200,56.611065,-4.659792,4.48,61.5,299.7,12,0.8,1059,4,85.6,17.6,14.12,1.09,24.7,motor,
565400,1791191365400,56.611066,-4.659788,4.83,61.5,299.7,12,0.8,1082,5,85.6,17.6,14.12,1.105,25.4,motor,
565600,1791191365600,56.611067,-4.659784,5.18,61.5,299.7,12,0.8,1106,5,85.6,17.6,14.12,1.12,26.1,motor,
565800,1791191365800,56.611069,-4.65978,5.54,61.5,299.7,12,0.8,1130,6,85.6,17.6,14.12,1.137,26.8,motor,
566000,1791191366000,56.61107,-4.659775,5.92,61.5,299.7,12,0.8,1154,6,85.6,17.6,14.12,1.155,27.4,motor,
566200,1791191366200,56.611071,-4.65977,6.31,61.5,299.7,12,0.8,1178,6,85.6,17.6,14.13,1.173,28.1,motor,
566400,1791191366400,56.611073,-4.659765,6.71,61.4,299.7,12,0.8,1202,7,85.6,17.6,14.13,1.192,28.8,motor,
566600,1791191366600,56.611075,-4.65976,7.11,61.4,299.7,12,0.8,1225,7,85.6,17.6,14.13,1.211,29.4,motor,
566800,1791191366800,56.611076,-4.659754,7.53,61.4,299.7,12,0.8,1247,8,85.6,17.6,14.13,1.23,30,motor,
567000,1791191367000,56.611078,-4.659748,7.96,61.4,299.7,12,0.8,1270,8,85.6,17.6,14.13,1.25,30.7,motor,
567200,1791191367200,56.61108,-4.659741,8.4,61.4,299.7,12,0.8,757,8,85.6,17.6,13.98,1.01,31.3,motor,
567400,1791191367400,56.611082,-4.659734,8.85,61.4,299.7,12,0.8,788,9,85.6,17.6,13.99,1.01,31.9,motor,
567600,1791191367600,56.611084,-4.659727,9.31,61.4,299.7,12,0.8,828,9,85.6,17.6,13.99,1.01,32.5,motor,
567800,1791191367800,56.611087,-4.65972,9.78,61.4,299.7,12,0.8,870,10,85.6,17.6,13.99,1.01,33.1,motor,
568000,1791191368000,56.611089,-4.659712,10.26,61.4,299.7,12,0.8,914,10,85.6,17.5,14.14,1.02,33.7,motor,
568200,1791191368200,56.611092,-4.659703,10.74,61.4,299.7,12,0.8,959,11,85.6,17.5,14.14,1.054,34.3,motor,
568400,1791191368400,56.611094,-4.659694,11.24,61.3,299.7,12,0.8,1006,11,85.6,17.5,14.14,1.09,34.9,motor,
568600,1791191368600,56.611097,-4.659685,11.74,61.3,299.7,12,0.8,1054,12,85.6,17.5,14.14,1.127,35.4,motor,
568800,1791191368800,56.6111,-4.659676,12.26,61.3,299.7,12,0.8,1102,12,85.6,17.5,14.15,1.167,36,motor,
569000,1791191369000,56.611103,-4.659666,12.78,61.3,299.7,12,0.8,1150,13,85.6,17.5,14.15,1.208,36.5,motor,
569200,1791191369200,56.611106,-4.659655,13.31,61.3,299.7,12,0.8,1198,13,85.6,17.5,14.15,1.249,37.1,motor,
569400,1791191369400,56.611109,-4.659645,13.84,61.3,299.7,12,0.8,1246,14,85.6,17.5,14.15,1.292,37.6,motor,
569600,1791191369600,56.611113,-4.659633,14.39,61.3,299.7,12,0.8,1293,14,85.7,17.5,14.15,1.335,38.1,motor,
569800,1791191369800,56.611116,-4.659622,14.94,61.2,299.7,12,0.8,1341,15,85.7,17.5,14.15,1.379,38.6,motor,
570000,1791191370000,56.61112,-4.65961,15.5,61.2,299.7,12,0.8,1388,15,85.7,17.5,14.15,1.424,39.1,motor,
570200,1791191370200,56.611124,-4.659597,16.07,61.2,299.7,12,0.8,828,16,85.7,17.4,14.01,1.01,39.5,motor,
570400,1791191370400,56.611127,-4.659584,16.64,61.2,299.7,12,0.8,856,17,85.7,17.4,14.01,1.01,40,motor,
570600,1791191370600,56.611132,-4.659571,17.22,61.2,299.7,12,0.8,885,17,85.7,17.4,14.01,1.01,40.5,motor,
570800,1791191370800,56.611136,-4.659557,17.8,61.2,299.7,12,0.8,915,18,85.7,17.4,14.16,1.023,40.9,motor,
571000,1791191371000,56.61114,-4.659542,18.39,61.1,299.7,12,0.8,946,18,85.7,17.4,14.16,1.051,41.3,motor,
571200,1791191371200,56.611145,-4.659527,18.99,61.1,299.7,12,0.8,979,19,85.7,17.4,14.16,1.081,41.8,motor,
571400,1791191371400,56.611149,-4.659512,19.59,61.1,299.7,12,0.8,1012,20,85.7,17.4,14.16,1.113,42.2,motor,
571600,1791191371600,56.611154,-4.659496,20.19,61.1,299.7,12,0.8,1046,20,85.7,17.4,14.16,1.145,42.5,motor,
571800,1791191371800,56.611159,-4.65948,20.81,61,299.7,12,0.8,1080,21,85.7,17.4,14.16,1.178,42.9,motor,
572000,1791191372000,56.611164,-4.659463,21.42,61,299.7,12,0.8,1113,21,85.7,17.3,14.16,1.211,43.3,motor,
572200,1791191372200,56.611169,-4.659446,22.04,61,299.7,12,0.8,1146,22,85.7,17.3,14.16,1.243,43.6,motor,
572400,1791191372400,56.611175,-4.659428,22.66,61,299.7,12,0.8,1178,23,85.7,17.3,14.17,1.275,44,motor,
572600,1791191372600,56.61118,-4.65941,23.29,60.9,299.7,12,0.8,1209,23,85.7,17.3,14.17,1.307,44.3,motor,
572800,1791191372800,56.611186,-4.659391,23.92,60.9,299.7,12,0.8,1239,24,85.7,17.3,14.17,1.338,44.6,motor,
573000,1791191373000,56.611192,-4.659372,24.55,60.9,299.6,12,0.8,1269,25,85.7,17.3,14.17,1.37,44.9,motor,
573200,1791191373200,56.611198,-4.659352,25.19,60.9,299.6,12,0.8,1300,25,85.7,17.3,14.17,1.402,45.2,motor,
573400,1791191373400,56.611204,-4.659332,25.83,60.8,299.6,12,0.8,1331,26,85.7,17.3,14.17,1.435,45.5,motor,
573600,1791191373600,56.61121,-4.659312,26.47,60.8,299.6,12,0.8,1363,26,85.7,17.2,14.17,1.469,45.7,motor,
573800,1791191373800,56.611217,-4.65929,27.11,60.8,299.6,12,0.8,1396,27,85.7,17.2,14.17,1.504,45.9,motor,
574000,1791191374000,56.611224,-4.659269,27.76,60.8,299.6,12,0.8,1431,28,85.7,17.2,14.17,1.54,46.2,motor,
574200,1791191374200,56.611231,-4.659246,28.41,60.7,299.6,12,0.8,1466,28,85.7,17.2,14.17,1.577,46.4,motor,
574400,1791191374400,56.611238,-4.659224,29.05,60.7,299.6,12,0.8,1502,29,85.7,17.2,14.17,1.615,46.6,motor,
574600,1791191374600,56.611245,-4.6592,29.7,60.7,299.6,12,0.8,1538,30,85.7,17.2,14.17,1.653,46.8,motor,
574800,1791191374800,56.611252,-4.659177,30.35,60.6,299.6,12,0.8,1036,30,85.7,17.2,14.17,1.147,46.9,motor,
575000,1791191375000,56.61126,-4.659152,31,60.6,299.6,12,0.8,1059,31,85.7,17.2,14.17,1.171,47.1,motor,
575200,1791191375200,56.611267,-4.659128,31.65,60.6,299.6,12,0.8,1082,32,85.7,17.2,14.17,1.195,47.2,motor,
575400,1791191375400,56.611275,-4.659102,32.3,60.5,299.6,12,0.8,1103,32,85.7,17.1,14.17,1.217,47.3,motor,
575600,1791191375600,56.611283,-4.659077,32.95,60.5,299.6,12,0.8,1124,33,85.7,17.1,14.17,1.238,47.4,motor,
575800,1791191375800,56.611291,-4.65905,33.59,60.4,299.6,12,0.8,1144,34,85.7,17.1,14.17,1.258,47.5,motor,
576000,1791191376000,56.6113,-4.659024,34.24,60.4,299.6,12,0.8,1163,34,85.7,17.1,14.17,1.278,47.6,motor,
576200,1791191376200,56.611308,-4.658996,34.89,60.4,299.6,12,0.8,1183,35,85.7,17.1,14.17,1.298,47.7,motor,
576400,1791191376400,56.611317,-4.658969,35.53,60.3,299.6,12,0.8,1203,36,85.7,17.1,14.17,1.318,47.7,motor,
576600,1791191376600,56.611326,-4.65894,36.17,60.3,299.5,12,0.8,1224,36,85.7,17.1,14.17,1.339,47.7,motor,
576800,1791191376800,56.611335,-4.658912,36.81,60.3,299.5,12,0.8,1245,37,85.7,17.1,14.17,1.361,47.7,motor,
577000,1791191377000,56.611344,-4.658882,37.45,60.2,299.5,12,0.8,1268,37,85.8,17,14.17,1.383,47.7,motor,
577200,1791191377200,56.611353,-4.658853,38.08,60.2,299.5,12,0.8,1291,38,85.8,17,14.17,1.406,47.7,motor,
577400,1791191377400,56.611363,-4.658822,38.71,60.1,299.5,12,0.8,1315,39,85.8,17,14.17,1.429,47.7,motor,
577600,1791191377600,56.611373,-4.658792,39.34,60.1,299.5,12,0.8,1339,39,85.8,17,14.17,1.452,47.6,motor,
577800,1791191377800,56.611382,-4.658761,39.96,60,299.5,12,0.8,1362,40,85.8,17,14.16,1.474,47.6,motor,
578000,1791191378000,56.611392,-4.658729,40.58,60,299.5,12,0.8,1385,41,85.8,17,14.16,1.495,47.5,motor,
578200,1791191378200,56.611403,-4.658697,41.19,60,299.5,12,0.8,1406,41,85.8,17,14.16,1.514,47.4,motor,
578400,1791191378400,56.611413,-4.658664,41.81,59.9,299.5,12,0.8,1427,42,85.8,17,14.16,1.532,47.3,motor,
578600,1791191378600,56.611424,-4.658631,42.41,59.9,299.5,12,0.8,1446,42,85.8,17,14.16,1.548,47.2,motor,
578800,1791191378800,56.611434,-4.658598,43.01,59.8,299.5,12,0.8,1464,43,85.8,16.9,14.16,1.564,47,motor,
579000,1791191379000,56.611445,-4.658564,43.61,59.8,299.5,12,0.8,1482,44,85.8,16.9,14.16,1.578,46.9,motor,
579200,1791191379200,56.611456,-4.658529,44.2,59.7,299.5,12,0.8,1499,44,85.8,16.9,14.16,1.592,46.7,motor,
579400,1791191379400,56.611467,-4.658494,44.78,59.7,299.4,12,0.8,1517,45,85.8,16.9,14.16,1.605,46.5,motor,
579600,1791191379600,56.611479,-4.658459,45.36,59.6,299.4,12,0.8,1536,45,85.8,16.9,14.16,1.619,46.3,motor,
579800,1791191379800,56.61149,-4.658423,45.93,59.6,299.4,12,0.8,1556,46,85.8,16.9,14.15,1.633,46.1,motor,
580000,1791191380000,56.611502,-4.658387,46.5,59.5,299.4,12,0.8,1576,46,85.8,16.9,14.15,1.647,45.9,motor,
580200,1791191380200,56.611514,-4.658351,47.06,59.5,299.4,12,0.8,1597,47,85.8,16.9,14.15,1.662,45.7,motor,
580400,1791191380400,56.611526,-4.658314,47.61,59.4,299.4,12,0.8,1618,48,85.8,16.9,14.15,1.659,45.4,motor,
580600,1791191380600,56.611538,-4.658276,48.16,59.4,299.4,12,0.8,1171,48,85.8,16.8,14.15,1.259,45.1,motor,
580800,1791191380800,56.61155,-4.658238,48.69,59.3,299.4,12,0.8,1186,49,85.8,16.8,14.15,1.271,44.8,motor,
581000,1791191381000,56.611563,-4.6582,49.22,59.3,299.4,12,0.8,1201,49,85.8,16.8,14.15,1.281,44.5,motor,
581200,1791191381200,56.611575,-4.658162,49.74,59.2,299.4,12,0.8,1214,50,85.8,16.8,14.14,1.29,44.2,motor,
581400,1791191381400,56.611588,-4.658123,50.26,59.2,299.4,12,0.8,1226,50,85.8,16.8,14.14,1.297,43.9,motor,
581600,1791191381600,56.611601,-4.658083,50.76,59.1,299.4,12,0.8,1236,51,85.8,16.8,14.14,1.303,43.6,motor,
581800,1791191381800,56.611614,-4.658044,51.26,59.1,299.3,12,0.8,1246,51,85.8,16.8,14.14,1.308,43.2,motor,
582000,1791191382000,56.611627,-4.658004,51.74,59,299.3,10,0.8,1256,52,85.8,16.8,14.14,1.312,42.8,motor,
582200,1791191382200,56.611641,-4.657963,52.22,58.9,299.3,10,0.8,1265,52,85.8,16.8,14.14,1.316,42.5,motor,
582400,1791191382400,56.611654,-4.657922,52.69,58.9,299.3,10,0.8,1274,53,85.8,16.8,14.14,1.32,42.1,motor,
582600,1791191382600,56.611668,-4.657881,53.15,58.8,299.3,10,0.8,1285,53,85.8,16.8,14.13,1.323,41.7,motor,
582800,1791191382800,56.611682,-4.65784,53.6,58.8,299.3,10,0.8,1296,54,85.8,16.7,14.13,1.328,41.2,motor,
583000,1791191383000,56.611696,-4.657798,54.04,58.7,299.3,10,0.9,1307,54,85.8,16.7,14.13,1.332,40.8,motor,
583200,1791191383200,56.61171,-4.657756,54.47,58.7,299.3,10,0.9,1320,54,85.8,16.7,14.13,1.336,40.4,motor,
583400,1791191383400,56.611724,-4.657714,54.89,58.6,299.3,10,0.9,1332,55,85.8,16.7,14.13,1.34,39.9,motor,
583600,1791191383600,56.611738,-4.657671,55.29,58.5,299.3,10,0.9,1345,55,85.8,16.7,14.13,1.344,39.4,motor,
583800,1791191383800,56.611753,-4.657628,55.69,58.5,299.3,10,0.9,1356,56,85.8,16.7,14.12,1.346,39,motor,
584000,1791191384000,56.611767,-4.657585,56.08,58.4,299.2,10,0.9,1367,56,85.8,16.7,14.12,1.348,38.5,motor,
584200,1791191384200,56.611782,-4.657542,56.46,58.4,299.2,10,0.9,1377,56,85.8,16.7,14.12,1.348,38,motor,
584400,1791191384400,56.611797,-4.657498,56.82,58.3,299.2,10,0.9,1385,57,85.8,16.7,14.12,1.347,37.5,motor,
584600,1791191384600,56.611812,-4.657454,57.17,58.2,299.2,10,0.9,1392,57,85.8,16.7,14.12,1.344,36.9,motor,
584800,1791191384800,56.611827,-4.65741,57.52,58.2,299.2,10,0.9,1398,58,85.9,16.7,14.12,1.341,36.4,motor,
585000,1791191385000,56.611842,-4.657365,57.85,58.1,299.2,10,0.9,1404,58,85.9,16.7,14.11,1.336,35.9,motor,
585200,1791191385200,56.611857,-4.65732,58.17,58.1,299.2,10,0.9,1409,58,85.9,16.7,14.11,1.332,35.3,motor,
585400,1791191385400,56.611873,-4.657276,58.47,58,299.2,10,0.9,1415,58,85.9,16.7,14.11,1.327,34.7,motor,
585600,1791191385600,56.611888,-4.65723,58.77,57.9,299.2,10,0.9,1421,59,85.9,16.7,14.11,1.323,34.2,motor,
585800,1791191385800,56.611904,-4.657185,59.05,57.9,299.2,10,0.9,1428,59,85.9,16.6,14.11,1.318,33.6,motor,
586000,1791191386000,56.611919,-4.65714,59.32,57.8,299.2,10,0.9,1436,59,85.9,16.6,14.11,1.313,33,motor,
586200,1791191386200,56.611935,-4.657094,59.58,57.8,299.1,10,0.9,1444,60,85.9,16.6,14.1,1.309,32.4,motor,
586400,1791191386400,56.611951,-4.657048,59.82,57.7,299.1,10,0.9,1452,60,85.9,16.6,14.1,1.304,31.8,motor,
586600,1791191386600,56.611967,-4.657002,60.06,57.6,299.1,10,0.9,1460,60,85.9,16.6,14.1,1.298,31.2,motor,
586800,1791191386800,56.611983,-4.656956,60.28,57.6,299.1,10,0.9,1468,60,85.9,16.6,14.1,1.292,30.5,motor,
587000,1791191387000,56.611999,-4.65691,60.48,57.5,299.1,10,0.9,1474,60,85.9,16.6,14.1,1.285,29.9,motor,
587200,1791191387200,56.612016,-4.656864,60.68,57.4,299.1,10,0.9,1479,61,85.9,16.6,14.1,1.277,29.2,motor,
587400,1791191387400,56.612032,-4.656817,60.86,57.4,299.1,10,0.9,1483,61,85.9,16.6,14.1,1.268,28.6,motor,
587600,1791191387600,56.612048,-4.656771,61.03,57.3,299.1,10,0.9,1486,61,85.9,16.6,14.09,1.258,27.9,motor,
587800,1791191387800,56.612065,-4.656724,61.18,57.2,299.1,10,0.9,1487,61,85.9,16.6,14.09,1.248,27.3,motor,
588000,1791191388000,56.612081,-4.656677,61.32,57.2,299.1,10,0.9,1488,61,85.9,16.6,14.09,1.237,26.6,motor,
588200,1791191388200,56.612098,-4.656631,61.45,57.1,299.1,10,0.9,1489,61,85.9,16.6,14.09,1.226,25.9,motor,
588400,1791191388400,56.612115,-4.656584,61.57,57.1,299.1,10,0.9,1490,62,85.9,16.6,14.09,1.215,25.3,motor,
588600,1791191388600,56.612131,-4.656537,61.67,57,299,10,0.9,1491,62,85.9,16.6,14.09,1.204,24.6,motor,
588800,1791191388800,56.612148,-4.65649,61.76,56.9,299,10,0.9,1494,62,85.9,16.6,14.09,1.194,23.9,motor,
589000,1791191389000,56.612165,-4.656443,61.83,56.9,299,10,0.9,1497,62,85.9,16.6,14.08,1.183,23.2,motor,
589200,1791191389200,56.612182,-4.656396,61.89,56.8,299,10,0.9,1500,62,85.9,16.6,14.08,1.172,22.5,motor,
589400,1791191389400,56.612199,-4.656349,61.94,56.7,299,10,0.9,1504,62,85.9,16.6,14.08,1.161,21.8,motor,
589600,1791191389600,56.612216,-4.656302,61.97,56.7,299,10,0.9,1507,62,85.9,16.6,14.08,1.15,21.1,motor,
589800,1791191389800,56.612233,-4.656255,61.99,56.6,299,10,0.9,1509,62,85.9,16.6,14.08,1.141,20.5,motor,
590000,1791191390000,56.61225,-4.656208,62,56.6,299,10,0.9,1511,62,85.9,16.6,14.08,1.134,20.1,motor,
590200,1791191390200,56.612267,-4.656161,62,56.5,299,10,0.9,1511,62,85.9,16.6,14.08,1.128,19.8,motor,
590400,1791191390400,56.612284,-4.656114,62,56.4,299,10,0.9,1511,62,85.9,16.6,14.08,1.126,19.6,motor,
590600,1791191390600,56.612301,-4.656067,62,56.4,299,10,0.9,1509,62,85.9,16.6,14.08,1.126,19.6,motor,
590800,1791191390800,56.612318,-4.656021,62,56.3,299,10,0.9,1507,62,85.9,16.6,14.08,1.125,19.6,motor,
591000,1791191391000,56.612335,-4.655974,62,56.2,299,10,0.9,1504,62,85.9,16.6,14.08,1.125,19.6,motor,
591200,1791191391200,56.612353,-4.655927,61.99,56.2,298.9,10,0.9,1502,62,85.9,16.6,14.07,1.124,19.6,motor,
591400,1791191391400,56.61237,-4.65588,61.99,56.1,298.9,10,0.9,1500,62,85.9,16.6,14.07,1.124,19.6,motor,
591600,1791191391600,56.612387,-4.655834,61.99,56,298.9,10,0.9,1499,62,85.9,16.6,14.07,1.124,19.6,motor,
591800,1791191391800,56.612404,-4.655787,61.99,56,298.9,10,0.9,1499,62,85.9,16.6,14.07,1.124,19.6,motor,
592000,1791191392000,56.612422,-4.65574,61.98,55.9,298.9,10,0.9,1500,62,85.9,16.6,14.07,1.124,19.6,motor,
592200,1791191392200,56.612439,-4.655694,61.98,55.9,298.9,10,0.9,1502,62,85.9,16.6,14.07,1.124,19.6,motor,
592400,1791191392400,56.612456,-4.655647,61.98,55.8,298.9,10,0.9,1505,62,85.9,16.6,14.07,1.125,19.6,motor,
592600,1791191392600,56.612474,-4.655601,61.97,55.7,298.9,10,0.9,1507,62,85.9,16.6,14.07,1.125,19.6,motor,
592800,1791191392800,56.612491,-4.655554,61.97,55.7,298.9,10,0.9,1509,62,86,16.6,14.07,1.125,19.6,motor,
593000,1791191393000,56.612509,-4.655508,61.96,55.6,298.9,10,0.9,1510,62,86,16.6,14.07,1.126,19.6,motor,
593200,1791191393200,56.612526,-4.655462,61.96,55.5,298.9,10,0.9,1510,62,86,16.6,14.07,1.126,19.6,motor,
593400,1791191393400,56.612544,-4.655415,61.95,55.5,298.9,10,0.9,1510,62,86,16.6,14.07,1.126,19.6,motor,
593600,1791191393600,56.612561,-4.655369,61.95,55.4,298.9,10,0.9,1508,62,86,16.6,14.07,1.125,19.6,motor,
593800,1791191393800,56.612579,-4.655323,61.94,55.4,298.9,10,0.9,1505,62,86,16.6,14.07,1.125,19.6,motor,
594000,1791191394000,56.612596,-4.655276,61.94,55.3,298.9,10,0.9,1503,62,86,16.6,14.07,1.124,19.6,motor,
594200,1791191394200,56.612614,-4.65523,61.93,55.2,298.8,10,0.9,1500,62,86,16.6,14.07,1.124,19.6,motor,
594400,1791191394400,56.612632,-4.655184,61.92,55.2,298.8,10,0.9,1498,62,86,16.6,14.07,1.123,19.6,motor,
594600,1791191394600,56.612649,-4.655138,61.92,55.1,298.8,10,0.9,1497,62,86,16.6,14.07,1.123,19.6,motor,
594800,1791191394800,56.612667,-4.655092,61.91,55.1,298.8,10,0.9,1497,62,86,16.6,14.07,1.123,19.6,motor,
595000,1791191395000,56.612685,-4.655046,61.9,55,298.8,10,0.9,1498,62,86,16.6,14.07,1.123,19.6,motor,
595200,1791191395200,56.612702,-4.655,61.89,54.9,298.8,10,0.9,1500,62,86,16.6,14.07,1.124,19.6,motor,
595400,1791191395400,56.61272,-4.654954,61.89,54.9,298.8,10,0.9,1502,62,86,16.6,14.07,1.124,19.6,motor,
595600,1791191395600,56.612738,-4.654908,61.88,54.8,298.8,10,0.9,1505,62,86,16.6,14.07,1.124,19.6,motor,
595800,1791191395800,56.612756,-4.654862,61.87,54.7,298.8,10,0.9,1507,62,86,16.6,14.07,1.125,19.6,motor,
596000,1791191396000,56.612773,-4.654816,61.86,54.7,298.8,10,0.9,1508,62,86,16.6,14.07,1.125,19.6,motor,
596200,1791191396200,56.612791,-4.654771,61.85,54.6,298.8,10,0.9,1508,62,86,16.6,14.07,1.125,19.6,motor,
596400,1791191396400,56.612809,-4.654725,61.84,54.6,298.8,10,0.9,1507,62,86,16.6,14.07,1.125,19.6,motor,
596600,1791191396600,56.612827,-4.654679,61.83,54.5,298.8,10,0.9,1505,62,86,16.6,14.08,1.124,19.6,motor,
596800,1791191396800,56.612845,-4.654634,61.82,54.4,298.8,10,0.9,1502,62,86,16.6,14.08,1.124,19.6,motor,
597000,1791191397000,56.612863,-4.654588,61.81,54.4,298.8,10,0.9,1500,62,86,16.6,14.08,1.123,19.6,motor,
597200,1791191397200,56.612881,-4.654542,61.8,54.3,298.8,10,0.9,1497,62,86,16.6,14.08,1.123,19.6,motor,
597400,1791191397400,56.612899,-4.654497,61.79,54.3,298.8,10,0.9,1495,62,86,16.6,14.08,1.122,19.6,motor,
597600,1791191397600,56.612917,-4.654451,61.78,54.2,298.8,10,0.9,1494,62,86,16.6,14.08,1.122,19.6,motor,
597800,1791191397800,56.612935,-4.654406,61.76,54.1,298.8,10,0.9,1494,62,86,16.6,14.08,1.122,19.6,motor,
598000,1791191398000,56.612953,-4.654361,61.75,54.1,298.8,10,0.9,1495,62,86,16.6,14.08,1.122,19.6,motor,
598200,1791191398200,56.612971,-4.654315,61.74,54,298.7,10,0.9,1497,62,86,16.6,14.08,1.122,19.6,motor,
598400,1791191398400,56.612989,-4.65427,61.73,54,298.7,10,0.9,1499,62,86,16.7,14.08,1.123,19.6,motor,
598600,1791191398600,56.613007,-4.654225,61.72,53.9,298.7,10,0.9,1501,62,86,16.7,14.09,1.123,19.6,motor,
598800,1791191398800,56.613025,-4.654179,61.7,53.8,298.7,10,0.9,1503,62,86,16.7,14.09,1.123,19.6,motor,
599000,1791191399000,56.613044,-4.654134,61.69,53.8,298.7,10,0.9,1504,62,86,16.7,14.09,1.123,19.6,motor,
599200,1791191399200,56.613062,-4.654089,61.68,53.7,298.7,10,0.9,1503,62,86,16.7,14.09,1.123,19.6,motor,
599400,1791191399400,56.61308,-4.654044,61.66,53.6,298.7,10,0.9,1502,62,86,16.7,14.09,1.123,19.6,motor,
599600,1791191399600,56.613098,-4.653999,61.65,53.6,298.7,10,0.9,1500,62,86,16.7,14.09,1.123,19.6,motor,
599800,1791191399800,56.613117,-4.653954,61.63,53.5,298.7,10,0.9,1498,62,86,16.7,14.09,1.122,19.6,motor,
600000,1791191400000,56.613135,-4.653909,61.62,53.5,298.7,10,0.9,1495,62,86,16.7,14.09,1.122,19.6,motor,
600200,1791191400200,56.613153,-4.653864,61.6,53.4,298.7,10,0.9,1492,62,86,16.7,14.1,1.121,19.6,motor,
600400,1791191400400,56.613172,-4.653819,61.59,53.3,298.7,10,0.9,1490,62,86,16.7,14.1,1.121,19.5,motor,
600600,1791191400600,56.61319,-4.653774,61.57,53.3,298.7,10,0.9,1489,62,86,16.7,14.1,1.12,19.5,motor,
600800,1791191400800,56.613208,-4.65373,61.56,53.2,298.7,10,0.9,1489,62,86,16.7,14.1,1.12,19.5,motor,
601000,1791191401000,56.613227,-4.653685,61.54,53.2,298.7,10,0.9,1490,62,86,16.7,14.1,1.12,19.5,motor,
601200,1791191401200,56.613245,-4.65364,61.52,53.1,298.7,10,0.9,1491,62,86,16.7,14.1,1.121,19.5,motor,
601400,1791191401400,56.613263,-4.653596,61.51,53,298.7,10,0.9,1494,62,86.1,16.7,14.11,1.121,19.5,motor,
601600,1791191401600,56.613282,-4.653551,61.49,53,298.7,10,0.9,1496,61,86.1,16.7,14.11,1.121,19.5,motor,
601800,1791191401800,56.6133,-4.653507,61.48,52.9,298.7,10,0.9,1497,61,86.1,16.7,14.11,1.121,19.5,motor,
602000,1791191402000,56.613319,-4.653462,61.46,52.9,298.7,10,0.9,1498,61,86.1,16.7,14.11,1.122,19.5,motor,
602200,1791191402200,56.613337,-4.653418,61.44,52.8,298.7,10,0.9,1498,61,86.1,16.7,14.11,1.121,19.5,motor,
602400,1791191402400,56.613356,-4.653373,61.42,52.7,298.7,10,0.9,1496,61,86.1,16.7,14.11,1.121,19.5,motor,
602600,1791191402600,56.613375,-4.653329,61.41,52.7,298.7,10,0.9,1494,61,86.1,16.7,14.12,1.121,19.5,motor,
602800,1791191402800,56.613393,-4.653285,61.39,52.6,298.7,10,0.9,1492,61,86.1,16.7,14.12,1.12,19.5,motor,
603000,1791191403000,56.613412,-4.65324,61.37,52.6,298.7,10,0.9,1489,61,86.1,16.7,14.12,1.119,19.5,motor,
603200,1791191403200,56.61343,-4.653196,61.35,52.5,298.7,10,0.9,1486,61,86.1,16.7,14.12,1.119,19.5,motor,
603400,1791191403400,56.613449,-4.653152,61.33,52.5,298.7,10,0.9,1484,61,86.1,16.7,14.12,1.118,19.5,motor,
603600,1791191403600,56.613468,-4.653108,61.31,52.4,298.7,10,0.9,1483,61,86.1,16.7,14.12,1.118,19.5,motor,
603800,1791191403800,56.613486,-4.653064,61.29,52.3,298.7,10,0.9,1483,61,86.1,16.7,14.13,1.118,19.5,motor,
604000,1791191404000,56.613505,-4.65302,61.27,52.3,298.7,10,0.9,1483,61,86.1,16.7,14.13,1.118,19.5,motor,
604200,1791191404200,56.613524,-4.652976,61.26,52.2,298.7,10,0.9,1485,61,86.1,16.7,14.13,1.118,19.5,motor,
604400,1791191404400,56.613542,-4.652932,61.24,52.2,298.7,10,0.9,1487,61,86.1,16.7,14.13,1.119,19.5,motor,
604600,1791191404600,56.613561,-4.652888,61.22,52.1,298.7,10,0.9,1489,61,86.1,16.7,14.13,1.119,19.5,motor,
604800,1791191404800,56.61358,-4.652844,61.2,52,298.7,10,0.9,1490,61,86.1,16.7,14.13,1.119,19.5,motor,
605000,1791191405000,56.613599,-4.652801,61.18,52,298.7,10,0.9,1491,61,86.1,16.7,14.13,1.119,19.5,motor,
605200,1791191405200,56.613618,-4.652757,61.16,51.9,298.7,10,0.9,1491,61,86.1,16.7,14.14,1.119,19.5,motor,
605400,1791191405400,56.613636,-4.652713,61.13,51.9,298.7,10,0.9,1489,61,86.1,16.7,14.14,1.119,19.4,motor,
605600,1791191405600,56.613655,-4.65267,61.11,51.8,298.7,10,0.9,1487,61,86.1,16.7,14.14,1.118,19.4,motor,
605800,1791191405800,56.613674,-4.652626,61.09,51.7,298.7,10,0.9,1484,61,86.1,16.7,14.14,1.118,19.4,motor,
606000,1791191406000,56.613693,-4.652583,61.07,51.7,298.7,10,0.9,1481,61,86.1,16.7,14.14,1.117,19.4,motor,
606200,1791191406200,56.613712,-4.652539,61.05,51.6,298.7,10,0.9,1479,61,86.1,16.7,14.14,1.116,19.4,motor,
606400,1791191406400,56.613731,-4.652496,61.03,51.6,298.7,10,0.9,1476,61,86.1,16.7,14.15,1.116,19.4,motor,
606600,1791191406600,56.61375,-4.652453,61.01,51.5,298.7,10,0.9,1475,61,86.1,16.7,14.15,1.116,19.4,motor,
606800,1791191406800,56.613769,-4.652409,60.99,51.4,298.7,10,0.9,1475,61,86.1,16.7,14.15,1.116,19.4,motor,
607000,1791191407000,56.613788,-4.652366,60.96,51.4,298.7,10,0.9,1476,61,86.1,16.7,14.15,1.116,19.4,motor,
607200,1791191407200,56.613807,-4.652323,60.94,51.3,298.7,10,0.9,1477,61,86.1,16.7,14.15,1.116,19.4,motor,
607400,1791191407400,56.613826,-4.65228,60.92,51.3,298.7,10,0.9,1479,61,86.1,16.7,14.15,1.116,19.4,motor,
607600,1791191407600,56.613845,-4.652237,60.9,51.2,298.7,10,0.9,1481,61,86.1,16.7,14.15,1.116,19.4,motor,
607800,1791191407800,56.613864,-4.652193,60.87,51.2,298.7,10,0.9,1483,61,86.1,16.7,14.15,1.117,19.4,motor,
608000,1791191408000,56.613883,-4.65215,60.85,51.1,298.7,10,0.9,1483,61,86.1,16.7,14.16,1.117,19.4,motor,
608200,1791191408200,56.613902,-4.652108,60.83,51,298.7,10,0.9,1483,61,86.1,16.7,14.16,1.116,19.4,motor,
608400,1791191408400,56.613921,-4.652065,60.81,51,298.7,10,0.9,1481,61,86.1,16.7,14.16,1.116,19.4,motor,
608600,1791191408600,56.61394,-4.652022,60.78,50.9,298.7,10,0.9,1479,61,86.1,16.7,14.16,1.116,19.4,motor,
608800,1791191408800,56.613959,-4.651979,60.76,50.9,298.7,10,0.9,1476,61,86.1,16.7,14.16,1.115,19.4,motor,
609000,1791191409000,56.613978,-4.651936,60.74,50.8,298.7,10,0.9,1473,61,86.1,16.7,14.16,1.114,19.4,motor,
609200,1791191409200,56.613997,-4.651894,60.71,50.7,298.7,10,0.9,1470,61,86.1,16.7,14.16,1.114,19.4,motor,
609400,1791191409400,56.614017,-4.651851,60.69,50.7,298.7,10,0.9,1468,61,86.1,16.7,14.16,1.113,19.4,motor,
609600,1791191409600,56.614036,-4.651808,60.67,50.6,298.7,10,0.9,1467,61,86.1,16.7,14.16,1.113,19.3,motor,
609800,1791191409800,56.614055,-4.651766,60.64,50.6,298.7,10,0.9,1467,61,86.1,16.7,14.16,1.113,19.3,motor,
610000,1791191410000,56.614074,-4.651723,60.62,50.5,298.7,10,0.9,1468,61,86.1,16.7,14.17,1.113,19.3,motor,
610200,1791191410200,56.614093,-4.651681,60.59,50.5,298.7,10,0.9,1469,61,86.1,16.7,14.17,1.113,19.3,motor,
610400,1791191410400,56.614113,-4.651639,60.57,50.4,298.7,10,0.9,1471,61,86.2,16.7,14.17,1.113,19.3,motor,
610600,1791191410600,56.614132,-4.651596,60.55,50.3,298.7,10,0.9,1473,61,86.2,16.7,14.17,1.114,19.3,motor,
610800,1791191410800,56.614151,-4.651554,60.52,50.3,298.7,10,0.9,1474,61,86.2,16.7,14.17,1.114,19.3,motor,
611000,1791191411000,56.614171,-4.651512,60.5,50.2,298.7,10,0.9,1475,60,86.2,16.7,14.17,1.114,19.3,motor,
611200,1791191411200,56.61419,-4.65147,60.47,50.2,298.8,10,0.9,1474,60,86.2,16.7,14.17,1.114,19.3,motor,
611400,1791191411400,56.614209,-4.651428,60.45,50.1,298.8,10,0.9,1473,60,86.2,16.7,14.17,1.113,19.3,motor,
611600,1791191411600,56.614229,-4.651386,60.42,50,298.8,10,0.9,1470,60,86.2,16.7,14.17,1.113,19.3,motor,
611800,1791191411800,56.614248,-4.651344,60.4,50,298.8,10,0.9,1467,60,86.2,16.7,14.17,1.112,19.3,motor,
612000,1791191412000,56.614267,-4.651302,60.37,49.9,298.8,10,0.9,1464,60,86.2,16.7,14.17,1.112,19.3,motor,
612200,1791191412200,56.614287,-4.65126,60.35,49.9,298.8,10,0.9,1461,60,86.2,16.7,14.17,1.111,19.3,motor,
612400,1791191412400,56.614306,-4.651218,60.33,49.8,298.8,10,0.9,1459,60,86.2,16.7,14.17,1.111,19.3,motor,
612600,1791191412600,56.614326,-4.651176,60.3,49.8,298.8,10,0.9,1458,60,86.2,16.7,14.17,1.11,19.3,motor,
612800,1791191412800,56.614345,-4.651134,60.28,49.7,298.8,10,0.9,1458,60,86.2,16.7,14.17,1.11,19.3,motor,
613000,1791191413000,56.614364,-4.651093,60.25,49.6,298.8,10,0.9,1459,60,86.2,16.7,14.17,1.11,19.3,motor,
613200,1791191413200,56.614384,-4.651051,60.23,49.6,298.8,10,0.9,1460,60,86.2,16.7,14.17,1.11,19.2,motor,
613400,1791191413400,56.614403,-4.651009,60.2,49.5,298.8,10,0.9,1462,60,86.2,16.7,14.17,1.111,19.2,motor,
613600,1791191413600,56.614423,-4.650968,60.18,49.5,298.8,10,0.9,1464,60,86.2,16.7,14.17,1.111,19.2,motor,
613800,1791191413800,56.614442,-4.650926,60.15,49.4,298.8,10,0.9,1465,60,86.2,16.7,14.17,1.111,19.2,motor,
614000,1791191414000,56.614462,-4.650885,60.13,49.3,298.8,10,0.9,1466,60,86.2,16.7,14.17,1.111,19.2,motor,
614200,1791191414200,56.614482,-4.650844,60.1,49.3,298.8,10,0.9,1465,60,86.2,16.7,14.17,1.111,19.2,motor,
614400,1791191414400,56.614501,-4.650802,60.08,49.2,298.8,10,0.9,1464,60,86.2,16.7,14.17,1.11,19.2,motor,
614600,1791191414600,56.614521,-4.650761,60.05,49.2,298.8,10,0.9,1461,60,86.2,16.8,14.17,1.11,19.2,motor,
614800,1791191414800,56.61454,-4.65072,60.03,49.1,298.8,10,0.9,1458,60,86.2,16.8,14.17,1.109,19.2,motor,
615000,1791191415000,56.61456,-4.650679,60,49.1,298.9,10,0.9,1455,60,86.2,16.8,14.17,1.109,19.2,motor,
615200,1791191415200,56.61458,-4.650638,59.97,49,298.9,10,0.9,1452,60,86.2,16.8,14.17,1.108,19.2,motor,
615400,1791191415400,56.614599,-4.650597,59.95,48.9,298.9,10,0.9,1450,60,86.2,16.8,14.16,1.108,19.2,motor,
615600,1791191415600,56.614619,-4.650556,59.92,48.9,298.9,10,0.9,1449,60,86.2,16.8,14.16,1.107,19.2,motor,
615800,1791191415800,56.614638,-4.650515,59.9,48.8,298.9,10,0.9,1449,60,86.2,16.8,14.16,1.107,19.2,motor,
616000,1791191416000,56.614658,-4.650474,59.87,48.8,298.9,10,0.9,1450,60,86.2,16.8,14.16,1.107,19.2,motor,
616200,1791191416200,56.614678,-4.650433,59.85,48.7,298.9,10,0.9,1451,60,86.2,16.8,14.16,1.108,19.2,motor,
616400,1791191416400,56.614698,-4.650392,59.82,48.7,298.9,10,0.9,1453,60,86.2,16.8,14.16,1.108,19.2,motor,
616600,1791191416600,56.614717,-4.650351,59.8,48.6,298.9,10,0.9,1455,60,86.2,16.8,14.16,1.108,19.2,motor,
616800,1791191416800,56.614737,-4.650311,59.77,48.5,298.9,10,0.9,1456,60,86.2,16.8,14.16,1.108,19.2,motor,
617000,1791191417000,56.614757,-4.65027,59.75,48.5,298.9,10,0.9,1457,60,86.2,16.8,14.16,1.108,19.1,motor,
617200,1791191417200,56.614777,-4.65023,59.72,48.4,298.9,10,0.9,1456,60,86.2,16.8,14.16,1.108,19.1,motor,
617400,1791191417400,56.614796,-4.650189,59.7,48.4,298.9,10,0.9,1454,60,86.2,16.8,14.15,1.108,19.1,motor,
617600,1791191417600,56.614816,-4.650149,59.67,48.3,299,10,0.9,1452,60,86.2,16.8,14.15,1.107,19.1,motor,
617800,1791191417800,56.614836,-4.650108,59.65,48.2,299,10,0.9,1449,60,86.2,16.8,14.15,1.106,19.1,motor,
618000,1791191418000,56.614856,-4.650068,59.63,48.2,299,10,0.9,1446,60,86.2,16.8,14.15,1.106,19.1,motor,
618200,1791191418200,56.614876,-4.650028,59.6,48.1,299,10,0.9,1443,60,86.2,16.8,14.15,1.105,19.1,motor,
618400,1791191418400,56.614895,-4.649987,59.58,48.1,299,10,0.9,1441,60,86.2,16.8,14.15,1.105,19.1,motor,
618600,1791191418600,56.614915,-4.649947,59.55,48,299,10,0.9,1440,60,86.2,16.8,14.15,1.105,19.1,motor,
618800,1791191418800,56.614935,-4.649907,59.53,48,299,10,0.9,1440,60,86.2,16.8,14.15,1.104,19.1,motor,
619000,1791191419000,56.614955,-4.649867,59.5,47.9,299,10,0.9,1441,60,86.2,16.8,14.14,1.105,19.1,motor,
619200,1791191419200,56.614975,-4.649827,59.48,47.8,299,10,0.9,1442,59,86.2,16.8,14.14,1.105,19.1,motor,
619400,1791191419400,56.614995,-4.649787,59.45,47.8,299,10,0.9,1444,59,86.2,16.8,14.14,1.105,19.1,motor,
619600,1791191419600,56.615015,-4.649747,59.43,47.7,299,10,0.9,1446,59,86.2,16.8,14.14,1.105,19.1,motor,
619800,1791191419800,56.615035,-4.649707,59.41,47.7,299.1,10,0.9,1447,59,86.3,16.8,14.14,1.105,19.1,motor,
620000,1791191420000,56.615055,-4.649667,59.38,47.6,299.1,10,0.9,1448,59,86.3,16.8,14.14,1.105,19.1,motor,
620200,1791191420200,56.615075,-4.649627,59.36,47.6,299.1,10,0.9,1447,59,86.3,16.8,14.14,1.105,19.1,motor,
620400,1791191420400,56.615095,-4.649588,59.33,47.5,299.1,10,0.9,1445,59,86.3,16.8,14.13,1.105,19.1,motor,
620600,1791191420600,56.615115,-4.649548,59.31,47.4,299.1,10,0.9,1443,59,86.3,16.8,14.13,1.104,19,motor,
620800,1791191420800,56.615135,-4.649508,59.29,47.4,299.1,10,0.9,1440,59,86.3,16.8,14.13,1.104,19,motor,
621000,1791191421000,56.615155,-4.649469,59.26,47.3,299.1,10,0.9,1437,59,86.3,16.8,14.13,1.103,19,motor,
621200,1791191421200,56.615175,-4.649429,59.24,47.3,299.1,10,0.9,1434,59,86.3,16.8,14.13,1.103,19,motor,
621400,1791191421400,56.615195,-4.64939,59.22,47.2,299.1,10,0.9,1432,59,86.3,16.8,14.13,1.102,19,motor,
621600,1791191421600,56.615215,-4.649351,59.19,47.1,299.1,10,0.9,1431,59,86.3,16.8,14.12,1.102,19,motor,
621800,1791191421800,56.615235,-4.649311,59.17,47.1,299.2,10,0.9,1431,59,86.3,16.8,14.12,1.102,19,motor,
622000,1791191422000,56.615255,-4.649272,59.15,47,299.2,10,0.9,1432,59,86.3,16.8,14.12,1.102,19,motor,
622200,1791191422200,56.615275,-4.649233,59.13,47,299.2,10,0.9,1434,59,86.3,16.8,14.12,1.102,19,motor,
622400,1791191422400,56.615295,-4.649193,59.1,46.9,299.2,10,0.9,1436,59,86.3,16.8,14.12,1.102,19,motor,
622600,1791191422600,56.615316,-4.649154,59.08,46.9,299.2,10,0.9,1438,59,86.3,16.8,14.12,1.103,19,motor,
622800,1791191422800,56.615336,-4.649115,59.06,46.8,299.2,10,0.9,1439,59,86.3,16.8,14.11,1.103,19,motor,
623000,1791191423000,56.615356,-4.649076,59.04,46.7,299.2,10,0.9,1439,59,86.3,16.8,14.11,1.103,19,motor,
623200,1791191423200,56.615376,-4.649037,59.01,46.7,299.2,10,0.9,1439,59,86.3,16.8,14.11,1.103,19,motor,
623400,1791191423400,56.615396,-4.648998,58.99,46.6,299.3,10,0.9,1437,59,86.3,16.8,14.11,1.102,19,motor,
623600,1791191423600,56.615417,-4.648959,58.97,46.6,299.3,10,0.9,1435,59,86.3,16.8,14.11,1.102,19,motor,
623800,1791191423800,56.615437,-4.648921,58.95,46.5,299.3,10,0.9,1432,59,86.3,16.8,14.11,1.101,19,motor,
624000,1791191424000,56.615457,-4.648882,58.93,46.4,299.3,10,0.9,1429,59,86.3,16.8,14.1,1.101,19,motor,
624200,1791191424200,56.615477,-4.648843,58.91,46.4,299.3,10,0.9,1426,59,86.3,16.8,14.1,1.1,19,motor,
624400,1791191424400,56.615498,-4.648804,58.89,46.3,299.3,10,0.9,1424,59,86.3,16.8,14.1,1.1,19,motor,
624600,1791191424600,56.615518,-4.648766,58.87,46.3,299.3,10,0.9,1423,59,86.3,16.8,14.1,1.1,19,motor,
624800,1791191424800,56.615538,-4.648727,58.84,46.2,299.3,10,0.9,1423,59,86.3,16.8,14.1,1.099,18.9,motor,
625000,1791191425000,56.615559,-4.648689,58.82,46.1,299.4,10,0.9,1424,59,86.3,16.8,14.1,1.1,18.9,motor,
625200,1791191425200,56.615579,-4.64865,58.8,46.1,299.4,10,0.9,1426,59,86.3,16.8,14.09,1.1,18.9,motor,
625400,1791191425400,56.615599,-4.648612,58.78,46,299.4,10,0.9,1428,59,86.3,16.8,14.09,1.1,18.9,motor,
625600,1791191425600,56.61562,-4.648573,58.76,46,299.4,10,0.9,1430,59,86.3,16.8,14.09,1.1,18.9,motor,
625800,1791191425800,56.61564,-4.648535,58.74,45.9,299.4,10,0.9,1431,59,86.3,16.8,14.09,1.101,18.9,motor,
626000,1791191426000,56.61566,-4.648497,58.73,45.9,299.4,10,0.9,1432,59,86.3,16.8,14.09,1.101,18.9,motor,
626200,1791191426200,56.615681,-4.648459,58.71,45.8,299.4,10,0.9,1431,59,86.3,16.8,14.09,1.1,18.9,motor,
626400,1791191426400,56.615701,-4.648421,58.69,45.7,299.5,10,0.9,1430,59,86.3,16.8,14.09,1.1,18.9,motor,
626600,1791191426600,56.615722,-4.648382,58.67,45.7,299.5,10,0.9,1427,59,86.3,16.8,14.09,1.1,18.9,motor,
626800,1791191426800,56.615742,-4.648344,58.65,45.6,299.5,10,0.9,1424,59,86.3,16.8,14.08,1.099,18.9,motor,
627000,1791191427000,56.615763,-4.648306,58.63,45.6,299.5,10,0.9,1421,59,86.3,16.8,14.08,1.099,18.9,motor,
627200,1791191427200,56.615783,-4.648268,58.61,45.5,299.5,10,0.9,1419,59,86.3,16.8,14.08,1.098,18.9,motor,
627400,1791191427400,56.615804,-4.64823,58.59,45.4,299.5,10,0.9,1417,59,86.3,16.8,14.08,1.098,18.9,motor,
627600,1791191427600,56.615824,-4.648193,58.58,45.4,299.5,10,0.9,1416,59,86.3,16.8,14.08,1.097,18.9,motor,
627800,1791191427800,56.615845,-4.648155,58.56,45.3,299.6,10,0.9,1416,59,86.3,16.8,14.08,1.097,18.9,motor,
628000,1791191428000,56.615865,-4.648117,58.54,45.3,299.6,10,0.9,1418,59,86.3,16.8,14.08,1.098,18.9,motor,
628200,1791191428200,56.615886,-4.648079,58.52,45.2,299.6,10,0.9,1419,59,86.3,16.8,14.08,1.098,18.9,motor,
628400,1791191428400,56.615906,-4.648042,58.51,45.1,299.6,10,0.9,1422,59,86.3,16.8,14.08,1.098,18.9,motor,
628600,1791191428600,56.615927,-4.648004,58.49,45.1,299.6,10,0.9,1424,58,86.3,16.8,14.08,1.098,18.9,motor,
628800,1791191428800,56.615948,-4.647967,58.48,45,299.6,10,0.9,1425,58,86.3,16.8,14.07,1.099,18.9,motor,
629000,1791191429000,56.615968,-4.647929,58.46,45,299.7,10,0.9,1425,58,86.3,16.8,14.07,1.099,18.9,motor,
629200,1791191429200,56.615989,-4.647892,58.44,44.9,299.7,10,0.9,1425,58,86.3,16.8,14.07,1.099,18.9,motor,
629400,1791191429400,56.616009,-4.647854,58.43,44.8,299.7,10,0.9,1423,58,86.3,16.8,14.07,1.098,18.9,motor,
629600,1791191429600,56.61603,-4.647817,58.41,44.8,299.7,10,0.9,1421,58,86.3,16.8,14.07,1.098,18.9,motor,
629800,1791191429800,56.616051,-4.647779,58.4,44.7,299.7,10,0.9,1418,58,86.4,16.8,14.07,1.097,18.8,motor,
630000,1791191430000,56.616072,-4.647742,58.38,44.7,299.7,10,0.9,1415,58,86.4,16.8,14.07,1.097,18.8,motor,
630200,1791191430200,56.616092,-4.647705,58.37,44.6,299.8,10,0.9,1413,58,86.4,16.8,14.07,1.096,18.8,motor,
630400,1791191430400,56.616113,-4.647668,58.35,44.5,299.8,10,0.9,1411,58,86.4,16.8,14.07,1.096,18.8,motor,
630600,1791191430600,56.616134,-4.647631,58.34,44.5,299.8,10,0.9,1410,58,86.4,16.9,14.07,1.096,18.8,motor,
630800,1791191430800,56.616155,-4.647594,58.32,44.4,299.8,10,0.9,1411,58,86.4,16.9,14.07,1.096,18.8,motor,
631000,1791191431000,56.616175,-4.647557,58.31,44.4,299.8,10,0.9,1412,58,86.4,16.9,14.07,1.096,18.8,motor,
631200,1791191431200,56.616196,-4.64752,58.3,44.3,299.8,10,0.9,1414,58,86.4,16.9,14.07,1.096,18.8,motor,
631400,1791191431400,56.616217,-4.647483,58.28,44.2,299.9,10,0.9,1416,58,86.4,16.9,14.07,1.097,18.8,motor,
631600,1791191431600,56.616238,-4.647446,58.27,44.2,299.9,10,0.9,1418,58,86.4,16.9,14.07,1.097,18.8,motor,
631800,1791191431800,56.616259,-4.647409,58.26,44.1,299.9,10,0.9,1420,58,86.4,16.9,14.07,1.097,18.8,motor,
632000,1791191432000,56.61628,-4.647372,58.25,44.1,299.9,10,0.9,1420,58,86.4,16.9,14.07,1.097,18.8,motor,
632200,1791191432200,56.6163,-4.647336,58.24,44,299.9,10,0.9,1420,58,86.4,16.9,14.07,1.097,18.8,motor,
632400,1791191432400,56.616321,-4.647299,58.22,43.9,299.9,10,0.9,1418,58,86.4,16.9,14.07,1.097,18.8,motor,
632600,1791191432600,56.616342,-4.647262,58.21,43.9,300,10,0.9,1416,58,86.4,16.9,14.07,1.096,18.8,motor,
632800,1791191432800,56.616363,-4.647226,58.2,43.8,300,10,0.9,1413,58,86.4,16.9,14.07,1.096,18.8,motor,
633000,1791191433000,56.616384,-4.647189,58.19,43.7,300,10,0.9,1410,58,86.4,16.9,14.07,1.095,18.8,motor,
633200,1791191433200,56.616405,-4.647153,58.18,43.7,300,10,0.9,1408,58,86.4,16.9,14.07,1.095,18.8,motor,
633400,1791191433400,56.616426,-4.647116,58.17,43.6,300,10,0.9,1407,58,86.4,16.9,14.07,1.095,18.8,motor,
633600,1791191433600,56.616447,-4.64708,58.16,43.6,300.1,10,0.9,1406,58,86.4,16.9,14.07,1.095,18.8,motor,
633800,1791191433800,56.616468,-4.647043,58.15,43.5,300.1,10,0.9,1407,58,86.4,16.9,14.07,1.095,18.8,motor,
634000,1791191434000,56.616489,-4.647007,58.14,43.4,300.1,10,0.9,1408,58,86.4,16.9,14.07,1.095,18.8,motor,
634200,1791191434200,56.61651,-4.646971,58.13,43.4,300.1,10,0.9,1410,58,86.4,16.9,14.08,1.095,18.8,motor,
634400,1791191434400,56.616531,-4.646935,58.12,43.3,300.1,10,0.9,1412,58,86.4,16.9,14.08,1.095,18.8,motor,
634600,1791191434600,56.616553,-4.646899,58.11,43.3,300.2,10,0.9,1415,58,86.4,16.9,14.08,1.096,18.8,motor,
634800,1791191434800,56.616574,-4.646862,58.11,43.2,300.2,10,0.9,1416,58,86.4,16.9,14.08,1.096,18.8,motor,
635000,1791191435000,56.616595,-4.646826,58.1,43.1,300.2,10,0.9,1417,58,86.4,16.9,14.08,1.096,18.8,motor,
635200,1791191435200,56.616616,-4.64679,58.09,43.1,300.2,10,0.9,1416,58,86.4,16.9,14.08,1.096,18.8,motor,
635400,1791191435400,56.616637,-4.646754,58.08,43,300.2,10,0.9,1415,58,86.4,16.9,14.08,1.096,18.8,motor,
635600,1791191435600,56.616658,-4.646718,58.08,42.9,300.3,10,0.9,1413,58,86.4,16.9,14.08,1.095,18.8,motor,
635800,1791191435800,56.61668,-4.646683,58.07,42.9,300.3,10,0.9,1410,58,86.4,16.9,14.08,1.095,18.8,motor,
636000,1791191436000,56.616701,-4.646647,58.06,42.8,300.3,10,0.7,1407,58,86.4,16.9,14.08,1.094,18.8,motor,
636200,1791191436200,56.616722,-4.646611,58.06,42.7,300.3,10,0.7,1405,58,86.4,16.9,14.08,1.094,18.8,motor,
636400,1791191436400,56.616743,-4.646575,58.05,42.7,300.3,10,0.7,1404,58,86.4,16.9,14.09,1.094,18.8,motor,
636600,1791191436600,56.616765,-4.64654,58.05,42.6,300.4,10,0.7,1403,58,86.4,16.9,14.09,1.094,18.8,motor,
636800,1791191436800,56.616786,-4.646504,58.04,42.6,300.4,10,0.7,1404,58,86.4,16.9,14.09,1.094,18.8,motor,
637000,1791191437000,56.616807,-4.646468,58.04,42.5,300.4,10,0.7,1406,58,86.4,16.9,14.09,1.094,18.8,motor,
637200,1791191437200,56.616829,-4.646433,58.03,42.4,300.4,10,0.7,1408,58,86.4,16.9,14.09,1.094,18.8,motor,
637400,1791191437400,56.61685,-4.646397,58.03,42.4,300.4,10,0.7,1410,58,86.4,16.9,14.09,1.095,18.8,motor,
637600,1791191437600,56.616871,-4.646362,58.02,42.3,300.5,10,0.7,1412,58,86.4,16.9,14.09,1.095,18.8,motor,
637800,1791191437800,56.616893,-4.646326,58.02,42.2,300.5,10,0.7,1414,58,86.4,16.9,14.1,1.095,18.8,motor,
638000,1791191438000,56.616914,-4.646291,58.02,42.2,300.5,10,0.7,1415,58,86.4,16.9,14.1,1.096,18.8,motor,
638200,1791191438200,56.616936,-4.646256,58.01,42.1,300.5,10,0.7,1414,58,86.4,16.9,14.1,1.095,18.8,motor,
638400,1791191438400,56.616957,-4.64622,58.01,42,300.6,10,0.7,1413,58,86.4,16.9,14.1,1.095,18.8,motor,
638600,1791191438600,56.616979,-4.646185,58.01,42,300.6,10,0.7,1411,58,86.4,16.9,14.1,1.095,18.8,motor,
638800,1791191438800,56.617,-4.64615,58.01,41.9,300.6,10,0.7,1408,58,86.4,16.9,14.1,1.094,18.8,motor,
639000,1791191439000,56.617022,-4.646115,58,41.9,300.6,10,0.7,1406,58,86.4,16.9,14.1,1.094,18.8,motor,
639200,1791191439200,56.617043,-4.64608,58,41.8,300.6,10,0.7,1404,58,86.4,16.9,14.11,1.094,18.8,motor,
639400,1791191439400,56.617065,-4.646045,58,41.7,300.7,10,0.7,1403,58,86.4,16.9,14.11,1.093,18.8,motor,
639600,1791191439600,56.617087,-4.64601,58,41.7,300.7,10,0.7,1402,58,86.4,16.9,14.11,1.093,18.8,motor,
639800,1791191439800,56.617108,-4.645975,58,41.6,300.7,10,0.7,1403,58,86.4,16.9,14.11,1.094,18.8,motor,
640000,1791191440000,56.61713,-4.64594,58,41.5,300.7,10,0.7,1405,58,86.4,16.9,14.11,1.094,18.8,motor,
640200,1791191440200,56.617152,-4.645905,58,41.5,300.8,10,0.7,1407,58,86.4,16.9,14.11,1.094,18.8,motor,
640400,1791191440400,56.617173,-4.64587,58,41.4,300.8,10,0.7,1410,58,86.5,16.9,14.12,1.095,18.8,motor,
640600,1791191440600,56.617195,-4.645835,58,41.3,300.8,10,0.7,1412,58,86.5,16.9,14.12,1.096,18.8,motor,
640800,1791191440800,56.617217,-4.645801,58,41.3,300.8,10,0.7,1414,58,86.5,16.9,14.12,1.096,18.8,motor,
641000,1791191441000,56.617239,-4.645766,58,41.2,300.9,10,0.7,1414,58,86.5,16.9,14.12,1.096,18.8,motor,
641200,1791191441200,56.61726,-4.645731,58,41.1,300.9,10,0.7,1414,58,86.5,16.9,14.12,1.097,18.8,motor,
641400,1791191441400,56.617282,-4.645697,58.01,41.1,300.9,10,0.7,1413,58,86.5,16.9,14.12,1.097,18.9,motor,
641600,1791191441600,56.617304,-4.645662,58.01,41,300.9,10,0.7,1411,58,86.5,16.9,14.13,1.096,18.9,motor,
641800,1791191441800,56.617326,-4.645628,58.01,40.9,301,10,0.7,1408,58,86.5,16.9,14.13,1.096,18.9,motor,
642000,1791191442000,56.617348,-4.645593,58.01,40.9,301,10,0.7,1406,58,86.5,16.9,14.13,1.096,18.9,motor,
642200,1791191442200,56.61737,-4.645559,58.01,40.8,301,10,0.7,1404,58,86.5,16.9,14.13,1.096,18.9,motor,
642400,1791191442400,56.617391,-4.645524,58.02,40.7,301,10,0.7,1403,58,86.5,16.9,14.13,1.096,18.9,motor,
642600,1791191442600,56.617413,-4.64549,58.02,40.7,301.1,10,0.7,1403,58,86.5,16.9,14.13,1.096,18.9,motor,
642800,1791191442800,56.617435,-4.645456,58.02,40.6,301.1,10,0.7,1404,58,86.5,16.9,14.14,1.096,18.9,motor,
643000,1791191443000,56.617457,-4.645421,58.03,40.5,301.1,10,0.7,1406,58,86.5,16.9,14.14,1.097,19,motor,
643200,1791191443200,56.617479,-4.645387,58.03,40.5,301.1,10,0.7,1408,58,86.5,16.9,14.14,1.097,19,motor,
643400,1791191443400,56.617501,-4.645353,58.04,40.4,301.2,10,0.7,1411,58,86.5,16.9,14.14,1.098,19,motor,
643600,1791191443600,56.617524,-4.645319,58.04,40.3,301.2,10,0.7,1413,58,86.5,16.9,14.14,1.099,19,motor,
643800,1791191443800,56.617546,-4.645285,58.04,40.2,301.2,10,0.7,1415,58,86.5,16.9,14.14,1.099,19,motor,
644000,1791191444000,56.617568,-4.645251,58.05,40.2,301.2,10,0.7,1415,58,86.5,16.9,14.14,1.099,19,motor,
644200,1791191444200,56.61759,-4.645217,58.05,40.1,301.3,10,0.7,1415,58,86.5,16.9,14.15,1.1,19,motor,
644400,1791191444400,56.617612,-4.645183,58.06,40,301.3,10,0.7,1414,58,86.5,16.9,14.15,1.1,19.1,motor,
644600,1791191444600,56.617634,-4.645149,58.06,40,301.3,10,0.7,1412,58,86.5,16.9,14.15,1.099,19.1,motor,
644800,1791191444800,56.617656,-4.645115,58.07,39.9,301.3,10,0.7,1410,58,86.5,16.9,14.15,1.099,19.1,motor,
645000,1791191445000,56.617679,-4.645082,58.08,39.8,301.4,10,0.7,1407,58,86.5,16.9,14.15,1.099,19.1,motor,
645200,1791191445200,56.617701,-4.645048,58.08,39.8,301.4,10,0.7,1406,58,86.5,16.9,14.15,1.099,19.1,motor,
645400,1791191445400,56.617723,-4.645014,58.09,39.7,301.4,10,0.7,1405,58,86.5,16.9,14.15,1.099,19.1,motor,
645600,1791191445600,56.617746,-4.644981,58.1,39.6,301.5,10,0.7,1405,58,86.5,16.9,14.16,1.099,19.1,motor,
645800,1791191445800,56.617768,-4.644947,58.1,39.5,301.5,10,0.7,1406,58,86.5,16.9,14.16,1.1,19.1,motor,
646000,1791191446000,56.61779,-4.644913,58.11,39.5,301.5,10,0.7,1408,58,86.9,16.9,14.16,1.1,19.2,motor,
646200,1791191446200,56.617813,-4.64488,58.12,39.4,301.5,10,0.7,1410,58,86.9,16.9,14.16,1.101,19.2,motor,
646400,1791191446400,56.617835,-4.644846,58.12,39.3,301.6,10,0.7,1413,58,86.9,16.9,14.16,1.101,19.2,motor,
646600,1791191446600,56.617858,-4.644813,58.13,39.3,301.6,10,0.7,1415,58,86.9,16.9,14.16,1.102,19.2,motor,
646800,1791191446800,56.61788,-4.64478,58.14,39.2,301.6,10,0.7,1417,58,86.9,16.9,14.16,1.102,19.2,motor,
647000,1791191447000,56.617902,-4.644746,58.15,39.1,301.6,10,0.7,1418,58,86.9,16.9,14.16,1.103,19.2,motor,
647200,1791191447200,56.617925,-4.644713,58.16,39,301.7,10,0.7,1418,58,86.9,16.9,14.16,1.103,19.2,motor,
647400,1791191447400,56.617948,-4.64468,58.16,39,301.7,10,0.7,1416,58,86.9,16.9,14.16,1.103,19.3,motor,
647600,1791191447600,56.61797,-4.644647,58.17,38.9,301.7,10,0.7,1414,58,86.9,16.9,14.16,1.103,19.3,motor,
647800,1791191447800,56.617993,-4.644614,58.18,38.8,301.8,10,0.7,1412,58,86.9,16.9,14.17,1.103,19.3,motor,
648000,1791191448000,56.618015,-4.64458,58.19,38.8,301.8,10,0.7,1410,58,86.9,16.9,14.17,1.102,19.3,motor,
648200,1791191448200,56.618038,-4.644547,58.2,38.7,301.8,10,0.7,1408,58,86.9,16.9,14.17,1.102,19.3,motor,
648400,1791191448400,56.618061,-4.644514,58.21,38.6,301.8,10,0.7,1407,58,86.9,16.9,14.17,1.102,19.3,motor,
648600,1791191448600,56.618083,-4.644481,58.22,38.5,301.9,10,0.7,1408,58,86.9,16.9,14.17,1.102,19.3,motor,
648800,1791191448800,56.618106,-4.644449,58.23,38.5,301.9,10,0.7,1409,58,86.9,16.9,14.17,1.103,19.3,motor,
649000,1791191449000,56.618129,-4.644416,58.24,38.4,301.9,10,0.7,1411,58,86.9,16.9,14.17,1.103,19.4,motor,
649200,1791191449200,56.618152,-4.644383,58.25,38.3,302,10,0.7,1414,58,86.9,16.9,14.17,1.104,19.4,motor,
649400,1791191449400,56.618175,-4.64435,58.26,38.2,302,10,0.7,1416,58,86.9,16.9,14.17,1.105,19.4,motor,
649600,1791191449600,56.618197,-4.644318,58.27,38.2,302,10,0.7,1419,58,86.9,16.9,14.17,1.105,19.4,motor,
649800,1791191449800,56.61822,-4.644285,58.28,38.1,302,10,0.7,1420,58,86.9,16.9,14.17,1.106,19.4,motor,
650000,1791191450000,56.618243,-4.644252,58.29,38,302.1,10,0.7,1421,58,86.9,16.9,14.17,1.106,19.4,motor,
650200,1791191450200,56.618266,-4.64422,58.3,37.9,302.1,10,0.7,1421,58,86.9,16.9,14.17,1.106,19.4,motor,
650400,1791191450400,56.618289,-4.644187,58.32,37.9,302.1,10,0.7,1420,58,86.9,16.9,14.17,1.106,19.4,motor,
650600,1791191450600,56.618312,-4.644155,58.33,37.8,302.2,10,0.7,1418,58,86.9,16.9,14.17,1.106,19.4,motor,
650800,1791191450800,56.618335,-4.644122,58.34,37.7,302.2,10,0.7,1416,58,86.9,16.9,14.17,1.106,19.5,motor,
651000,1791191451000,56.618358,-4.64409,58.35,37.6,302.2,10,0.7,1414,58,87,16.9,14.17,1.106,19.5,motor,
651200,1791191451200,56.618381,-4.644058,58.36,37.5,302.3,10,0.7,1412,58,87,16.9,14.17,1.105,19.5,motor,
651400,1791191451400,56.618404,-4.644025,58.37,37.5,302.3,10,0.7,1411,58,87,16.9,14.17,1.105,19.5,motor,
651600,1791191451600,56.618427,-4.643993,58.39,37.4,302.3,10,0.7,1412,58,87,16.9,14.17,1.106,19.5,motor,
651800,1791191451800,56.618451,-4.643961,58.4,37.3,302.4,10,0.7,1413,58,87,16.9,14.17,1.106,19.5,motor,
652000,1791191452000,56.618474,-4.643929,58.41,37.2,302.4,10,0.7,1415,58,87,16.9,14.17,1.107,19.5,motor,
652200,1791191452200,56.618497,-4.643897,58.42,37.2,302.4,10,0.7,1418,58,87,16.9,14.17,1.107,19.5,motor,
652400,1791191452400,56.61852,-4.643865,58.44,37.1,302.4,10,0.7,1421,58,87,16.9,14.17,1.108,19.5,motor,
652600,1791191452600,56.618543,-4.643833,58.45,37,302.5,10,0.7,1423,58,87,16.9,14.17,1.108,19.6,motor,
652800,1791191452800,56.618567,-4.643801,58.46,36.9,302.5,10,0.7,1425,58,87,16.9,14.17,1.109,19.6,motor,
653000,1791191453000,56.61859,-4.643769,58.48,36.8,302.5,10,0.7,1426,58,87,16.9,14.17,1.109,19.6,motor,
653200,1791191453200,56.618613,-4.643737,58.49,36.8,302.6,10,0.7,1426,58,87,16.9,14.16,1.109,19.6,motor,
653400,1791191453400,56.618637,-4.643706,58.5,36.7,302.6,10,0.7,1425,59,87,16.9,14.16,1.109,19.6,motor,
653600,1791191453600,56.61866,-4.643674,58.52,36.6,302.6,10,0.7,1423,59,87,16.9,14.16,1.109,19.6,motor,
653800,1791191453800,56.618684,-4.643642,58.53,36.5,302.7,10,0.7,1421,59,87,16.9,14.16,1.109,19.6,motor,
654000,1791191454000,56.618707,-4.643611,58.55,36.4,302.7,10,0.7,1418,59,87,16.9,14.16,1.109,19.6,motor,
654200,1791191454200,56.618731,-4.643579,58.56,36.4,302.7,10,0.7,1417,59,87,16.9,14.16,1.108,19.6,motor,
654400,1791191454400,56.618754,-4.643548,58.57,36.3,302.8,10,0.7,1416,59,87,16.9,14.16,1.108,19.6,motor,
654600,1791191454600,56.618778,-4.643516,58.59,36.2,302.8,10,0.7,1417,59,87,16.9,14.16,1.109,19.6,motor,
654800,1791191454800,56.618801,-4.643485,58.6,36.1,302.8,10,0.7,1418,59,87,16.9,14.16,1.109,19.7,motor,
655000,1791191455000,56.618825,-4.643454,58.62,36,302.9,10,0.7,1420,59,87,16.9,14.16,1.11,19.7,motor,
655200,1791191455200,56.618849,-4.643422,58.63,35.9,302.9,10,0.7,1423,59,87,16.9,14.15,1.11,19.7,motor,
655400,1791191455400,56.618872,-4.643391,58.65,35.9,302.9,10,0.7,1426,59,87,16.9,14.15,1.111,19.7,motor,
655600,1791191455600,56.618896,-4.64336,58.66,35.8,303,10,0.7,1428,59,87,16.9,14.15,1.111,19.7,motor,
655800,1791191455800,56.61892,-4.643329,58.68,35.7,303,10,0.7,1430,59,87,16.9,14.15,1.112,19.7,motor,
656000,1791191456000,56.618944,-4.643298,58.69,35.6,303,10,0.7,1431,59,87,16.9,14.15,1.112,19.7,motor,
656200,1791191456200,56.618968,-4.643267,58.71,35.5,303.1,10,0.7,1431,59,87,16.9,14.15,1.112,19.7,motor,
656400,1791191456400,56.618991,-4.643236,58.72,35.4,303.1,10,0.7,1430,59,87,16.9,14.15,1.112,19.7,motor,
656600,1791191456600,56.619015,-4.643205,58.74,35.3,303.1,10,0.7,1428,59,87,16.9,14.14,1.112,19.7,motor,
656800,1791191456800,56.619039,-4.643174,58.75,35.3,303.2,10,0.7,1426,59,87,16.9,14.14,1.112,19.7,motor,
657000,1791191457000,56.619063,-4.643143,58.77,35.2,303.2,10,0.7,1424,59,87.1,16.9,14.14,1.111,19.7,motor,
657200,1791191457200,56.619087,-4.643113,58.78,35.1,303.2,10,0.7,1422,59,87.1,16.9,14.14,1.111,19.7,motor,
657400,1791191457400,56.619111,-4.643082,58.8,35,303.3,10,0.7,1422,59,87.1,16.9,14.14,1.111,19.7,motor,
657600,1791191457600,56.619135,-4.643052,58.81,34.9,303.3,10,0.7,1422,59,87.1,16.9,14.14,1.111,19.8,motor,
657800,1791191457800,56.619159,-4.643021,58.83,34.8,303.3,10,0.7,1424,59,87.1,16.9,14.14,1.112,19.8,motor,
658000,1791191458000,56.619183,-4.642991,58.84,34.7,303.4,10,0.7,1426,59,87.1,16.9,14.13,1.112,19.8,motor,
658200,1791191458200,56.619208,-4.64296,58.86,34.6,303.4,10,0.7,1429,59,87.1,16.9,14.13,1.113,19.8,motor,
658400,1791191458400,56.619232,-4.64293,58.87,34.6,303.4,10,0.7,1431,59,87.1,16.9,14.13,1.113,19.8,motor,
658600,1791191458600,56.619256,-4.6429,58.89,34.5,303.5,10,0.7,1434,59,87.1,16.9,14.13,1.114,19.8,motor,
658800,1791191458800,56.61928,-4.642869,58.91,34.4,303.5,10,0.7,1436,59,87.1,16.9,14.13,1.114,19.8,motor,
659000,1791191459000,56.619304,-4.642839,58.92,34.3,303.6,10,0.7,1437,59,87.1,16.9,14.13,1.114,19.8,motor,
659200,1791191459200,56.619329,-4.642809,58.94,34.2,303.6,10,0.7,1436,59,87.1,16.9,14.12,1.115,19.8,motor,
659400,1791191459400,56.619353,-4.642779,58.95,34.1,303.6,10,0.7,1435,59,87.1,16.9,14.12,1.114,19.8,motor,
659600,1791191459600,56.619377,-4.642749,58.97,34,303.7,10,0.7,1433,59,87.1,16.9,14.12,1.114,19.8,motor,
659800,1791191459800,56.619402,-4.642719,58.98,33.9,303.7,10,0.7,1431,59,87.1,16.9,14.12,1.114,19.8,motor,
660000,1791191460000,56.619426,-4.642689,59,33.8,303.7,10,0.7,1429,59,87.1,17,14.12,1.113,19.8,motor,
660200,1791191460200,56.619451,-4.642659,59.02,33.7,303.8,10,0.7,1428,59,87.1,17,14.12,1.113,19.8,motor,
660400,1791191460400,56.619475,-4.64263,59.03,33.7,303.8,10,0.7,1427,59,87.1,17,14.11,1.113,19.8,motor,
660600,1791191460600,56.6195,-4.6426,59.05,33.6,303.8,10,0.7,1428,59,87.1,17,14.11,1.113,19.8,motor,
660800,1791191460800,56.619524,-4.64257,59.06,33.5,303.9,10,0.7,1429,59,87.1,17,14.11,1.114,19.8,motor,
661000,1791191461000,56.619549,-4.642541,59.08,33.4,303.9,10,0.7,1432,59,87.1,17,14.11,1.114,19.8,motor,
661200,1791191461200,56.619574,-4.642511,59.09,33.3,303.9,10,0.7,1434,59,87.1,17,14.11,1.115,19.8,motor,
661400,1791191461400,56.619598,-4.642482,59.11,33.2,304,10,0.7,1437,59,87.1,17,14.11,1.115,19.8,motor,
661600,1791191461600,56.619623,-4.642453,59.13,33.1,304,10,0.7,1440,59,87.1,17,14.1,1.116,19.8,motor,
661800,1791191461800,56.619648,-4.642423,59.14,33,304.1,10,0.7,1442,59,87.1,17,14.1,1.116,19.8,motor,
662000,1791191462000,56.619672,-4.642394,59.16,32.9,304.1,10,0.7,1442,59,87.1,17,14.1,1.116,19.8,motor,
662200,1791191462200,56.619697,-4.642365,59.17,32.8,304.1,10,0.7,1442,59,87.1,17,14.1,1.116,19.8,motor,
662400,1791191462400,56.619722,-4.642336,59.19,32.7,304.2,10,0.7,1441,59,87.1,17,14.1,1.116,19.8,motor,
662600,1791191462600,56.619747,-4.642307,59.2,32.6,304.2,10,0.7,1439,59,87.1,17,14.1,1.116,19.8,motor,
662800,1791191462800,56.619772,-4.642278,59.22,32.5,304.2,10,0.7,1437,59,87.2,17,14.1,1.115,19.8,motor,
663000,1791191463000,56.619797,-4.642249,59.23,32.4,304.3,10,0.7,1435,59,87.2,17,14.09,1.115,19.8,motor,
663200,1791191463200,56.619822,-4.642221,59.25,32.3,304.3,10,0.7,1434,59,87.2,17,14.09,1.115,19.8,motor,
663400,1791191463400,56.619847,-4.642192,59.26,32.2,304.4,10,0.7,1433,59,87.2,17,14.09,1.114,19.8,motor,
663600,1791191463600,56.619872,-4.642163,59.28,32.1,304.4,10,0.7,1433,59,87.2,17,14.09,1.115,19.8,motor,
663800,1791191463800,56.619897,-4.642135,59.29,32,304.4,10,0.7,1435,59,87.2,17,14.09,1.115,19.8,motor,
664000,1791191464000,56.619922,-4.642106,59.31,31.9,304.5,10,0.7,1437,59,87.2,17,14.09,1.115,19.8,motor,
664200,1791191464200,56.619947,-4.642078,59.32,31.8,304.5,10,0.7,1440,59,87.2,17,14.09,1.116,19.8,motor,
664400,1791191464400,56.619972,-4.642049,59.34,31.7,304.5,10,0.7,1443,59,87.2,17,14.08,1.116,19.8,motor,
664600,1791191464600,56.619997,-4.642021,59.35,31.6,304.6,10,0.7,1445,59,87.2,17,14.08,1.117,19.8,motor,
664800,1791191464800,56.620023,-4.641993,59.37,31.5,304.6,10,0.7,1447,59,87.2,17,14.08,1.117,19.8,motor,
665000,1791191465000,56.620048,-4.641965,59.38,31.4,304.7,10,0.7,1448,59,87.2,17,14.08,1.117,19.8,motor,
665200,1791191465200,56.620073,-4.641937,59.4,31.3,304.7,10,0.7,1447,59,87.2,17,14.08,1.117,19.8,motor,
665400,1791191465400,56.620099,-4.641909,59.41,31.2,304.7,10,0.7,1446,59,87.2,17,14.08,1.117,19.8,motor,
665600,1791191465600,56.620124,-4.641881,59.43,31.1,304.8,10,0.7,1444,59,87.2,17,14.08,1.116,19.8,motor,
665800,1791191465800,56.620149,-4.641853,59.44,31,304.8,10,0.7,1442,59,87.2,17,14.08,1.116,19.8,motor,
666000,1791191466000,56.620175,-4.641825,59.45,30.9,304.9,10,0.7,1440,59,87.2,17,14.08,1.116,19.8,motor,
666200,1791191466200,56.6202,-4.641798,59.47,30.8,304.9,10,0.7,1439,59,87.2,17,14.08,1.115,19.8,motor,
666400,1791191466400,56.620226,-4.64177,59.48,30.7,304.9,10,0.7,1438,59,87.2,17,14.08,1.115,19.8,motor,
666600,1791191466600,56.620251,-4.641743,59.5,30.5,305,10,0.7,1439,59,87.2,17,14.07,1.115,19.8,motor,
666800,1791191466800,56.620277,-4.641715,59.51,30.4,305,10,0.7,1440,60,87.2,17,14.07,1.115,19.8,motor,
667000,1791191467000,56.620303,-4.641688,59.52,30.3,305.1,10,0.7,1443,60,87.2,17,14.07,1.116,19.8,motor,
667200,1791191467200,56.620328,-4.641661,59.54,30.2,305.1,10,0.7,1445,60,87.2,17,14.07,1.116,19.8,motor,
667400,1791191467400,56.620354,-4.641633,59.55,30.1,305.1,10,0.7,1448,60,87.2,17,14.07,1.117,19.8,motor,
667600,1791191467600,56.62038,-4.641606,59.56,30,305.2,10,0.7,1451,60,87.2,17,14.07,1.117,19.8,motor,
667800,1791191467800,56.620405,-4.641579,59.58,29.9,305.2,10,0.7,1452,60,87.2,17,14.07,1.117,19.8,motor,
668000,1791191468000,56.620431,-4.641552,59.59,29.8,305.2,10,0.7,1453,60,87.2,17,14.07,1.117,19.8,motor,
668200,1791191468200,56.620457,-4.641526,59.6,29.7,305.3,10,0.7,1452,60,87.2,17,14.07,1.117,19.8,motor,
668400,1791191468400,56.620483,-4.641499,59.61,29.5,305.3,10,0.7,1451,60,87.2,17,14.07,1.117,19.8,motor,
668600,1791191468600,56.620509,-4.641472,59.63,29.4,305.4,10,0.7,1449,60,87.3,17,14.07,1.116,19.8,motor,
668800,1791191468800,56.620535,-4.641446,59.64,29.3,305.4,10,0.7,1447,60,87.3,17,14.07,1.116,19.8,motor,
669000,1791191469000,56.620561,-4.641419,59.65,29.2,305.5,10,0.7,1445,60,87.3,17,14.07,1.115,19.8,motor,
669200,1791191469200,56.620587,-4.641393,59.66,29.1,305.5,10,0.7,1443,60,87.3,17,14.07,1.115,19.7,motor,
669400,1791191469400,56.620613,-4.641367,59.67,29,305.5,10,0.7,1443,60,87.3,17,14.07,1.115,19.7,motor,
669600,1791191469600,56.620639,-4.64134,59.68,28.9,305.6,10,0.7,1443,60,87.3,17,14.07,1.115,19.7,motor,
669800,1791191469800,56.620665,-4.641314,59.7,28.7,305.6,10,0.7,1445,60,87.3,17,14.07,1.115,19.7,motor,
670000,1791191470000,56.620691,-4.641288,59.71,28.6,305.7,10,0.7,1447,60,87.3,17,14.07,1.115,19.7,motor,
670200,1791191470200,56.620717,-4.641262,59.72,28.5,305.7,10,0.7,1450,60,87.3,17,14.07,1.116,19.7,motor,
670400,1791191470400,56.620743,-4.641236,59.73,28.4,305.7,10,0.7,1453,60,87.3,17,14.07,1.116,19.7,motor,
670600,1791191470600,56.620769,-4.641211,59.74,28.3,305.8,10,0.7,1455,60,87.3,17,14.07,1.117,19.7,motor,
670800,1791191470800,56.620796,-4.641185,59.75,28.1,305.8,10,0.7,1456,60,87.3,17,14.07,1.117,19.7,motor,
671000,1791191471000,56.620822,-4.641159,59.76,28,305.9,10,0.7,1457,60,87.3,17,14.07,1.117,19.7,motor,
671200,1791191471200,56.620848,-4.641134,59.77,27.9,305.9,10,0.7,1456,60,87.3,17,14.07,1.116,19.7,motor,
671400,1791191471400,56.620875,-4.641109,59.78,27.8,305.9,10,0.7,1455,60,87.3,17,14.07,1.116,19.7,motor,
671600,1791191471600,56.620901,-4.641083,59.79,27.7,306,10,0.7,1453,60,87.3,17,14.07,1.116,19.7,motor,
671800,1791191471800,56.620928,-4.641058,59.8,27.5,306,10,0.7,1451,60,87.3,17,14.07,1.115,19.7,motor,
672000,1791191472000,56.620954,-4.641033,59.81,27.4,306.1,10,0.7,1449,60,87.3,17,14.08,1.114,19.6,motor,
672200,1791191472200,56.620981,-4.641008,59.82,27.3,306.1,10,0.7,1447,60,87.3,17,14.08,1.114,19.6,motor,
672400,1791191472400,56.621007,-4.640983,59.83,27.2,306.1,10,0.7,1447,60,87.3,17,14.08,1.114,19.6,motor,
672600,1791191472600,56.621034,-4.640959,59.84,27,306.2,10,0.7,1447,60,87.3,17,14.08,1.114,19.6,motor,
672800,1791191472800,56.62106,-4.640934,59.84,26.9,306.2,10,0.7,1449,60,87.3,17,14.08,1.114,19.6,motor,
673000,1791191473000,56.621087,-4.640909,59.85,26.8,306.3,10,0.7,1451,60,87.3,17,14.08,1.114,19.6,motor,
673200,1791191473200,56.621114,-4.640885,59.86,26.6,306.3,10,0.7,1453,60,87.3,17,14.08,1.115,19.6,motor,
673400,1791191473400,56.62114,-4.640861,59.87,26.5,306.4,10,0.7,1456,60,87.3,17,14.08,1.115,19.6,motor,
673600,1791191473600,56.621167,-4.640836,59.88,26.4,306.4,10,0.7,1458,60,87.3,17,14.08,1.115,19.6,motor,
673800,1791191473800,56.621194,-4.640812,59.88,26.3,306.4,10,0.7,1460,60,87.3,17,14.08,1.115,19.6,motor,
674000,1791191474000,56.621221,-4.640788,59.89,26.1,306.5,10,0.7,1460,60,87.3,17,14.09,1.115,19.6,motor,
674200,1791191474200,56.621247,-4.640764,59.9,26,306.5,10,0.7,1459,60,87.3,17,14.09,1.115,19.5,motor,
674400,1791191474400,56.621274,-4.640741,59.9,25.9,306.6,10,0.7,1458,60,87.3,17,14.09,1.114,19.5,motor,
674600,1791191474600,56.621301,-4.640717,59.91,25.7,306.6,10,0.7,1456,60,87.3,17,14.09,1.114,19.5,motor,
674800,1791191474800,56.621328,-4.640693,59.92,25.6,306.7,10,0.7,1453,60,87.4,17,14.09,1.113,19.5,motor,
675000,1791191475000,56.621355,-4.64067,59.92,25.5,306.7,10,0.7,1451,60,87.4,17,14.09,1.113,19.5,motor,
675200,1791191475200,56.621382,-4.640647,59.93,25.3,306.7,10,0.7,1450,60,87.4,17,14.09,1.112,19.5,motor,
675400,1791191475400,56.621409,-4.640623,59.94,25.2,306.8,10,0.7,1449,60,87.4,17,14.09,1.112,19.5,motor,
675600,1791191475600,56.621436,-4.6406,59.94,25,306.8,10,0.7,1450,60,87.4,17,14.1,1.112,19.5,motor,
675800,1791191475800,56.621463,-4.640577,59.95,24.9,306.9,10,0.7,1451,60,87.4,17,14.1,1.112,19.5,motor,
676000,1791191476000,56.621491,-4.640554,59.95,24.8,306.9,10,0.7,1453,60,87.4,17,14.1,1.112,19.4,motor,
676200,1791191476200,56.621518,-4.640532,59.96,24.6,307,10,0.7,1456,60,87.4,17,14.1,1.112,19.4,motor,
676400,1791191476400,56.621545,-4.640509,59.96,24.5,307,10,0.7,1458,60,87.4,17,14.1,1.113,19.4,motor,
676600,1791191476600,56.621572,-4.640486,59.96,24.3,307,10,0.7,1460,60,87.4,17,14.1,1.113,19.4,motor,
676800,1791191476800,56.621599,-4.640464,59.97,24.2,307.1,10,0.7,1462,60,87.4,17,14.11,1.113,19.4,motor,
677000,1791191477000,56.621627,-4.640442,59.97,24.1,307.1,10,0.7,1462,60,87.4,17,14.11,1.113,19.4,motor,
677200,1791191477200,56.621654,-4.64042,59.98,23.9,307.2,10,0.7,1461,60,87.4,17,14.11,1.113,19.4,motor,
677400,1791191477400,56.621681,-4.640398,59.98,23.8,307.2,10,0.7,1460,60,87.4,17,14.11,1.112,19.4,motor,
677600,1791191477600,56.621709,-4.640376,59.98,23.6,307.3,10,0.7,1457,60,87.4,17,14.11,1.111,19.4,motor,
677800,1791191477800,56.621736,-4.640354,59.99,23.5,307.3,10,0.7,1455,60,87.4,17,14.11,1.111,19.3,motor,
678000,1791191478000,56.621764,-4.640332,59.99,23.3,307.3,10,0.7,1453,60,87.4,17,14.12,1.11,19.3,motor,
678200,1791191478200,56.621791,-4.640311,59.99,23.2,307.4,10,0.7,1451,60,87.4,17,14.12,1.11,19.3,motor,
678400,1791191478400,56.621819,-4.640289,59.99,23,307.4,10,0.7,1451,60,87.4,17,14.12,1.109,19.3,motor,
678600,1791191478600,56.621846,-4.640268,59.99,22.9,307.5,10,0.7,1451,60,87.4,17,14.12,1.109,19.3,motor,
678800,1791191478800,56.621874,-4.640247,60,22.7,307.5,10,0.7,1452,60,87.4,17,14.12,1.109,19.3,motor,
679000,1791191479000,56.621902,-4.640226,60,22.6,307.6,11,0.7,1454,60,87.4,17,14.12,1.11,19.3,motor,
679200,1791191479200,56.621929,-4.640205,60,22.4,307.6,11,0.7,1457,60,87.4,17,14.13,1.11,19.3,motor,
679400,1791191479400,56.621957,-4.640184,60,22.3,307.6,11,0.7,1459,60,87.4,17,14.13,1.11,19.2,motor,
679600,1791191479600,56.621985,-4.640164,60,22.1,307.7,11,0.7,1461,60,87.4,17,14.13,1.11,19.2,motor,
679800,1791191479800,56.622012,-4.640143,60,22,307.7,11,0.7,1463,60,87.4,17,14.13,1.11,19.2,motor,
680000,1791191480000,56.62204,-4.640123,60,21.8,307.8,11,0.7,1463,60,87.4,17,14.13,1.11,19.2,motor,
680200,1791191480200,56.622068,-4.640103,59.99,21.6,307.8,11,0.7,1461,60,87.4,17,14.13,1.11,19.2,motor,
680400,1791191480400,56.622096,-4.640083,59.94,21.5,307.9,11,0.7,1459,60,87.4,17,14.13,1.109,19.2,motor,
680600,1791191480600,56.622124,-4.640063,59.87,21.3,307.9,11,0.7,1455,60,87.4,17,14.14,1.108,19.2,motor,
680800,1791191480800,56.622151,-4.640043,59.76,21.2,308,11,0.7,1450,60,87.4,17,14.14,1.107,19.1,motor,
681000,1791191481000,56.622179,-4.640024,59.63,21,308,11,0.7,1444,60,87.4,17,14.14,1.106,19.1,motor,
681200,1791191481200,56.622207,-4.640004,59.47,20.8,308,11,0.7,1439,59,87.4,17,14.14,1.104,19.1,motor,
681400,1791191481400,56.622235,-4.639985,59.28,20.7,308.1,11,0.7,1433,59,87.4,17,14.14,1.103,19,motor,
681600,1791191481600,56.622262,-4.639966,59.06,20.5,308.1,11,0.7,1428,59,87.5,17,14.14,1.01,0,motor,
681800,1791191481800,56.62229,-4.639948,58.81,20.3,308.2,11,0.7,1424,59,87.5,17,14.15,1.01,0,motor,
682000,1791191482000,56.622317,-4.639929,58.53,20.2,308.2,11,0.7,1419,59,87.5,17,14.15,1.01,0,motor,
682200,1791191482200,56.622345,-4.639911,58.23,20,308.3,11,0.7,1414,58,87.5,17,14.15,1.01,0,motor,
682400,1791191482400,56.622372,-4.639893,57.89,19.9,308.3,11,0.7,1408,58,87.5,17.1,14.15,1.01,0,motor,
682600,1791191482600,56.622399,-4.639875,57.53,19.7,308.3,11,0.7,1402,58,87.5,17.1,14.15,1.01,0,motor,
682800,1791191482800,56.622426,-4.639858,57.14,19.5,308.4,11,0.7,1393,57,87.5,17.1,14.15,1.01,0,motor,
683000,1791191483000,56.622453,-4.63984,56.73,19.4,308.4,11,0.7,1383,57,87.5,17.1,14.15,1.01,0,motor,
683200,1791191483200,56.622479,-4.639823,56.29,19.2,308.5,11,0.7,1372,56,87.5,17.1,14.15,1.01,0,motor,
683400,1791191483400,56.622506,-4.639807,55.82,19,308.5,11,0.7,1359,56,87.5,17.1,14.16,1.01,0,motor,
683600,1791191483600,56.622532,-4.63979,55.33,18.9,308.6,11,0.7,1344,55,87.5,17.1,14.16,1.01,0,motor,
683800,1791191483800,56.622558,-4.639774,54.81,18.7,308.6,11,0.7,1329,55,87.5,17.1,14.16,1.01,0,motor,
684000,1791191484000,56.622584,-4.639758,54.27,18.6,308.6,11,0.7,1314,54,87.5,17.1,14.16,1.01,0,motor,
684200,1791191484200,56.622609,-4.639743,53.7,18.4,308.7,11,0.7,1299,54,87.5,17.1,14.16,1.01,0,motor,
684400,1791191484400,56.622635,-4.639727,53.12,18.2,308.7,11,0.7,1284,53,87.5,17.2,14.16,1.01,0,motor,
684600,1791191484600,56.62266,-4.639712,52.5,18.1,308.8,11,0.7,1269,53,87.5,17.2,14.16,1.01,0,motor,
684800,1791191484800,56.622684,-4.639698,51.87,17.9,308.8,11,0.7,1255,52,87.5,17.2,14.16,1.01,0,motor,
685000,1791191485000,56.622709,-4.639683,51.21,17.8,308.8,11,0.7,1241,51,87.5,17.2,14.16,1.01,0,motor,
685200,1791191485200,56.622733,-4.639669,50.54,17.6,308.9,11,0.7,1227,51,87.5,17.2,14.16,1.01,0,motor,
685400,1791191485400,56.622757,-4.639656,49.84,17.5,308.9,11,0.7,1213,50,87.5,17.2,14.17,1.01,0,motor,
685600,1791191485600,56.622781,-4.639642,49.12,17.3,308.9,11,0.7,1197,49,87.5,17.2,14.17,1.01,0,motor,
685800,1791191485800,56.622804,-4.639629,48.39,17.2,309,11,0.7,1181,48,87.5,17.3,14.17,1.01,0,motor,
686000,1791191486000,56.622827,-4.639616,47.63,17,309,11,0.7,1625,48,87.5,17.3,14.17,1.01,0,motor,
686200,1791191486200,56.622849,-4.639604,46.86,16.9,309,11,0.7,1598,47,87.5,17.3,14.17,1.01,0,motor,
686400,1791191486400,56.622871,-4.639591,46.07,16.7,309.1,11,0.7,1569,46,87.5,17.3,14.17,1.01,0,motor,
686600,1791191486600,56.622893,-4.63958,45.27,16.6,309.1,11,0.7,1540,45,87.5,17.3,14.17,1.01,0,motor,
686800,1791191486800,56.622915,-4.639568,44.45,16.4,309.1,11,0.7,1509,44,87.5,17.3,14.17,1.01,0,motor,
687000,1791191487000,56.622936,-4.639557,43.62,16.3,309.2,11,0.7,1479,44,87.5,17.4,14.17,1.01,0,motor,
687200,1791191487200,56.622956,-4.639546,42.77,16.1,309.2,11,0.7,1449,43,87.5,17.4,14.17,1.01,0,motor,
687400,1791191487400,56.622977,-4.639535,41.91,16,309.2,11,0.7,1419,42,87.5,17.4,14.17,1.01,0,motor,
687600,1791191487600,56.622997,-4.639525,41.04,15.9,309.3,11,0.7,1390,41,87.5,17.4,14.17,1.01,0,motor,
687800,1791191487800,56.623016,-4.639515,40.16,15.7,309.3,11,0.7,1361,40,87.5,17.4,14.17,1.01,0,motor,
688000,1791191488000,56.623035,-4.639505,39.27,15.6,309.3,11,0.7,1333,39,87.5,17.4,14.17,1.01,0,motor,
688200,1791191488200,56.623054,-4.639495,38.37,15.5,309.4,11,0.7,1305,38,87.5,17.5,14.17,1.01,0,motor,
688400,1791191488400,56.623072,-4.639486,37.46,15.4,309.4,11,0.7,1276,37,87.5,17.5,14.17,1.01,0,motor,
688600,1791191488600,56.62309,-4.639477,36.54,15.2,309.4,11,0.7,1247,37,87.5,17.5,14.17,1.01,0,motor,
688800,1791191488800,56.623107,-4.639469,35.62,15.1,309.4,11,0.7,1217,36,87.5,17.5,14.17,1.01,0,motor,
689000,1791191489000,56.623124,-4.63946,34.69,15,309.5,11,0.8,1185,35,87.5,17.5,14.17,1.01,0,motor,
689200,1791191489200,56.623141,-4.639452,33.76,14.9,309.5,11,0.8,1152,34,87.5,17.6,14.17,1.01,0,motor,
689400,1791191489400,56.623157,-4.639444,32.82,14.8,309.5,11,0.8,1119,33,87.5,17.6,14.17,1.01,0,motor,
689600,1791191489600,56.623172,-4.639437,31.88,14.7,309.5,11,0.8,1084,32,87.6,17.6,14.17,1.01,0,motor,
689800,1791191489800,56.623188,-4.63943,30.94,14.6,309.6,11,0.8,1050,31,87.6,17.6,14.17,1.01,0,motor,
690000,1791191490000,56.623202,-4.639423,30,14.5,309.6,11,0.8,1016,30,87.6,17.6,14.17,1.01,0,motor,
690200,1791191490200,56.623217,-4.639416,29.06,14.4,309.6,11,0.8,1497,29,87.6,17.7,14.17,1.01,0,motor,
690400,1791191490400,56.62323,-4.63941,28.12,14.3,309.6,11,0.8,1448,28,87.6,17.7,14.17,1.01,0,motor,
690600,1791191490600,56.623244,-4.639403,27.18,14.2,309.7,11,0.8,1400,27,87.6,17.7,14.17,1.01,0,motor,
690800,1791191490800,56.623257,-4.639398,26.24,14.1,309.7,11,0.8,1353,26,87.6,17.7,14.16,1.01,0,motor,
691000,1791191491000,56.623269,-4.639392,25.31,14,309.7,11,0.8,1307,25,87.6,17.7,14.16,1.01,0,motor,
691200,1791191491200,56.623281,-4.639386,24.38,13.9,309.7,11,0.8,1261,24,87.6,17.8,14.16,1.01,0,motor,
691400,1791191491400,56.623293,-4.639381,23.46,13.8,309.7,11,0.8,1216,23,87.6,17.8,14.16,1.01,0,motor,
691600,1791191491600,56.623304,-4.639376,22.54,13.7,309.7,11,0.8,1171,23,87.6,17.8,14.16,1.01,0,motor,
691800,1791191491800,56.623315,-4.639371,21.63,13.7,309.8,11,0.8,1125,22,87.6,17.8,14.16,1.01,0,motor,
692000,1791191492000,56.623325,-4.639367,20.73,13.6,309.8,11,0.8,1078,21,87.6,17.8,14.16,1.01,0,motor,
692200,1791191492200,56.623335,-4.639363,19.84,13.5,309.8,11,0.8,1031,20,87.6,17.8,14.16,1.01,0,motor,
692400,1791191492400,56.623344,-4.639358,18.96,13.5,309.8,11,0.8,983,19,87.6,17.9,14.16,1.01,0,motor,
692600,1791191492600,56.623353,-4.639355,18.09,13.4,309.8,11,0.8,936,18,87.6,17.9,14.16,1.01,0,motor,
692800,1791191492800,56.623362,-4.639351,17.23,13.3,309.8,11,0.8,889,17,87.6,17.9,14,1.01,0,motor,
693000,1791191493000,56.62337,-4.639347,16.38,13.3,309.9,11,0.8,843,16,87.6,17.9,14,1.01,0,motor,
693200,1791191493200,56.623378,-4.639344,15.55,13.2,309.9,11,0.8,1387,16,87.6,17.9,14.15,1.01,0,motor,
693400,1791191493400,56.623385,-4.639341,14.73,13.2,309.9,11,0.8,1314,15,87.6,18,14.15,1.01,0,motor,
693600,1791191493600,56.623392,-4.639338,13.93,13.1,309.9,11,0.8,1242,14,87.6,18,14.15,1.01,0,motor,
693800,1791191493800,56.623399,-4.639335,13.14,13.1,309.9,11,0.8,1173,13,87.6,18,14.15,1.01,0,motor,
694000,1791191494000,56.623405,-4.639332,12.37,13,309.9,11,0.8,1106,12,87.6,18,14.15,1.01,0,motor,
694200,1791191494200,56.623411,-4.63933,11.61,13,309.9,11,0.8,1041,12,87.6,18,14.15,1.01,0,motor,
694400,1791191494400,56.623416,-4.639328,10.88,12.9,309.9,11,0.8,978,11,87.6,18,14.14,1.01,0,motor,
694600,1791191494600,56.623421,-4.639326,10.16,12.9,309.9,11,0.8,915,10,87.6,18.1,14.14,1.01,0,motor,
694800,1791191494800,56.623426,-4.639324,9.46,12.9,309.9,11,0.8,854,9,87.6,18.1,13.99,1.01,0,motor,
695000,1791191495000,56.62343,-4.639322,8.79,12.8,309.9,11,0.8,793,9,87.6,18.1,13.99,1.01,0,motor,
695200,1791191495200,56.623434,-4.63932,8.13,12.8,310,11,0.8,765,8,87.6,18.1,13.99,1.01,0,motor,
695400,1791191495400,56.623438,-4.639318,7.5,12.8,310,11,0.8,1175,7,87.6,18.1,14.14,1.01,0,motor,
695600,1791191495600,56.623442,-4.639317,6.88,12.7,310,11,0.8,1139,7,87.6,18.1,14.14,1.01,0,motor,
695800,1791191495800,56.623445,-4.639316,6.3,12.7,310,11,0.8,1104,6,87.6,18.1,14.13,1.01,0,motor,
696000,1791191496000,56.623448,-4.639314,5.73,12.7,310,11,0.8,1071,6,87.6,18.1,14.13,1.01,0,motor,
696200,1791191496200,56.623451,-4.639313,5.19,12.7,310,11,0.8,1040,5,87.6,18.2,14.13,1.01,0,motor,
696400,1791191496400,56.623453,-4.639312,4.67,12.7,310,11,0.8,1011,5,87.6,18.2,14.13,1.01,0,motor,
696600,1791191496600,56.623455,-4.639311,4.18,12.6,310,11,0.8,984,4,87.6,18.2,14.13,1.01,0,motor,
696800,1791191496800,56.623457,-4.639311,3.71,12.6,310,11,0.8,960,4,87.6,18.2,14.13,1.01,0,motor,
697000,1791191497000,56.623459,-4.63931,3.27,12.6,310,11,0.8,938,3,87.6,18.2,14.12,1.01,0,motor,
697200,1791191497200,56.62346,-4.639309,2.86,12.6,310,11,0.8,918,3,87.6,18.2,14.12,1.01,0,motor,
697400,1791191497400,56.623461,-4.639309,2.47,12.6,310,11,0.8,899,2,87.6,18.2,13.97,1.01,0,motor,
697600,1791191497600,56.623463,-4.639308,2.11,12.6,310,11,0.8,881,2,87.6,18.2,13.97,1.01,0,motor,
697800,1791191497800,56.623464,-4.639308,1.77,12.6,310,11,0.8,863,2,87.6,18.2,13.97,1.01,0,motor,
698000,1791191498000,56.623464,-4.639308,1.47,12.6,310,11,0.8,847,1,87.6,18.2,13.97,1.01,0,motor,
698200,1791191498200,56.623465,-4.639307,1.19,12.6,310,11,0.8,830,1,87.6,18.2,13.96,1.01,0,motor,
698400,1791191498400,56.623465,-4.639307,0.94,12.6,310,11,0.8,815,1,87.6,18.2,13.96,1.01,0,motor,
698600,1791191498600,56.623466,-4.639307,0.72,12.6,310,11,0.8,800,1,87.6,18.3,13.96,1.01,6.2,motor,
698800,1791191498800,56.623466,-4.639307,0.53,12.6,310,11,0.8,787,1,87.6,18.3,13.96,1.01,6.1,motor,
699000,1791191499000,56.623466,-4.639307,0.37,12.6,310,11,0.8,776,0,87.6,18.3,13.96,1.01,6.1,motor,
699200,1791191499200,56.623467,-4.639307,0.24,12.6,310,11,0.8,767,0,87.6,18.3,13.96,1.01,6.1,motor,
699400,1791191499400,56.623467,-4.639307,0.13,12.6,310,11,0.8,761,0,87.6,18.3,13.95,1.01,6,motor,
699600,1791191499600,56.623467,-4.639307,0.06,12.6,310,11,0.8,758,0,87.6,18.3,13.95,1.01,6,motor,
699800,1791191499800,56.623467,-4.639307,0.01,12.6,310,11,0.8,757,0,87.6,18.3,13.95,1.01,6,motor,
700000,1791191500000,56.623467,-4.639307,0,12.6,310,11,0.8,758,0,87.6,18.3,13.95,1.01,6,motor,
700200,1791191500200,56.623467,-4.639307,0,12.6,310,11,0.8,761,0,87.6,18.3,13.95,1.01,6,motor,
700400,1791191500400,56.623467,-4.639307,0,12.6,310,11,0.8,763,0,87.7,18.3,13.95,1.01,6,motor,
700600,1791191500600,56.623467,-4.639307,0,12.6,310,11,0.8,765,0,87.7,18.3,13.94,1.01,6,motor,
700800,1791191500800,56.623467,-4.639307,0,12.6,310,11,0.8,766,0,87.7,18.3,13.94,1.01,6,motor,
701000,1791191501000,56.623467,-4.639307,0,12.6,310,11,0.8,766,0,87.7,18.3,13.94,1.01,6,motor,
701200,1791191501200,56.623467,-4.639307,0,12.6,310,11,0.8,765,0,87.7,18.3,13.94,1.01,6,motor,
701400,1791191501400,56.623467,-4.639307,0,12.6,310,11,0.8,763,0,87.7,18.3,13.94,1.01,6,motor,
701600,1791191501600,56.623467,-4.639307,0,12.6,310,11,0.8,760,0,87.7,18.3,13.94,1.01,6,motor,
701800,1791191501800,56.623467,-4.639307,0,12.6,310,11,0.8,758,0,87.7,18.3,13.94,1.01,6,motor,
702000,1791191502000,56.623467,-4.639307,0,12.6,310,11,0.8,756,0,87.7,18.3,13.94,1.01,6,motor,
702200,1791191502200,56.623467,-4.639307,0,12.6,310,11,0.8,754,0,87.7,18.3,13.93,1.01,6,motor,
702400,1791191502400,56.623467,-4.639307,0,12.6,310,11,0.8,754,0,87.7,18.3,13.93,1.01,6,motor,
702600,1791191502600,56.623467,-4.639307,0,12.6,310,11,0.8,755,0,87.7,18.3,13.93,1.01,6,motor,
702800,1791191502800,56.623467,-4.639307,0,12.6,310,11,0.8,756,0,87.7,18.3,13.93,1.01,6,motor,
703000,1791191503000,56.623467,-4.639307,0,12.6,310,11,0.8,759,0,87.7,18.3,13.93,1.01,6,motor,
703200,1791191503200,56.623467,-4.639307,0,12.6,310,11,0.8,761,0,87.7,18.3,13.93,1.01,6,motor,
703400,1791191503400,56.623467,-4.639307,0,12.6,310,11,0.8,763,0,87.7,18.3,13.93,1.01,6,motor,
703600,1791191503600,56.623467,-4.639307,0,12.6,310,11,0.8,765,0,87.7,18.3,13.93,1.01,6,motor,
703800,1791191503800,56.623467,-4.639307,0,12.6,310,11,0.8,766,0,87.7,18.3,13.93,1.01,6,motor,
704000,1791191504000,56.623467,-4.639307,0,12.6,310,11,0.8,766,0,87.7,18.3,13.93,1.01,6,motor,
704200,1791191504200,56.623467,-4.639307,0,12.6,310,11,0.8,765,0,87.7,18.3,13.92,1.01,6,motor,
704400,1791191504400,56.623467,-4.639307,0,12.6,310,11,0.8,763,0,87.7,18.3,13.92,1.01,6,motor,
704600,1791191504600,56.623467,-4.639307,0,12.6,310,11,0.8,760,0,87.7,18.3,13.92,1.01,6,motor,
704800,1791191504800,56.623467,-4.639307,0,12.6,310,11,0.8,758,0,87.7,18.3,13.92,1.01,6,motor,
705000,1791191505000,56.623467,-4.639307,0,12.6,310,11,0.8,756,0,87.7,18.3,13.92,1.01,6,motor,
705200,1791191505200,56.623467,-4.639307,0,12.6,310,11,0.8,754,0,87.7,18.3,13.92,1.01,6,motor,
705400,1791191505400,56.623467,-4.639307,0,12.6,310,11,0.8,754,0,87.7,18.3,13.92,1.01,6,motor,
705600,1791191505600,56.623467,-4.639307,0,12.6,310,11,0.8,755,0,87.7,18.3,13.92,1.01,6,motor,
705800,1791191505800,56.623467,-4.639307,0,12.6,310,11,0.8,756,0,87.7,18.3,13.92,1.01,6,motor,
706000,1791191506000,56.623467,-4.639307,0,12.6,310,11,0.8,759,0,87.7,18.3,13.92,1.01,6,motor,
706200,1791191506200,56.623467,-4.639307,0,12.6,310,11,0.8,761,0,87.7,18.3,13.92,1.01,6,motor,
706400,1791191506400,56.623467,-4.639307,0,12.6,310,11,0.8,763,0,87.7,18.3,13.92,1.01,6,motor,
706600,1791191506600,56.623467,-4.639307,0,12.6,310,11,0.8,765,0,87.7,18.3,13.92,1.01,6,motor,
706800,1791191506800,56.623467,-4.639307,0,12.6,310,11,0.8,766,0,87.7,18.3,13.92,1.01,6,motor,
707000,1791191507000,56.623467,-4.639307,0,12.6,310,11,0.8,766,0,87.7,18.3,13.92,1.01,6,motor,
707200,1791191507200,56.623467,-4.639307,0,12.6,310,11,0.8,765,0,87.7,18.3,13.92,1.01,6,motor,
707400,1791191507400,56.623467,-4.639307,0,12.6,310,11,0.8,763,0,87.7,18.3,13.92,1.01,6,motor,
707600,1791191507600,56.623467,-4.639307,0,12.6,310,11,0.8,760,0,87.7,18.3,13.92,1.01,6,motor,
707800,1791191507800,56.623467,-4.639307,0,12.6,310,11,0.8,758,0,87.7,18.3,13.92,1.01,6,motor,
708000,1791191508000,56.623467,-4.639307,0,12.6,310,11,0.8,756,0,87.7,18.3,13.92,1.01,6,motor,
708200,1791191508200,56.623467,-4.639307,0,12.6,310,11,0.8,754,0,87.7,18.3,13.92,1.01,6,motor,
708400,1791191508400,56.623467,-4.639307,0,12.6,310,11,0.8,754,0,87.7,18.3,13.92,1.01,6,motor,
708600,1791191508600,56.623467,-4.639307,0,12.6,310,11,0.8,755,0,87.7,18.3,13.92,1.01,6,motor,
708800,1791191508800,56.623467,-4.639307,0,12.6,310,11,0.8,756,0,87.7,18.3,13.92,1.01,6,motor,
709000,1791191509000,56.623467,-4.639307,0,12.6,310,11,0.8,759,0,87.7,18.3,13.92,1.01,6,motor,
709200,1791191509200,56.623467,-4.639307,0,12.6,310,11,0.8,761,0,87.7,18.3,13.92,1.01,6,motor,
709400,1791191509400,56.623467,-4.639307,0,12.6,310,11,0.8,764,0,87.7,18.3,13.92,1.01,6,motor,
709600,1791191509600,56.623467,-4.639307,0,12.6,310,11,0.8,765,0,87.7,18.3,13.93,1.01,6,motor,
709800,1791191509800,56.623467,-4.639307,0,12.6,310,11,0.8,766,0,87.7,18.3,13.93,1.01,6,motor,
710000,1791191510000,56.623467,-4.639307,0,12.6,310,11,0.8,766,0,87.7,18.3,13.93,1.01,6,motor,
710200,1791191510200,56.623467,-4.639307,0,12.6,310,11,0.8,764,0,87.7,18.3,13.93,1.01,6,motor,
710400,1791191510400,56.623467,-4.639307,0,12.6,310,11,0.8,762,0,87.7,18.3,13.93,1.01,6,motor,
710600,1791191510600,56.623467,-4.639307,0,12.6,310,11,0.8,760,0,87.7,18.3,13.93,1.01,6,motor,
710800,1791191510800,56.623467,-4.639307,0,12.6,310,11,0.8,758,0,87.7,18.3,13.93,1.01,6,motor,
711000,1791191511000,56.623467,-4.639307,0,12.6,310,11,0.8,756,0,87.7,18.3,13.93,1.01,6,motor,
711200,1791191511200,56.623467,-4.639307,0,12.6,310,11,0.8,754,0,87.7,18.3,13.93,1.01,6,motor,
711400,1791191511400,56.623467,-4.639307,0,12.6,310,11,0.8,754,0,87.7,18.3,13.93,1.01,6,motor,
711600,1791191511600,56.623467,-4.639307,0,12.6,310,11,0.8,755,0,87.7,18.3,13.93,1.01,6,motor,
711800,1791191511800,56.623467,-4.639307,0,12.6,310,11,0.8,757,0,87.7,18.3,13.94,1.01,6,motor,
712000,1791191512000,56.623467,-4.639307,0,12.6,310,11,0.8,759,0,87.7,18.3,13.94,1.01,6,motor,
712200,1791191512200,56.623467,-4.639307,0,12.6,310,11,0.8,761,0,87.7,18.3,13.94,1.01,6,motor,
712400,1791191512400,56.623467,-4.639307,0,12.6,310,11,0.8,764,0,87.7,18.3,13.94,1.01,6,motor,
712600,1791191512600,56.623467,-4.639307,0,12.6,310,11,0.8,765,0,87.7,18.3,13.94,1.01,6,motor,
712800,1791191512800,56.623467,-4.639307,0,12.6,310,11,0.8,766,0,87.7,18.3,13.94,1.01,6,motor,
713000,1791191513000,56.623467,-4.639307,0,12.6,310,11,0.8,766,0,87.7,18.3,13.94,1.01,6,motor,
713200,1791191513200,56.623467,-4.639307,0,12.6,310,11,0.8,764,0,87.7,18.3,13.95,1.01,6,motor,
713400,1791191513400,56.623467,-4.639307,0,12.6,310,11,0.8,762,0,87.7,18.3,13.95,1.01,6,motor,
713600,1791191513600,56.623467,-4.639307,0,12.6,310,11,0.8,760,0,87.7,18.3,13.95,1.01,6,motor,
713800,1791191513800,56.623467,-4.639307,0,12.6,310,11,0.8,757,0,87.7,18.3,13.95,1.01,6,motor,
714000,1791191514000,56.623467,-4.639307,0,12.6,310,11,0.8,755,0,87.7,18.3,13.95,1.01,6,motor,
714200,1791191514200,56.623467,-4.639307,0,12.6,310,11,0.8,754,0,87.7,18.3,13.95,1.01,6,motor,
714400,1791191514400,56.623467,-4.639307,0,12.6,310,11,0.8,754,0,87.7,18.3,13.95,1.01,6,motor,
714600,1791191514600,56.623467,-4.639307,0,12.6,310,11,0.8,755,0,87.7,18.3,13.96,1.01,6,motor,
714800,1791191514800,56.623467,-4.639307,0,12.6,310,11,0.8,757,0,87.7,18.3,13.96,1.01,6,motor,
715000,1791191515000,56.623467,-4.639307,0,12.6,310,11,0.8,759,0,87.7,18.3,13.96,1.01,6,motor,
715200,1791191515200,56.623467,-4.639307,0,12.6,310,11,0.8,761,0,87.7,18.3,13.96,1.01,6,motor,
715400,1791191515400,56.623467,-4.639307,0,12.6,310,11,0.8,764,0,87.7,18.3,13.96,1.01,6,motor,
715600,1791191515600,56.623467,-4.639307,0,12.6,310,11,0.8,765,0,87.7,18.3,13.96,1.01,6,motor,
715800,1791191515800,56.623467,-4.639307,0,12.6,310,11,0.8,766,0,87.7,18.3,13.97,1.01,6,motor,
716000,1791191516000,56.623467,-4.639307,0,12.6,310,11,0.8,766,0,87.7,18.3,13.97,1.01,6,motor,
716200,1791191516200,56.623467,-4.639307,0,12.6,310,11,0.8,764,0,87.7,18.3,13.97,1.01,6,motor,
716400,1791191516400,56.623467,-4.639307,0,12.6,310,11,0.8,762,0,87.7,18.3,13.97,1.01,6,motor,
716600,1791191516600,56.623467,-4.639307,0,12.6,310,11,0.8,760,0,87.7,18.3,13.97,1.01,6,motor,
716800,1791191516800,56.623467,-4.639307,0,12.6,310,11,0.8,757,0,87.7,18.3,13.97,1.01,6,motor,
717000,1791191517000,56.623467,-4.639307,0,12.6,310,11,0.8,755,0,87.7,18.3,13.98,1.01,6,motor,
717200,1791191517200,56.623467,-4.639307,0,12.6,310,11,0.8,754,0,87.7,18.3,13.98,1.01,6,motor,
717400,1791191517400,56.623467,-4.639307,0,12.6,310,11,0.8,754,0,87.7,18.3,13.98,1.01,6,motor,
717600,1791191517600,56.623467,-4.639307,0,12.6,310,11,0.8,755,0,87.7,18.3,13.98,1.01,6,motor,
717800,1791191517800,56.623467,-4.639307,0,12.6,310,11,0.8,757,0,87.7,18.3,13.98,1.01,6,motor,
718000,1791191518000,56.623467,-4.639307,0,12.6,310,11,0.8,759,0,87.7,18.3,13.98,1.01,6,motor,
718200,1791191518200,56.623467,-4.639307,0,12.6,310,11,0.8,762,0,87.7,18.3,13.99,1.01,6,motor,
718400,1791191518400,56.623467,-4.639307,0,12.6,310,11,0.8,764,0,87.7,18.3,13.99,1.01,6,motor,
718600,1791191518600,56.623467,-4.639307,0,12.6,310,11,0.8,765,0,87.7,18.3,13.99,1.01,6,motor,
718800,1791191518800,56.623467,-4.639307,0,12.6,310,11,0.8,766,0,87.7,18.3,13.99,1.01,6,motor,
719000,1791191519000,56.623467,-4.639307,0,12.6,310,11,0.8,766,0,87.7,18.3,13.99,1.01,6,motor,
719200,1791191519200,56.623467,-4.639307,0,12.6,310,11,0.8,764,0,87.7,18.3,13.99,1.01,6,motor,
719400,1791191519400,56.623467,-4.639307,0,12.6,310,11,0.8,762,0,87.7,18.3,13.99,1.01,6,motor,
719600,1791191519600,56.623467,-4.639307,0,12.6,310,11,0.8,760,0,87.7,18.3,14,1.01,6,motor,
719800,1791191519800,56.623467,-4.639307,0,12.6,310,11,0.8,757,0,87.7,18.3,14,1.01,6,motor,
