"Interval"|"ms"|10,"Utc"|"ms"|10,"GPS_Latitude"|"deg"|10,"GPS_Longitude"|"deg"|10,"GPS_Speed"|"km/h"|10,"GPS_Heading"|"deg"|10,"GPS_Altitude"|"m"|10,"GPS_Nsat"|""|10,"GPS_HDOP"|""|10,"GPS_LonAcc"|"g"|10,"GPS_LatAcc"|"g"|10,"height_left"|""|2,"height_right"|""|2,"battery"|"V"|2,"wheel_speed_fl"|""|2,"wheel_speed_fr"|""|2,"wheel_speed_rl"|""|2,"wheel_speed_rr"|""|2,"module"|""|2,"faults"|""|2
0,1791127800000,50.627443,-3.961492,0,360,570.2,9,0.8,,,146,155,13.9,0,0,0,0,slabs,
500,1791127800500,50.627443,-3.961492,0,360,570.2,9,0.8,0,0,,,,,,,,slabs,
1000,1791127801000,50.627443,-3.961492,0,360,570.2,9,0.8,0,0,146,155,13.91,0,0,0,0,slabs,
1500,1791127801500,50.627443,-3.961492,0,360,570.2,9,0.8,0,0,,,,,,,,slabs,
2000,1791127802000,50.627443,-3.961492,0,360,570.2,9,0.8,0,0,146,155,13.91,0,0,0,0,slabs,
2500,1791127802500,50.627443,-3.961492,0,360,570.2,9,0.8,0,0,,,,,,,,slabs,
3000,1791127803000,50.627443,-3.961492,0,360,570.2,9,0.8,0,0,146,155,13.92,0,0,0,0,slabs,
3500,1791127803500,50.627443,-3.961492,0,360,570.2,9,0.8,0,0,,,,,,,,slabs,
4000,1791127804000,50.627443,-3.961492,0,360,570.2,9,0.8,0,0,146,155,13.92,0,0,0,0,slabs,
4500,1791127804500,50.627443,-3.961492,0,360,570.2,9,0.8,0,0,,,,,,,,slabs,
5000,1791127805000,50.627443,-3.961492,0,360,570.2,9,0.8,0,0,146,155,13.93,0,0,0,0,slabs,
5500,1791127805500,50.627443,-3.961492,0,360,570.2,9,0.8,0,0,,,,,,,,slabs,
6000,1791127806000,50.627443,-3.961492,0,360,570.2,9,0.8,0,0,146,155,13.93,0,0,0,0,slabs,
6500,1791127806500,50.627443,-3.961492,0,360,570.2,9,0.8,0,0,,,,,,,,slabs,
7000,1791127807000,50.627443,-3.961492,0,360,570.2,9,0.8,0,0,146,155,13.94,0,0,0,0,slabs,
7500,1791127807500,50.627443,-3.961492,0,360,570.2,9,0.8,0,0,,,,,,,,slabs,
8000,1791127808000,50.627443,-3.961492,0,360,570.2,9,0.8,0,0,146,155,13.94,0,0,0,0,slabs,
8500,1791127808500,50.627443,-3.961492,0,360,570.2,9,0.8,0,0,,,,,,,,slabs,
9000,1791127809000,50.627443,-3.961492,0,360,570.2,9,0.8,0,0,146,155,13.95,0,0,0,0,slabs,
9500,1791127809500,50.627443,-3.961492,0,360,570.2,9,0.8,0,0,,,,,,,,slabs,
10000,1791127810000,50.627443,-3.961492,0,360,570.2,9,0.8,0,0,146,155,13.95,0,0,0,0,slabs,
10500,1791127810500,50.627443,-3.961492,0,360,570.2,9,0.8,0,0,,,,,,,,slabs,
11000,1791127811000,50.627443,-3.961492,0,360,570.2,9,0.8,0,0,146,155,13.95,0,0,0,0,slabs,
11500,1791127811500,50.627443,-3.961492,0,360,570.2,9,0.8,0,0,,,,,,,,slabs,
12000,1791127812000,50.627443,-3.961492,0,360,570.2,9,0.8,0,0,146,155,13.95,0,0,0,0,slabs,
12500,1791127812500,50.627443,-3.961492,0,360,570.2,9,0.8,0,0,,,,,,,,slabs,
13000,1791127813000,50.627443,-3.961492,0,360,570.2,9,0.8,0,0,146,155,13.95,0,0,0,0,slabs,
13500,1791127813500,50.627443,-3.961492,0,360,570.2,9,0.8,0,0,,,,,,,,slabs,
14000,1791127814000,50.627443,-3.961492,0,360,570.2,9,0.8,0,0,146,155,13.95,0,0,0,0,slabs,
14500,1791127814500,50.627443,-3.961492,0,360,570.2,9,0.8,0,0,,,,,,,,slabs,
15000,1791127815000,50.627443,-3.961492,0,360,570.2,9,0.8,0,0,146,155,13.95,0,0,0,0,slabs,
15500,1791127815500,50.627443,-3.961492,0,360,570.2,9,0.8,0,0,,,,,,,,slabs,
16000,1791127816000,50.627443,-3.961492,0,360,570.2,9,0.8,0,0,146,155,13.95,0,0,0,0,slabs,
16500,1791127816500,50.627443,-3.961492,0,360,570.2,9,0.8,0,0,,,,,,,,slabs,
17000,1791127817000,50.627443,-3.961492,0,360,570.2,9,0.8,0,0,146,155,13.94,0,0,0,0,slabs,
17500,1791127817500,50.627443,-3.961492,0,360,570.2,9,0.8,0,0,,,,,,,,slabs,
18000,1791127818000,50.627443,-3.961492,0,360,570.2,9,0.8,0,0,146,155,13.94,0,0,0,0,slabs,
18500,1791127818500,50.627443,-3.961492,0,360,570.2,9,0.8,0,0,,,,,,,,slabs,
19000,1791127819000,50.627443,-3.961492,0,360,570.2,9,0.8,0,0,146,155,13.93,0,0,0,0,slabs,
19500,1791127819500,50.627443,-3.961492,0,360,570.2,9,0.8,0,0,,,,,,,,slabs,
20000,1791127820000,50.627443,-3.961492,0,360,570.2,9,0.8,0,0,146,155,13.93,0,0,0,0,slabs,
20500,1791127820500,50.627443,-3.961492,0,360,570.2,9,0.8,0,0,,,,,,,,slabs,
21000,1791127821000,50.627443,-3.961492,0,360,570.2,9,0.8,0,0,146,155,13.92,0,0,0,0,slabs,
21500,1791127821500,50.627443,-3.961492,0,360,570.2,9,0.8,0,0,,,,,,,,slabs,
22000,1791127822000,50.627443,-3.961492,0,360,570.2,9,0.8,0,0,146,155,13.92,0,0,0,0,slabs,
22500,1791127822500,50.627443,-3.961492,0,360,570.2,9,0.8,0,0,,,,,,,,slabs,
23000,1791127823000,50.627443,-3.961492,0,360,570.2,9,0.8,0,0,146,155,13.91,0,0,0,0,slabs,
23500,1791127823500,50.627443,-3.961492,0,360,570.2,9,0.8,0,0,,,,,,,,slabs,
24000,1791127824000,50.627443,-3.961492,0,360,570.2,9,0.8,0,0,146,155,13.91,0,0,0,0,slabs,
24500,1791127824500,50.627443,-3.961492,0,360,570.2,9,0.8,0,0,,,,,,,,slabs,
25000,1791127825000,50.627443,-3.961492,0,360,570.2,9,0.8,0,0,146,155,13.65,0,0,0,0,slabs,
25500,1791127825500,50.627443,-3.961492,0,360,570.2,9,0.8,0,0,,,,,,,,slabs,
26000,1791127826000,50.627443,-3.961492,0,360,570.2,9,0.8,0,0,149,155,13.64,0,0,0,0,slabs,
26500,1791127826500,50.627443,-3.961492,0,360,570.2,9,0.8,0,0,,,,,,,,slabs,
27000,1791127827000,50.627443,-3.961492,0,360,570.2,9,0.8,0,0,155,155,13.64,0,0,0,0,slabs,
27500,1791127827500,50.627443,-3.961492,0,360,570.2,9,0.8,0,0,,,,,,,,slabs,
28000,1791127828000,50.627443,-3.961492,0,360,570.2,9,0.8,0,0,158,155,13.63,0,0,0,0,slabs,
28500,1791127828500,50.627443,-3.961492,0,360,570.2,9,0.8,0,0,,,,,,,,slabs,
29000,1791127829000,50.627443,-3.961492,0,360,570.2,9,0.8,0,0,158,155,13.63,0,0,0,0,slabs,
29500,1791127829500,50.627443,-3.961492,0,360,570.2,9,0.8,0,0,,,,,,,,slabs,
30000,1791127830000,50.627443,-3.961492,0,360,570.2,9,0.8,0,0,158,155,13.62,0,0,0,0,slabs,
30500,1791127830500,50.627443,-3.961492,0,360,570.2,9,0.8,0,0,,,,,,,,slabs,
31000,1791127831000,50.627443,-3.961492,0,360,570.2,9,0.8,0,0,158,155,13.62,0,0,0,0,slabs,
31500,1791127831500,50.627443,-3.961492,0,360,570.2,9,0.8,0,0,,,,,,,,slabs,
32000,1791127832000,50.627443,-3.961492,0,360,570.2,9,0.8,0,0,158,155,13.61,0,0,0,0,slabs,
32500,1791127832500,50.627443,-3.961492,0,360,570.2,9,0.8,0,0,,,,,,,,slabs,
33000,1791127833000,50.627443,-3.961492,0,360,570.2,9,0.8,0,0,158,155,13.61,0,0,0,0,slabs,
33500,1791127833500,50.627443,-3.961492,0,360,570.2,9,0.8,0,0,,,,,,,,slabs,
34000,1791127834000,50.627443,-3.961492,0,360,570.2,9,0.8,0,0,158,155,13.61,0,0,0,0,slabs,
34500,1791127834500,50.627443,-3.961492,0,360,570.2,9,0.8,0,0,,,,,,,,slabs,
35000,1791127835000,50.627443,-3.961492,0,360,570.2,9,0.8,0,0,158,155,13.6,0,0,0,0,slabs,
35500,1791127835500,50.627443,-3.961492,0,360,570.2,9,0.8,0,0,,,,,,,,slabs,
36000,1791127836000,50.627443,-3.961492,0,360,570.2,9,0.8,0,0,158,155,13.6,0,0,0,0,slabs,
36500,1791127836500,50.627443,-3.961492,0,360,570.2,9,0.8,0,0,,,,,,,,slabs,
37000,1791127837000,50.627443,-3.961492,0,360,570.2,9,0.8,0,0,158,155,13.6,0,0,0,0,slabs,
37500,1791127837500,50.627443,-3.961492,0,360,570.2,9,0.8,0,0,,,,,,,,slabs,
38000,1791127838000,50.627443,-3.961492,0,360,570.2,9,0.8,0,0,155,155,13.6,0,0,0,0,slabs,
38500,1791127838500,50.627443,-3.961492,0,360,570.2,9,0.8,0,0,,,,,,,,slabs,
39000,1791127839000,50.627443,-3.961492,0,360,570.2,9,0.8,0,0,149,155,13.6,0,0,0,0,slabs,
39500,1791127839500,50.627443,-3.961492,0,360,570.2,9,0.8,0,0,,,,,,,,slabs,
40000,1791127840000,50.627443,-3.961492,0,360,570.2,9,0.8,0,0,146,155,13.6,0,0,0,0,slabs,
40500,1791127840500,50.627443,-3.961492,0,360,570.2,9,0.8,0,0,,,,,,,,slabs,
41000,1791127841000,50.627443,-3.961492,0,360,570.2,9,0.8,0,0,144,155,13.6,0,0,0,0,slabs,
41500,1791127841500,50.627443,-3.961492,0,360,570.2,9,0.8,0,0,,,,,,,,slabs,
42000,1791127842000,50.627443,-3.961492,0,360,570.2,9,0.8,0,0,139,155,13.61,0,0,0,0,slabs,
42500,1791127842500,50.627443,-3.961492,0,360,570.2,9,0.8,0,0,,,,,,,,slabs,
43000,1791127843000,50.627443,-3.961492,0,360,570.2,9,0.8,0,0,137,155,13.61,0,0,0,0,slabs,
43500,1791127843500,50.627443,-3.961492,0,360,570.2,9,0.8,0,0,,,,,,,,slabs,
44000,1791127844000,50.627443,-3.961492,0,360,570.2,9,0.8,0,0,137,155,13.61,0,0,0,0,slabs,
44500,1791127844500,50.627443,-3.961492,0,360,570.2,9,0.8,0,0,,,,,,,,slabs,
45000,1791127845000,50.627443,-3.961492,0,360,570.2,9,0.8,0,0,137,155,13.62,0,0,0,0,slabs,
45500,1791127845500,50.627443,-3.961492,0,360,570.2,9,0.8,0,0,,,,,,,,slabs,
46000,1791127846000,50.627443,-3.961492,0,360,570.2,9,0.8,0,0,137,155,13.87,0,0,0,0,slabs,
46500,1791127846500,50.627443,-3.961492,0,360,570.2,9,0.8,0,0,,,,,,,,slabs,
47000,1791127847000,50.627443,-3.961492,0,360,570.2,9,0.9,0,0,137,155,13.88,0,0,0,0,slabs,
47500,1791127847500,50.627443,-3.961492,0,360,570.2,9,0.9,0,0,,,,,,,,slabs,
48000,1791127848000,50.627443,-3.961492,0,360,570.2,9,0.9,0,0,137,155,13.89,0,0,0,0,slabs,
48500,1791127848500,50.627443,-3.961492,0,360,570.2,9,0.9,0,0,,,,,,,,slabs,
49000,1791127849000,50.627443,-3.961492,0,360,570.2,9,0.9,0,0,137,155,13.89,0,0,0,0,slabs,
49500,1791127849500,50.627443,-3.961492,0,360,570.2,9,0.9,0,0,,,,,,,,slabs,
50000,1791127850000,50.627443,-3.961492,0,360,570.2,9,0.9,0,0,139,155,13.9,0,0,0,0,slabs,
50500,1791127850500,50.627443,-3.961492,0,360,570.2,9,0.9,0,0,,,,,,,,slabs,
51000,1791127851000,50.627443,-3.961492,0,360,570.2,9,0.9,0,0,144,155,13.9,0,0,0,0,slabs,
51500,1791127851500,50.627443,-3.961492,0,360,570.2,9,0.9,0,0,,,,,,,,slabs,
52000,1791127852000,50.627443,-3.961492,0,360,570.2,9,0.9,0,0,146,155,13.91,0,0,0,0,slabs,
52500,1791127852500,50.627443,-3.961492,0,360,570.2,9,0.9,0,0,,,,,,,,slabs,
53000,1791127853000,50.627443,-3.961492,0,360,570.2,9,0.9,0,0,146,155,13.92,0,0,0,0,slabs,
53500,1791127853500,50.627443,-3.961492,0,360,570.2,9,0.9,0,0,,,,,,,,slabs,
54000,1791127854000,50.627443,-3.961492,0,360,570.2,9,0.9,0,0,146,155,13.92,0,0,0,0,slabs,
54500,1791127854500,50.627443,-3.961492,0,360,570.2,9,0.9,0,0,,,,,,,,slabs,
55000,1791127855000,50.627443,-3.961492,0,360,570.2,9,0.9,0,0,146,155,13.93,0,0,0,0,slabs,
55500,1791127855500,50.627443,-3.961492,0,360,570.2,9,0.9,0,0,,,,,,,,slabs,
56000,1791127856000,50.627443,-3.961492,0,360,570.2,9,0.9,0,0,146,155,13.93,0,0,0,0,slabs,
56500,1791127856500,50.627443,-3.961492,0,360,570.2,9,0.9,0,0,,,,,,,,slabs,
57000,1791127857000,50.627443,-3.961492,0,360,570.2,9,0.9,0,0,146,155,13.94,0,0,0,0,slabs,
57500,1791127857500,50.627443,-3.961492,0,360,570.2,9,0.9,0,0,,,,,,,,slabs,
58000,1791127858000,50.627443,-3.961492,0,360,570.2,9,0.9,0,0,146,155,13.94,0,0,0,0,slabs,
58500,1791127858500,50.627443,-3.961492,0,360,570.2,9,0.9,0,0,,,,,,,,slabs,
59000,1791127859000,50.627443,-3.961492,0,360,570.2,9,0.9,0,0,146,155,13.94,0,0,0,0,slabs,
59500,1791127859500,50.627443,-3.961492,0,360,570.2,9,0.9,0,0,,,,,,,,slabs,
60000,1791127860000,50.627443,-3.961492,0,360,570.2,9,0.9,0,0,146,155,13.95,0,0,0,0,slabs,
60500,1791127860500,50.627443,-3.961492,0.03,360,570.2,9,0.9,0.001,0,,,,,,,,slabs,
61000,1791127861000,50.627443,-3.961492,0.13,360,570.2,9,0.9,0.004,0,146,155,13.95,0.1,0.1,0.1,0.1,slabs,
61500,1791127861500,50.627443,-3.961492,0.28,360,570.2,9,0.9,0.007,0,,,,,,,,slabs,
62000,1791127862000,50.627444,-3.961492,0.5,360,570.2,9,0.9,0.01,0,146,155,13.95,0.5,0.5,0.5,0.5,slabs,
62500,1791127862500,50.627445,-3.961492,0.78,360,570.2,9,0.9,0.014,0,,,,,,,,slabs,
63000,1791127863000,50.627446,-3.961492,1.12,360,570.2,9,0.9,0.018,0,146,155,13.95,1.1,1.1,1.1,1.1,slabs,
63500,1791127863500,50.627447,-3.961492,1.52,360,570.2,9,0.9,0.021,0,,,,,,,,slabs,
64000,1791127864000,50.62745,-3.961492,1.98,359.9,570.2,9,0.9,0.024,0,146,155,13.95,2,2,2,2,slabs,
64500,1791127864500,50.627452,-3.961492,2.49,359.9,570.2,9,0.9,0.027,0,,,,,,,,slabs,
65000,1791127865000,50.627456,-3.961492,3.06,359.9,570.3,9,0.9,0.031,0,146,155,13.95,3.1,3,3.1,3,slabs,
65500,1791127865500,50.62746,-3.961492,3.67,359.9,570.3,9,0.9,0.033,0,,,,,,,,slabs,
66000,1791127866000,50.627465,-3.961492,4.34,359.9,570.3,9,0.9,0.036,0,146,155,13.95,4.3,4.3,4.3,4.3,slabs,
66500,1791127866500,50.627471,-3.961492,5.05,359.9,570.4,9,0.9,0.039,0,,,,,,,,slabs,
67000,1791127867000,50.627478,-3.961492,5.8,359.8,570.4,9,0.9,0.041,0,146,155,13.94,5.8,5.8,5.8,5.8,slabs,
67500,1791127867500,50.627485,-3.961492,6.6,359.8,570.5,9,0.9,0.044,0,,,,,,,,slabs,
68000,1791127868000,50.627494,-3.961492,7.43,359.8,570.6,9,0.9,0.046,0,146,154,13.94,7.4,7.5,7.4,7.5,slabs,
68500,1791127868500,50.627504,-3.961492,8.29,359.8,570.6,9,0.9,0.048,0,,,,,,,,slabs,
69000,1791127869000,50.627515,-3.961492,9.19,359.7,570.7,9,0.9,0.05,0,147,156,13.94,9.1,9.3,9.1,9.2,slabs,
69500,1791127869500,50.627527,-3.961492,10.11,359.7,570.8,9,0.9,0.052,0,,,,,,,,slabs,
70000,1791127870000,50.62754,-3.961493,11.06,359.6,570.9,9,0.9,0.053,0.001,146,154,13.93,10.9,11.2,11,11.2,slabs,
70500,1791127870500,50.627554,-3.961493,12.02,359.6,571,9,0.9,0.054,0.001,,,,,,,,slabs,
71000,1791127871000,50.62757,-3.961493,13,359.5,571.2,10,0.9,0.055,0.001,146,155,13.93,12.8,13.2,12.9,13.1,slabs,
71500,1791127871500,50.627587,-3.961493,13.99,359.5,571.3,10,0.9,0.056,0.001,,,,,,,,slabs,
72000,1791127872000,50.627605,-3.961493,15,359.4,571.4,10,0.9,0.057,0.001,148,156,13.92,14.8,15.2,14.8,15.2,slabs,
72500,1791127872500,50.627624,-3.961494,16,359.3,571.6,10,0.9,0.057,0.001,,,,,,,,slabs,
73000,1791127873000,50.627645,-3.961494,17,359.2,571.7,10,0.9,0.057,0.002,145,153,13.91,16.7,17.3,16.8,17.2,slabs,
73500,1791127873500,50.627667,-3.961495,18.01,359.2,571.9,10,0.9,0.057,0.001,,,,,,,,slabs,
74000,1791127874000,50.62769,-3.961495,19,359.1,572.1,10,0.9,0.057,0.001,148,156,13.91,18.7,19.3,18.7,19.3,slabs,
74500,1791127874500,50.627714,-3.961496,19.98,359,572.3,10,0.9,0.056,0.002,,,,,,,,slabs,
75000,1791127875000,50.62774,-3.961496,20.94,358.9,572.5,10,0.9,0.055,0.002,147,155,13.9,20.5,21.3,20.6,21.3,slabs,
75500,1791127875500,50.627766,-3.961497,21.89,358.8,572.6,10,0.9,0.054,0.002,,,,,,,,slabs,
76000,1791127876000,50.627794,-3.961498,22.81,358.7,572.9,10,0.9,0.053,0.002,144,153,13.9,22.4,23.3,22.5,23.2,slabs,
76500,1791127876500,50.627823,-3.961499,23.71,358.6,573.1,10,0.9,0.052,0.002,,,,,,,,slabs,
77000,1791127877000,50.627853,-3.9615,24.57,358.4,573.3,10,0.9,0.05,0.004,149,157,13.89,24.1,25.1,24.2,25,slabs,
77500,1791127877500,50.627884,-3.961502,25.4,358.3,573.5,10,0.9,0.048,0.004,,,,,,,,slabs,
78000,1791127878000,50.627917,-3.961503,26.2,358.2,573.7,10,0.9,0.046,0.003,145,154,13.88,25.7,26.7,25.8,26.6,slabs,
78500,1791127878500,50.62795,-3.961505,26.95,358,573.9,10,0.9,0.044,0.004,,,,,,,,slabs,
79000,1791127879000,50.627984,-3.961507,27.66,357.9,574.2,10,0.9,0.041,0.004,145,154,13.88,27.1,28.2,27.2,28.1,slabs,
79500,1791127879500,50.628019,-3.961509,28.33,357.7,574.4,10,0.9,0.039,0.004,,,,,,,,slabs,
80000,1791127880000,50.628054,-3.961511,28.94,357.6,574.6,10,0.9,0.036,0.004,148,158,13.87,28.4,29.5,28.5,29.4,slabs,
80500,1791127880500,50.628091,-3.961514,29.51,357.4,574.8,10,0.9,0.033,0.004,,,,,,,,slabs,
81000,1791127881000,50.628128,-3.961516,30.02,357.2,575.1,10,0.9,0.031,0.006,143,153,13.87,29.5,30.5,29.6,30.4,slabs,
81500,1791127881500,50.628166,-3.961519,30.48,357.1,575.3,10,0.9,0.027,0.004,,,,,,,,slabs,
82000,1791127882000,50.628204,-3.961522,30.88,356.9,575.5,10,0.9,0.024,0.005,146,156,13.86,30.4,31.3,30.5,31.2,slabs,
82500,1791127882500,50.628243,-3.961526,31.22,356.7,575.7,10,0.9,0.021,0.006,,,,,,,,slabs,
83000,1791127883000,50.628282,-3.961529,31.5,356.5,575.9,10,0.9,0.018,0.006,147,157,13.86,31.1,31.9,31.2,31.8,slabs,
83500,1791127883500,50.628321,-3.961533,31.72,356.3,576.1,10,0.9,0.014,0.006,,,,,,,,slabs,
84000,1791127884000,50.628361,-3.961537,31.87,356.1,576.3,10,0.9,0.01,0.006,142,153,13.86,31.5,32.2,31.6,32.1,slabs,
84500,1791127884500,50.6284,-3.961542,31.97,355.9,576.4,10,0.9,0.007,0.006,,,,,,,,slabs,
85000,1791127885000,50.62844,-3.961546,32,355.6,576.6,10,0.9,0.004,0.008,146,157,13.85,31.7,32.3,31.8,32.2,slabs,
85500,1791127885500,50.62848,-3.961551,32,355.4,576.8,10,0.9,0.001,0.008,,,,,,,,slabs,
86000,1791127886000,50.62852,-3.961556,32.01,355.2,576.9,10,0.9,0,0.006,145,156,13.85,31.8,32.2,31.9,32.2,slabs,
86500,1791127886500,50.62856,-3.961562,32.02,354.9,577.1,10,0.9,0.001,0.008,,,,,,,,slabs,
87000,1791127887000,50.628599,-3.961567,32.03,354.7,577.2,10,0.9,0.001,0.008,143,154,13.85,31.9,32.1,32,32.1,slabs,
87500,1791127887500,50.628639,-3.961573,32.05,354.4,577.3,10,0.9,0.001,0.008,,,,,,,,slabs,
88000,1791127888000,50.628679,-3.96158,32.07,354.1,577.4,10,0.9,0.001,0.01,147,158,13.85,32.1,32.1,32.1,32.1,slabs,
88500,1791127888500,50.628719,-3.961586,32.1,353.9,577.5,10,0.9,0.001,0.008,,,,,,,,slabs,
89000,1791127889000,50.628759,-3.961593,32.13,353.6,577.6,10,0.9,0.002,0.008,144,154,13.85,32.2,32,32.2,32.1,slabs,
89500,1791127889500,50.628798,-3.9616,32.16,353.3,577.7,10,0.9,0.002,0.01,,,,,,,,slabs,
90000,1791127890000,50.628838,-3.961608,32.2,353,577.7,10,0.9,0.002,0.01,144,155,13.85,32.4,32,32.4,32.1,slabs,
90500,1791127890500,50.628878,-3.961615,32.24,352.7,577.8,10,0.9,0.002,0.01,,,,,,,,slabs,
91000,1791127891000,50.628918,-3.961624,32.29,352.3,577.8,10,0.9,0.003,0.011,148,158,13.85,32.6,32,32.5,32.1,slabs,
91500,1791127891500,50.628958,-3.961632,32.34,352,577.9,10,0.9,0.003,0.011,,,,,,,,slabs,
92000,1791127892000,50.628998,-3.961641,32.39,351.6,577.9,10,0.9,0.003,0.011,143,153,13.86,32.7,32,32.7,32.1,slabs,
92500,1791127892500,50.629038,-3.961651,32.45,351.3,577.9,10,0.9,0.003,0.011,,,,,,,,slabs,
93000,1791127893000,50.629078,-3.96166,32.51,350.9,577.9,10,0.9,0.003,0.011,146,156,13.86,32.9,32.1,32.9,32.2,slabs,
93500,1791127893500,50.629118,-3.961671,32.58,350.5,577.9,10,0.9,0.004,0.013,,,,,,,,slabs,
94000,1791127894000,50.629158,-3.961681,32.65,350.1,577.9,10,1,0.004,0.013,147,156,13.86,33.1,32.2,33,32.2,slabs,
94500,1791127894500,50.629199,-3.961693,32.72,349.6,577.9,10,1,0.004,0.015,,,,,,,,slabs,
95000,1791127895000,50.629239,-3.961704,32.79,349.2,577.9,10,1,0.004,0.015,144,152,13.87,33.3,32.2,33.2,32.4,slabs,
95500,1791127895500,50.629279,-3.961717,32.87,348.7,577.9,10,1,0.004,0.015,,,,,,,,slabs,
96000,1791127896000,50.629319,-3.961729,32.95,348.2,577.8,10,1,0.005,0.016,148,157,13.87,33.6,32.4,33.4,32.5,slabs,
96500,1791127896500,50.629359,-3.961743,33.04,347.7,577.8,10,1,0.005,0.016,,,,,,,,slabs,
97000,1791127897000,50.6294,-3.961757,33.13,347.1,577.7,10,1,0.005,0.018,147,154,13.88,33.8,32.5,33.6,32.6,slabs,
97500,1791127897500,50.62944,-3.961772,33.22,346.6,577.7,10,1,0.005,0.018,,,,,,,,slabs,
98000,1791127898000,50.62948,-3.961787,33.32,346,577.6,10,1,0.005,0.018,145,153,13.88,34,32.7,33.8,32.8,slabs,
98500,1791127898500,50.629521,-3.961803,33.41,345.3,577.5,10,1,0.005,0.021,,,,,,,,slabs,
99000,1791127899000,50.629561,-3.96182,33.52,344.7,577.5,10,1,0.006,0.021,150,157,13.89,34.2,32.8,34.1,33,slabs,
99500,1791127899500,50.629601,-3.961838,33.62,344,577.4,10,1,0.006,0.022,,,,,,,,slabs,
100000,1791127900000,50.629642,-3.961856,33.73,343.2,577.3,10,1,0.006,0.025,146,153,13.9,34.4,33.1,34.3,33.2,slabs,
100500,1791127900500,50.629682,-3.961876,33.83,342.5,577.2,10,1,0.006,0.025,,,,,,,,slabs,
101000,1791127901000,50.629722,-3.961896,33.95,341.7,577.1,10,1,0.006,0.025,147,154,13.9,34.6,33.3,34.5,33.4,slabs,
101500,1791127901500,50.629763,-3.961917,34.06,340.8,577,10,1,0.007,0.029,,,,,,,,slabs,
102000,1791127902000,50.629803,-3.96194,34.18,339.9,576.9,10,1,0.007,0.03,149,156,13.91,34.8,33.6,34.7,33.7,slabs,
102500,1791127902500,50.629843,-3.961963,34.3,338.9,576.8,10,1,0.007,0.032,,,,,,,,slabs,
103000,1791127903000,50.629883,-3.961988,34.42,337.9,576.7,10,1,0.007,0.034,145,152,13.92,35,33.8,34.9,34,slabs,
103500,1791127903500,50.629922,-3.962013,34.54,336.9,576.6,10,1,0.007,0.034,,,,,,,,slabs,
104000,1791127904000,50.629962,-3.96204,34.67,335.8,576.5,10,1,0.007,0.036,148,155,13.92,35.2,34.1,35.1,34.2,slabs,
104500,1791127904500,50.630002,-3.962069,34.79,334.6,576.4,10,1,0.007,0.039,,,,,,,,slabs,
105000,1791127905000,50.630041,-3.962099,34.92,333.4,576.3,10,1,0.007,0.041,148,155,13.93,35.4,34.5,35.3,34.6,slabs,
105500,1791127905500,50.63008,-3.96213,35.05,332.1,576.2,10,1,0.007,0.043,,,,,,,,slabs,
106000,1791127906000,50.630118,-3.962163,35.19,330.7,576.1,10,1,0.008,0.047,145,152,13.93,35.6,34.8,35.5,34.9,slabs,
106500,1791127906500,50.630156,-3.962197,35.32,329.2,576,10,1,0.008,0.05,,,,,,,,slabs,
107000,1791127907000,50.630194,-3.962233,35.45,327.7,575.9,10,1,0.007,0.052,149,157,13.94,35.7,35.2,35.7,35.2,slabs,
107500,1791127907500,50.630231,-3.962271,35.59,326.2,575.8,10,1,0.008,0.053,,,,,,,,slabs,
108000,1791127908000,50.630268,-3.96231,35.73,324.5,575.7,10,1,0.008,0.056,146,154,13.94,35.9,35.5,35.9,35.6,slabs,
108500,1791127908500,50.630304,-3.962352,35.87,322.8,575.6,10,1,0.008,0.06,,,,,,,,slabs,
109000,1791127909000,50.63034,-3.962395,36.01,321,575.5,10,1,0.008,0.062,145,153,13.94,36.1,35.9,36.1,35.9,slabs,
109500,1791127909500,50.630374,-3.96244,36.15,319.2,575.4,10,1,0.008,0.064,,,,,,,,slabs,
110000,1791127910000,50.630408,-3.962487,36.29,317.3,575.3,10,1,0.008,0.066,148,157,13.95,36.3,36.3,36.3,36.3,slabs,
110500,1791127910500,50.630441,-3.962536,36.43,315.4,575.3,10,1,0.008,0.068,,,,,,,,slabs,
111000,1791127911000,50.630473,-3.962587,36.57,313.4,575.2,10,1,0.008,0.07,144,153,13.95,36.5,36.7,36.5,36.7,slabs,
111500,1791127911500,50.630505,-3.96264,36.71,311.4,575.2,10,1,0.008,0.072,,,,,,,,slabs,
112000,1791127912000,50.630535,-3.962695,36.86,309.4,575.1,10,1,0.008,0.073,145,155,13.95,36.6,37.1,36.7,37,slabs,
112500,1791127912500,50.630563,-3.962751,37,307.4,575.1,10,1,0.008,0.073,,,,,,,,slabs,
113000,1791127913000,50.630591,-3.96281,37.14,305.4,575,10,1,0.008,0.073,147,157,13.95,36.8,37.5,36.9,37.4,slabs,
113500,1791127913500,50.630618,-3.96287,37.29,303.4,575,10,1,0.008,0.073,,,,,,,,slabs,
114000,1791127914000,50.630643,-3.962932,37.43,301.4,575,10,1,0.008,0.074,143,153,13.95,37,37.8,37.1,37.8,slabs,
114500,1791127914500,50.630667,-3.962995,37.57,299.4,575,10,1,0.008,0.074,,,,,,,,slabs,
115000,1791127915000,50.630689,-3.96306,37.71,297.5,575,10,1,0.008,0.072,146,157,13.95,37.2,38.2,37.3,38.1,slabs,
115500,1791127915500,50.630711,-3.963126,37.85,295.6,575,10,1,0.008,0.071,,,,,,,,slabs,
116000,1791127916000,50.630731,-3.963194,37.99,293.8,575,10,1,0.008,0.069,145,156,13.95,37.4,38.6,37.5,38.5,slabs,
116500,1791127916500,50.630749,-3.963263,38.13,292,575.1,10,1,0.008,0.068,,,,,,,,slabs,
117000,1791127917000,50.630767,-3.963333,38.27,290.3,575.1,10,1,0.008,0.066,142,154,13.94,37.6,38.9,37.8,38.8,slabs,
117500,1791127917500,50.630783,-3.963404,38.41,288.6,575.1,10,1,0.008,0.064,,,,,,,,slabs,
118000,1791127918000,50.630798,-3.963475,38.55,287,575.2,10,1,0.008,0.063,147,158,13.94,37.8,39.2,38,39.1,slabs,
118500,1791127918500,50.630812,-3.963548,38.68,285.4,575.3,10,1,0.008,0.061,,,,,,,,slabs,
119000,1791127919000,50.630824,-3.963622,38.81,283.9,575.3,10,1,0.007,0.059,144,155,13.94,38.1,39.6,38.2,39.4,slabs,
119500,1791127919500,50.630835,-3.963696,38.95,282.5,575.4,10,1,0.008,0.056,,,,,,,,slabs,
120000,1791127920000,50.630845,-3.963771,39.08,281.1,575.5,10,1,0.008,0.054,144,155,13.93,38.3,39.9,38.5,39.7,slabs,
120500,1791127920500,50.630854,-3.963847,39.21,279.7,575.6,10,1,0.007,0.054,,,,,,,,slabs,
121000,1791127921000,50.630862,-3.963923,39.33,278.4,575.7,10,1,0.007,0.052,147,158,13.93,38.5,40.1,38.7,40,slabs,
121500,1791127921500,50.630869,-3.964,39.46,277.2,575.8,10,1,0.007,0.049,,,,,,,,slabs,
122000,1791127922000,50.630875,-3.964077,39.58,276,575.9,10,1,0.007,0.047,143,153,13.92,38.8,40.4,39,40.2,slabs,
122500,1791127922500,50.63088,-3.964155,39.7,274.8,576,10,1,0.007,0.047,,,,,,,,slabs,
123000,1791127923000,50.630884,-3.964233,39.82,273.7,576.2,10,1,0.007,0.045,146,156,13.92,39.1,40.6,39.2,40.4,slabs,
123500,1791127923500,50.630887,-3.964311,39.94,272.6,576.3,10,1,0.007,0.043,,,,,,,,slabs,
124000,1791127924000,50.630889,-3.96439,40.05,271.6,576.4,10,1,0.007,0.041,147,157,13.91,39.3,40.8,39.5,40.6,slabs,
124500,1791127924500,50.63089,-3.964468,40.17,270.5,576.6,10,1,0.007,0.042,,,,,,,,slabs,
125000,1791127925000,50.63089,-3.964548,40.27,269.6,576.7,10,1,0.006,0.04,143,153,13.9,39.6,40.9,39.7,40.8,slabs,
125500,1791127925500,50.630889,-3.964627,40.38,268.6,576.8,10,1,0.006,0.038,,,,,,,,slabs,
126000,1791127926000,50.630888,-3.964706,40.48,267.7,577,10,1,0.006,0.038,148,157,13.9,39.9,41.1,40,41,slabs,
126500,1791127926500,50.630885,-3.964786,40.59,266.8,577.1,10,1,0.006,0.036,,,,,,,,slabs,
127000,1791127927000,50.630882,-3.964866,40.68,265.9,577.3,10,1,0.006,0.036,147,155,13.89,40.2,41.2,40.3,41.1,slabs,
127500,1791127927500,50.630878,-3.964946,40.78,265,577.4,10,1,0.005,0.036,,,,,,,,slabs,
128000,1791127928000,50.630874,-3.965026,40.87,264.2,577.5,10,1,0.005,0.034,145,153,13.89,40.4,41.3,40.5,41.2,slabs,
128500,1791127928500,50.630868,-3.965106,40.96,263.4,577.6,10,1,0.005,0.032,,,,,,,,slabs,
129000,1791127929000,50.630862,-3.965186,41.05,262.5,577.8,10,1,0.005,0.034,149,157,13.88,40.7,41.4,40.8,41.3,slabs,
129500,1791127929500,50.630855,-3.965266,41.13,261.8,577.9,10,1,0.005,0.032,,,,,,,,slabs,
130000,1791127930000,50.630848,-3.965346,41.21,261,578,10,1,0.005,0.031,146,153,13.87,41,41.4,41,41.4,slabs,
130500,1791127930500,50.630839,-3.965426,41.28,260.2,578.1,10,1,0.004,0.033,,,,,,,,slabs,
131000,1791127931000,50.63083,-3.965506,41.35,259.5,578.2,10,1,0.004,0.031,147,153,13.87,41.2,41.5,41.3,41.4,slabs,
131500,1791127931500,50.630821,-3.965586,41.42,258.8,578.2,10,1,0.004,0.029,,,,,,,,slabs,
132000,1791127932000,50.63081,-3.965666,41.49,258.1,578.3,10,1,0.004,0.029,150,156,13.86,41.5,41.5,41.5,41.5,slabs,
132500,1791127932500,50.6308,-3.965746,41.55,257.3,578.4,10,1,0.004,0.031,,,,,,,,slabs,
133000,1791127933000,50.630788,-3.965825,41.61,256.7,578.4,10,1,0.003,0.029,145,152,13.86,41.7,41.5,41.7,41.5,slabs,
133500,1791127933500,50.630776,-3.965905,41.66,256,578.4,10,1,0.003,0.027,,,,,,,,slabs,
134000,1791127934000,50.630763,-3.965984,41.71,255.3,578.4,10,1,0.003,0.029,148,155,13.86,42,41.5,41.9,41.5,slabs,
134500,1791127934500,50.63075,-3.966064,41.76,254.6,578.4,10,1,0.003,0.029,,,,,,,,slabs,
135000,1791127935000,50.630736,-3.966143,41.8,254,578.4,10,1,0.003,0.027,149,155,13.85,42.2,41.4,42.1,41.5,slabs,
135500,1791127935500,50.630721,-3.966222,41.84,253.3,578.4,10,1,0.002,0.027,,,,,,,,slabs,
136000,1791127936000,50.630706,-3.966301,41.87,252.7,578.3,10,1,0.002,0.027,145,152,13.85,42.3,41.4,42.2,41.5,slabs,
136500,1791127936500,50.63069,-3.966379,41.9,252.1,578.3,10,1,0.002,0.025,,,,,,,,slabs,
137000,1791127937000,50.630674,-3.966457,41.93,251.4,578.2,10,1,0.002,0.027,149,156,13.85,42.5,41.4,42.4,41.5,slabs,
137500,1791127937500,50.630657,-3.966536,41.95,250.8,578.1,10,1,0.001,0.027,,,,,,,,slabs,
138000,1791127938000,50.63064,-3.966613,41.97,250.2,578,10,1,0.001,0.025,147,154,13.85,42.6,41.3,42.5,41.5,slabs,
138500,1791127938500,50.630622,-3.966691,41.98,249.6,577.9,10,1,0.001,0.025,,,,,,,,slabs,
139000,1791127939000,50.630603,-3.966768,41.99,249,577.7,10,1,0.001,0.025,145,153,13.85,42.7,41.3,42.6,41.4,slabs,
139500,1791127939500,50.630584,-3.966845,42,248.4,577.5,10,1,0.001,0.025,,,,,,,,slabs,
140000,1791127940000,50.630565,-3.966922,42,247.9,577.4,10,1,0,0.023,149,157,13.85,42.8,41.2,42.6,41.4,slabs,
140500,1791127940500,50.630545,-3.966998,41.96,247.3,577.2,10,1,-0.001,0.023,,,,,,,,slabs,
141000,1791127941000,50.630525,-3.967074,41.85,246.7,576.9,10,0.8,-0.004,0.025,144,153,13.85,42.7,41,42.5,41.2,slabs,
141500,1791127941500,50.630504,-3.96715,41.67,246.2,576.7,10,0.8,-0.008,0.023,,,,,,,,slabs,
142000,1791127942000,50.630483,-3.967224,41.41,245.6,576.5,11,0.8,-0.012,0.023,145,155,13.86,42.2,40.6,42.1,40.8,slabs,
142500,1791127942500,50.630462,-3.967298,41.09,245.1,576.2,11,0.8,-0.016,0.023,,,,,,,,slabs,
143000,1791127943000,50.63044,-3.967371,40.69,244.5,575.9,11,0.8,-0.02,0.022,148,157,13.86,41.5,39.9,41.3,40,slabs,
143500,1791127943500,50.630418,-3.967443,40.23,244,575.6,11,0.8,-0.024,0.022,,,,,,,,slabs,
144000,1791127944000,50.630396,-3.967513,39.71,243.5,575.3,11,0.8,-0.028,0.02,143,153,13.86,40.5,38.9,40.3,39.1,slabs,
144500,1791127944500,50.630374,-3.967583,39.12,243,575,11,0.8,-0.031,0.02,,,,,,,,slabs,
145000,1791127945000,50.630352,-3.96765,38.49,242.5,574.7,11,0.8,-0.035,0.019,146,157,13.87,39.2,37.7,39.1,37.9,slabs,
145500,1791127945500,50.63033,-3.967717,37.79,242,574.4,11,0.8,-0.038,0.019,,,,,,,,slabs,
146000,1791127946000,50.630308,-3.967782,37.05,241.5,574.1,11,0.8,-0.041,0.019,146,157,13.87,37.7,36.4,37.6,36.5,slabs,
146500,1791127946500,50.630286,-3.967845,36.27,241.1,573.8,11,0.8,-0.043,0.016,,,,,,,,slabs,
147000,1791127947000,50.630264,-3.967907,35.45,240.6,573.5,11,0.8,-0.045,0.016,142,153,13.88,36,34.9,35.9,35,slabs,
147500,1791127947500,50.630243,-3.967967,34.59,240.2,573.2,11,0.8,-0.048,0.016,,,,,,,,slabs,
148000,1791127948000,50.630221,-3.968025,33.71,239.8,572.9,11,0.8,-0.049,0.014,147,158,13.88,34.2,33.2,34.1,33.3,slabs,
148500,1791127948500,50.6302,-3.968081,32.8,239.4,572.5,11,0.8,-0.051,0.013,,,,,,,,slabs,
149000,1791127949000,50.63018,-3.968136,31.88,239,572.2,11,0.8,-0.052,0.013,144,155,13.89,32.3,31.5,32.2,31.5,slabs,
149500,1791127949500,50.630159,-3.968189,30.94,238.6,572,11,0.8,-0.053,0.013,,,,,,,,slabs,
150000,1791127950000,50.63014,-3.96824,30,238.2,571.7,11,0.8,-0.053,0.012,144,154,13.9,30.3,29.7,30.3,29.7,slabs,
150500,1791127950500,50.63012,-3.968289,29.06,237.9,571.4,11,0.8,-0.053,0.01,,,,,,,,slabs,
151000,1791127951000,50.630101,-3.968337,28.12,237.5,571.1,11,0.8,-0.053,0.01,147,158,13.9,28.4,27.9,28.3,27.9,slabs,
151500,1791127951500,50.630082,-3.968383,27.2,237.2,570.8,11,0.8,-0.053,0.01,,,,,,,,slabs,
152000,1791127952000,50.630064,-3.968427,26.29,236.9,570.6,11,0.8,-0.052,0.008,143,154,13.91,26.4,26.1,26.4,26.2,slabs,
152500,1791127952500,50.630047,-3.968469,25.41,236.6,570.3,11,0.8,-0.051,0.008,,,,,,,,slabs,
153000,1791127953000,50.630029,-3.96851,24.55,236.3,570.1,11,0.8,-0.049,0.008,145,156,13.91,24.6,24.5,24.6,24.5,slabs,
153500,1791127953500,50.630013,-3.96855,23.73,236,569.8,11,0.8,-0.048,0.007,,,,,,,,slabs,
154000,1791127954000,50.629996,-3.968588,22.95,235.7,569.6,11,0.8,-0.045,0.007,147,157,13.92,22.9,23,22.9,22.9,slabs,
154500,1791127954500,50.629981,-3.968624,22.21,235.4,569.4,11,0.8,-0.043,0.007,,,,,,,,slabs,
155000,1791127955000,50.629965,-3.96866,21.51,235.2,569.2,11,0.8,-0.041,0.005,144,153,13.93,21.4,21.6,21.5,21.6,slabs,
155500,1791127955500,50.62995,-3.968694,20.88,234.9,569,11,0.8,-0.038,0.005,,,,,,,,slabs,
156000,1791127956000,50.629935,-3.968727,20.29,234.7,568.8,11,0.8,-0.035,0.005,147,156,13.93,20.2,20.4,20.2,20.4,slabs,
156500,1791127956500,50.629921,-3.968759,19.77,234.4,568.6,11,0.8,-0.031,0.005,,,,,,,,slabs,
157000,1791127957000,50.629906,-3.968791,19.31,234.2,568.4,11,0.8,-0.028,0.005,146,155,13.94,19.1,19.5,19.2,19.4,slabs,
157500,1791127957500,50.629893,-3.968821,18.91,234,568.2,11,0.8,-0.024,0.004,,,,,,,,slabs,
158000,1791127958000,50.629879,-3.968851,18.59,233.8,568,11,0.8,-0.02,0.004,145,153,13.94,18.4,18.8,18.4,18.8,slabs,
158500,1791127958500,50.629865,-3.96888,18.33,233.5,567.9,11,0.8,-0.016,0.005,,,,,,,,slabs,
159000,1791127959000,50.629852,-3.968909,18.15,233.3,567.7,11,0.8,-0.012,0.005,148,157,13.94,17.9,18.4,18,18.3,slabs,
159500,1791127959500,50.629838,-3.968937,18.04,233.1,567.5,11,0.8,-0.008,0.004,,,,,,,,slabs,
160000,1791127960000,50.629825,-3.968966,18,232.9,567.4,11,0.8,-0.004,0.004,144,153,13.95,17.7,0,17.8,18.2,slabs,
160500,1791127960500,50.629811,-3.968994,18,232.7,567.2,11,0.8,-0.001,0.004,,,,,,,,slabs,
161000,1791127961000,50.629797,-3.969022,18,232.5,567,11,0.8,0,0.004,144,153,13.95,17.7,0,17.8,18.2,slabs,
161500,1791127961500,50.629784,-3.96905,18,232.3,566.9,11,0.8,0,0.004,,,,,,,,slabs,
162000,1791127962000,50.62977,-3.969078,18,232.1,566.7,11,0.8,0,0.004,152,160,13.95,17.7,18.3,17.7,18.3,slabs,
162500,1791127962500,50.629756,-3.969106,18,231.8,566.6,11,0.8,0,0.004,,,,,,,,slabs,
163000,1791127963000,50.629742,-3.969134,18,231.6,566.4,11,0.8,0,0.004,142,150,13.95,17.7,0,17.7,18.3,slabs,
163500,1791127963500,50.629728,-3.969162,18,231.4,566.2,11,0.8,0,0.004,,,,,,,,slabs,
164000,1791127964000,50.629714,-3.969189,18,231.2,566.1,11,0.8,0,0.004,148,156,13.95,17.6,0,17.7,18.3,slabs,
164500,1791127964500,50.6297,-3.969217,18,231,565.9,11,0.8,0,0.004,,,,,,,,slabs,
165000,1791127965000,50.629686,-3.969244,18,230.8,565.8,11,0.8,0,0.004,150,158,13.95,17.6,18.4,17.7,18.3,slabs,
165500,1791127965500,50.629672,-3.969272,18,230.6,565.6,11,0.8,0,0.004,,,,,,,,slabs,
166000,1791127966000,50.629658,-3.969299,18,230.4,565.5,11,0.8,0,0.004,141,149,13.95,17.6,0,17.7,18.3,slabs,
166500,1791127966500,50.629643,-3.969326,18,230.2,565.4,11,0.8,0,0.004,,,,,,,,slabs,
167000,1791127967000,50.629629,-3.969354,18,229.9,565.2,11,0.8,0,0.004,151,159,13.94,17.7,0,17.7,18.3,slabs,
167500,1791127967500,50.629614,-3.969381,18,229.7,565.1,11,0.8,0,0.004,,,,,,,,slabs,
168000,1791127968000,50.6296,-3.969408,18,229.5,564.9,11,0.8,0,0.004,147,155,13.94,17.7,18.3,17.7,18.3,slabs,
168500,1791127968500,50.629585,-3.969435,18,229.3,564.8,11,0.8,0,0.004,,,,,,,,slabs,
169000,1791127969000,50.629571,-3.969461,18,229.1,564.7,11,0.8,0,0.004,142,151,13.94,17.7,0,17.8,18.2,slabs,
169500,1791127969500,50.629556,-3.969488,18,228.9,564.5,11,0.8,0,0.004,,,,,,,,slabs,
170000,1791127970000,50.629541,-3.969515,18,228.7,564.4,11,0.8,0,0.004,152,160,13.93,17.7,0,17.8,18.2,slabs,
170500,1791127970500,50.629526,-3.969541,18,228.5,564.3,11,0.8,0,0.004,,,,,,,,slabs,
171000,1791127971000,50.629512,-3.969568,18,228.2,564.1,11,0.8,0,0.004,143,152,13.93,17.8,18.2,17.8,18.2,slabs,
171500,1791127971500,50.629497,-3.969594,18,228,564,11,0.8,0,0.004,,,,,,,,slabs,
172000,1791127972000,50.629482,-3.969621,18,227.8,563.9,11,0.8,0,0.004,145,154,13.92,17.8,0,17.8,18.2,slabs,
172500,1791127972500,50.629466,-3.969647,18,227.6,563.8,11,0.8,0,0.004,,,,,,,,slabs,
173000,1791127973000,50.629451,-3.969673,18,227.4,563.7,11,0.8,0,0.004,151,160,13.92,17.9,0,17.9,18.1,slabs,
173500,1791127973500,50.629436,-3.969699,18,227.2,563.6,11,0.8,0,0.004,,,,,,,,slabs,
174000,1791127974000,50.629421,-3.969725,18,227,563.4,11,0.8,0,0.004,141,150,13.91,17.9,18.1,17.9,18.1,slabs,
174500,1791127974500,50.629405,-3.969751,18,226.7,563.3,11,0.8,0,0.004,,,,,,,,slabs,
175000,1791127975000,50.62939,-3.969777,18,226.5,563.2,11,0.8,0,0.004,148,157,13.91,18,0,18,18,slabs,
175500,1791127975500,50.629375,-3.969802,18,226.3,563.1,11,0.8,0,0.004,,,,,,,,slabs,
176000,1791127976000,50.629359,-3.969828,18,226.1,563,11,0.8,0,0.004,146,156,13.9,18,18,18,18,slabs,
176500,1791127976500,50.629343,-3.969853,18.03,225.9,562.9,11,0.8,0.001,0.004,,,,,,,,slabs,
177000,1791127977000,50.629328,-3.969879,18.14,225.6,562.8,11,0.8,0.004,0.004,144,154,13.89,18.2,18.1,18.2,18.1,slabs,
177500,1791127977500,50.629312,-3.969904,18.31,225.4,562.7,11,0.8,0.008,0.004,,,,,,,,slabs,
178000,1791127978000,50.629296,-3.96993,18.54,225.2,562.6,11,0.8,0.011,0.004,147,157,13.89,18.6,18.4,18.6,18.5,slabs,
178500,1791127978500,50.629279,-3.969956,18.84,225,562.5,11,0.8,0.015,0.004,,,,,,,,slabs,
179000,1791127979000,50.629263,-3.969983,19.21,224.7,562.4,11,0.8,0.019,0.005,145,155,13.88,19.4,19,19.3,19.1,slabs,
179500,1791127979500,50.629245,-3.97001,19.63,224.5,562.4,11,0.8,0.022,0.005,,,,,,,,slabs,
180000,1791127980000,50.629228,-3.970037,20.11,224.2,562.3,11,0.8,0.025,0.005,144,154,13.88,20.3,19.9,20.3,19.9,slabs,right front wheel speed sensor — output too low (Logged)
180500,1791127980500,50.629209,-3.970065,20.64,224,562.2,11,0.8,0.029,0.005,,,,,,,,slabs,right front wheel speed sensor — output too low (Logged)
181000,1791127981000,50.629191,-3.970093,21.23,223.7,562.1,11,0.8,0.032,0.005,147,158,13.87,21.5,20.9,21.5,21,slabs,right front wheel speed sensor — output too low (Logged)
181500,1791127981500,50.629171,-3.970123,21.86,223.5,562,11,0.8,0.035,0.005,,,,,,,,slabs,right front wheel speed sensor — output too low (Logged)
182000,1791127982000,50.629151,-3.970153,22.53,223.2,561.9,11,0.8,0.037,0.005,144,154,13.87,22.9,22.2,22.8,22.3,slabs,right front wheel speed sensor — output too low (Logged)
182500,1791127982500,50.62913,-3.970183,23.24,222.9,561.8,11,0.8,0.039,0.007,,,,,,,,slabs,right front wheel speed sensor — output too low (Logged)
183000,1791127983000,50.629109,-3.970215,23.98,222.6,561.7,11,0.8,0.041,0.007,145,155,13.86,24.4,23.6,24.3,23.7,slabs,right front wheel speed sensor — output too low (Logged)
183500,1791127983500,50.629086,-3.970247,24.75,222.3,561.7,11,0.8,0.043,0.007,,,,,,,,slabs,right front wheel speed sensor — output too low (Logged)
184000,1791127984000,50.629063,-3.970281,25.55,221.9,561.6,11,0.8,0.044,0.009,147,157,13.86,26,25.1,25.9,25.2,slabs,right front wheel speed sensor — output too low (Logged)
184500,1791127984500,50.629039,-3.970315,26.35,221.6,561.5,11,0.8,0.045,0.009,,,,,,,,slabs,right front wheel speed sensor — output too low (Logged)
185000,1791127985000,50.629014,-3.97035,27.17,221.3,561.4,11,0.8,0.046,0.008,143,153,13.85,27.7,26.7,27.6,26.8,slabs,right front wheel speed sensor — output too low (Logged)
185500,1791127985500,50.628988,-3.970385,28,220.9,561.3,11,0.8,0.047,0.009,,,,,,,,slabs,right front wheel speed sensor — output too low (Logged)
186000,1791127986000,50.628961,-3.970422,28.83,220.5,561.3,11,0.8,0.047,0.011,147,157,13.85,29.4,28.3,29.3,28.4,slabs,right front wheel speed sensor — output too low (Logged)
186500,1791127986500,50.628933,-3.970459,29.65,220.1,561.2,11,0.8,0.047,0.011,,,,,,,,slabs,right front wheel speed sensor — output too low (Logged)
187000,1791127987000,50.628905,-3.970497,30.45,219.7,561.1,11,0.8,0.046,0.012,146,156,13.85,31.1,29.8,30.9,30,slabs,right front wheel speed sensor — output too low (Logged)
187500,1791127987500,50.628875,-3.970536,31.25,219.3,561.1,11,0.8,0.045,0.012,,,,,,,,slabs,right front wheel speed sensor — output too low (Logged)
188000,1791127988000,50.628844,-3.970575,32.02,218.8,561,11,0.9,0.044,0.014,144,153,13.85,32.6,31.4,32.5,31.5,slabs,right front wheel speed sensor — output too low (Logged)
188500,1791127988500,50.628813,-3.970615,32.76,218.4,560.9,11,0.9,0.043,0.014,,,,,,,,slabs,right front wheel speed sensor — output too low (Logged)
189000,1791127989000,50.62878,-3.970655,33.47,217.9,560.9,11,0.9,0.041,0.015,148,157,13.85,34.1,32.8,34,33,slabs,right front wheel speed sensor — output too low (Logged)
189500,1791127989500,50.628747,-3.970696,34.14,217.4,560.8,11,0.9,0.039,0.017,,,,,,,,slabs,right front wheel speed sensor — output too low (Logged)
190000,1791127990000,50.628713,-3.970737,34.77,216.9,560.8,11,0.9,0.037,0.017,146,154,13.85,35.4,34.1,35.3,34.3,slabs,right front wheel speed sensor — output too low (Logged)
190500,1791127990500,50.628678,-3.970778,35.36,216.4,560.7,11,0.9,0.035,0.017,,,,,,,,slabs,right front wheel speed sensor — output too low (Logged)
191000,1791127991000,50.628642,-3.97082,35.89,215.8,560.7,11,0.9,0.032,0.019,145,153,13.85,36.5,35.3,36.4,35.4,slabs,right front wheel speed sensor — output too low (Logged)
191500,1791127991500,50.628605,-3.970861,36.37,215.3,560.7,11,0.9,0.029,0.02,,,,,,,,slabs,right front wheel speed sensor — output too low (Logged)
192000,1791127992000,50.628568,-3.970903,36.79,214.7,560.6,11,0.9,0.025,0.02,149,157,13.85,37.3,36.2,37.2,36.4,slabs,right front wheel speed sensor — output too low (Logged)
192500,1791127992500,50.62853,-3.970944,37.16,214.1,560.6,11,0.9,0.022,0.022,,,,,,,,slabs,right front wheel speed sensor — output too low (Logged)
193000,1791127993000,50.628491,-3.970985,37.46,213.5,560.5,11,0.9,0.019,0.022,145,152,13.86,37.9,37,37.8,37.1,slabs,right front wheel speed sensor — output too low (Logged)
193500,1791127993500,50.628452,-3.971025,37.69,212.9,560.5,11,0.9,0.015,0.022,,,,,,,,slabs,right front wheel speed sensor — output too low (Logged)
194000,1791127994000,50.628412,-3.971065,37.86,212.2,560.5,11,0.9,0.011,0.024,148,154,13.86,38.3,37.5,38.2,37.5,slabs,right front wheel speed sensor — output too low (Logged)
194500,1791127994500,50.628372,-3.971105,37.97,211.6,560.4,11,0.9,0.008,0.024,,,,,,,,slabs,right front wheel speed sensor — output too low (Logged)
195000,1791127995000,50.628332,-3.971144,38,210.9,560.4,11,0.9,0.004,0.024,149,156,13.87,38.3,37.7,38.2,37.8,slabs,right front wheel speed sensor — output too low (Logged)
195500,1791127995500,50.628291,-3.971182,38,210.2,560.3,11,0.9,0.001,0.026,,,,,,,,slabs,right front wheel speed sensor — output too low (Logged)
196000,1791127996000,50.62825,-3.971219,38.01,209.5,560.3,11,0.9,0,0.026,145,152,13.87,38.2,37.8,38.2,37.8,slabs,right front wheel speed sensor — output too low (Logged)
196500,1791127996500,50.628209,-3.971256,38.02,208.8,560.2,11,0.9,0.001,0.026,,,,,,,,slabs,right front wheel speed sensor — output too low (Logged)
197000,1791127997000,50.628167,-3.971292,38.03,208,560.2,11,0.9,0.001,0.028,149,156,13.88,38.1,37.9,38.1,37.9,slabs,right front wheel speed sensor — output too low (Logged)
197500,1791127997500,50.628125,-3.971326,38.04,207.2,560.1,11,0.9,0.001,0.03,,,,,,,,slabs,right front wheel speed sensor — output too low (Logged)
198000,1791127998000,50.628083,-3.97136,38.06,206.4,560.1,11,0.9,0.001,0.03,148,155,13.88,38.1,38.1,38.1,38.1,slabs,right front wheel speed sensor — output too low (Logged)
198500,1791127998500,50.62804,-3.971393,38.08,205.6,560,11,0.9,0.001,0.03,,,,,,,,slabs,right front wheel speed sensor — output too low (Logged)
199000,1791127999000,50.627997,-3.971426,38.11,204.8,559.9,11,0.9,0.001,0.03,145,152,13.89,38,38.2,38,38.2,slabs,right front wheel speed sensor — output too low (Logged)
199500,1791127999500,50.627954,-3.971457,38.14,203.9,559.8,11,0.9,0.002,0.032,,,,,,,,slabs,right front wheel speed sensor — output too low (Logged)
200000,1791128000000,50.62791,-3.971487,38.17,203,559.7,11,0.9,0.002,0.034,149,157,13.89,37.9,38.4,38,38.4,slabs,right front wheel speed sensor — output too low (Logged)
200500,1791128000500,50.627866,-3.971516,38.21,202.1,559.6,11,0.9,0.002,0.034,,,,,,,,slabs,right front wheel speed sensor — output too low (Logged)
201000,1791128001000,50.627822,-3.971544,38.25,201.1,559.5,11,0.9,0.002,0.036,146,153,13.9,37.9,38.6,38,38.5,slabs,right front wheel speed sensor — output too low (Logged)
201500,1791128001500,50.627777,-3.97157,38.29,200.1,559.4,11,0.9,0.002,0.038,,,,,,,,slabs,right front wheel speed sensor — output too low (Logged)
202000,1791128002000,50.627732,-3.971596,38.33,199.1,559.3,11,0.9,0.002,0.038,146,154,13.91,37.9,38.8,38,38.7,slabs,right front wheel speed sensor — output too low (Logged)
202500,1791128002500,50.627687,-3.97162,38.38,198,559.1,11,0.9,0.003,0.04,,,,,,,,slabs,right front wheel speed sensor — output too low (Logged)
203000,1791128003000,50.627641,-3.971643,38.43,197,559,11,0.9,0.003,0.04,149,157,13.91,37.9,38.9,38,38.8,slabs,right front wheel speed sensor — output too low (Logged)
203500,1791128003500,50.627595,-3.971665,38.49,195.8,558.8,11,0.9,0.003,0.042,,,,,,,,slabs,right front wheel speed sensor — output too low (Logged)
204000,1791128004000,50.627549,-3.971685,38.54,194.7,558.7,11,0.9,0.003,0.044,144,153,13.92,38,39.1,38.1,39,slabs,right front wheel speed sensor — output too low (Logged)
204500,1791128004500,50.627502,-3.971704,38.61,193.5,558.5,11,0.9,0.003,0.044,,,,,,,,slabs,right front wheel speed sensor — output too low (Logged)
205000,1791128005000,50.627455,-3.971721,38.67,192.2,558.3,11,0.9,0.004,0.048,146,156,13.92,38,39.3,38.1,39.2,slabs,right front wheel speed sensor — output too low (Logged)
205500,1791128005500,50.627408,-3.971736,38.73,190.9,558.1,11,0.9,0.003,0.05,,,,,,,,slabs,right front wheel speed sensor — output too low (Logged)
206000,1791128006000,50.627361,-3.97175,38.8,189.6,557.8,11,0.9,0.004,0.05,147,157,13.93,38.1,39.5,38.2,39.4,slabs,right front wheel speed sensor — output too low (Logged)
206500,1791128006500,50.627313,-3.971763,38.87,188.2,557.6,11,0.9,0.004,0.052,,,,,,,,slabs,right front wheel speed sensor — output too low (Logged)
207000,1791128007000,50.627265,-3.971773,38.95,186.8,557.4,11,0.9,0.004,0.054,143,153,13.93,38.2,39.7,38.3,39.5,slabs,right front wheel speed sensor — output too low (Logged)
207500,1791128007500,50.627216,-3.971781,39.03,185.4,557.1,11,0.9,0.005,0.054,,,,,,,,slabs,right front wheel speed sensor — output too low (Logged)
208000,1791128008000,50.627168,-3.971788,39.1,183.9,556.8,11,0.9,0.004,0.056,147,158,13.94,38.3,39.9,38.5,39.7,slabs,right front wheel speed sensor — output too low (Logged)
208500,1791128008500,50.627119,-3.971793,39.19,182.4,556.6,11,0.9,0.005,0.058,,,,,,,,slabs,right front wheel speed sensor — output too low (Logged)
209000,1791128009000,50.62707,-3.971795,39.27,180.9,556.3,11,0.9,0.005,0.058,145,156,13.94,38.5,40.1,38.6,39.9,slabs,right front wheel speed sensor — output too low (Logged)
209500,1791128009500,50.627021,-3.971796,39.35,179.3,556,11,0.9,0.005,0.06,,,,,,,,slabs,right front wheel speed sensor — output too low (Logged)
210000,1791128010000,50.626972,-3.971794,39.44,177.7,555.7,11,0.9,0.005,0.062,143,154,13.94,38.7,40.2,38.8,40.1,slabs,right front wheel speed sensor — output too low (Logged)
210500,1791128010500,50.626923,-3.97179,39.53,176.1,555.3,11,0.9,0.005,0.062,,,,,,,,slabs,right front wheel speed sensor — output too low (Logged)
211000,1791128011000,50.626874,-3.971784,39.62,174.4,555,11,0.9,0.005,0.064,147,158,13.95,38.9,40.4,39,40.2,slabs,right front wheel speed sensor — output too low (Logged)
211500,1791128011500,50.626824,-3.971776,39.72,172.8,554.7,11,0.9,0.005,0.065,,,,,,,,slabs,right front wheel speed sensor — output too low (Logged)
212000,1791128012000,50.626775,-3.971765,39.81,171.1,554.3,11,0.9,0.005,0.065,143,154,13.95,39.1,40.5,39.2,40.4,slabs,right front wheel speed sensor — output too low (Logged)
212500,1791128012500,50.626726,-3.971753,39.91,169.5,554,11,0.9,0.005,0.065,,,,,,,,slabs,right front wheel speed sensor — output too low (Logged)
213000,1791128013000,50.626677,-3.971738,40.01,167.8,553.6,9,0.9,0.006,0.065,144,155,13.95,39.3,40.7,39.5,40.5,slabs,right front wheel speed sensor — output too low (Logged)
213500,1791128013500,50.626628,-3.97172,40.11,166.2,553.2,9,0.9,0.006,0.065,,,,,,,,slabs,right front wheel speed sensor — output too low (Logged)
214000,1791128014000,50.62658,-3.971701,40.21,164.6,552.8,9,0.9,0.006,0.063,147,158,13.95,39.6,40.8,39.7,40.7,slabs,right front wheel speed sensor — output too low (Logged)
214500,1791128014500,50.626532,-3.971679,40.31,163,552.4,9,0.9,0.006,0.064,,,,,,,,slabs,right front wheel speed sensor — output too low (Logged)
215000,1791128015000,50.626484,-3.971655,40.42,161.5,552,9,0.9,0.006,0.062,142,153,13.95,39.9,40.9,40,40.8,slabs,right front wheel speed sensor — output too low (Logged)
215500,1791128015500,50.626436,-3.971629,40.52,159.9,551.6,9,0.9,0.006,0.062,,,,,,,,slabs,right front wheel speed sensor — output too low (Logged)
216000,1791128016000,50.626388,-3.971601,40.63,158.5,551.2,9,0.9,0.006,0.06,146,157,13.95,40.2,41.1,40.3,41,slabs,right front wheel speed sensor — output too low (Logged)
216500,1791128016500,50.626341,-3.971571,40.74,157,550.8,9,0.9,0.006,0.058,,,,,,,,slabs,right front wheel speed sensor — output too low (Logged)
217000,1791128017000,50.626295,-3.971539,40.84,155.6,550.4,9,0.9,0.006,0.058,146,156,13.95,40.5,41.2,40.6,41.1,slabs,right front wheel speed sensor — output too low (Logged)
217500,1791128017500,50.626248,-3.971506,40.95,154.3,550,9,0.9,0.006,0.055,,,,,,,,slabs,right front wheel speed sensor — output too low (Logged)
218000,1791128018000,50.626202,-3.97147,41.06,153,549.6,9,0.9,0.006,0.053,143,153,13.94,40.8,41.3,40.9,41.2,slabs,right front wheel speed sensor — output too low (Logged)
218500,1791128018500,50.626157,-3.971433,41.17,151.8,549.2,9,0.9,0.006,0.051,,,,,,,,slabs,right front wheel speed sensor — output too low (Logged)
219000,1791128019000,50.626112,-3.971394,41.28,150.6,548.8,9,0.9,0.006,0.049,148,157,13.94,41.2,41.4,41.2,41.4,slabs,right front wheel speed sensor — output too low (Logged)
219500,1791128019500,50.626067,-3.971354,41.39,149.5,548.4,9,0.9,0.006,0.047,,,,,,,,slabs,right front wheel speed sensor — output too low (Logged)
220000,1791128020000,50.626023,-3.971312,41.5,148.4,548,9,0.9,0.006,0.045,146,154,13.93,41.5,41.5,41.5,41.5,slabs,right front wheel speed sensor — output too low (Logged)
220500,1791128020500,50.625979,-3.971269,41.61,147.4,547.6,9,0.9,0.006,0.043,,,,,,,,slabs,right front wheel speed sensor — output too low (Logged)
221000,1791128021000,50.625935,-3.971224,41.72,146.4,547.3,9,0.9,0.006,0.041,145,153,13.93,41.8,41.6,41.8,41.6,slabs,right front wheel speed sensor — output too low (Logged)
221500,1791128021500,50.625892,-3.971178,41.83,145.5,546.9,9,0.9,0.006,0.039,,,,,,,,slabs,right front wheel speed sensor — output too low (Logged)
222000,1791128022000,50.625849,-3.971131,41.94,144.6,546.5,9,0.9,0.006,0.037,149,157,13.93,42.2,41.7,42.1,41.7,slabs,right front wheel speed sensor — output too low (Logged)
222500,1791128022500,50.625806,-3.971083,42.05,143.7,546.2,9,0.9,0.006,0.037,,,,,,,,slabs,right front wheel speed sensor — output too low (Logged)
223000,1791128023000,50.625764,-3.971034,42.16,143,545.8,9,0.9,0.006,0.033,145,153,13.92,42.5,41.8,42.4,41.9,slabs,right front wheel speed sensor — output too low (Logged)
223500,1791128023500,50.625722,-3.970983,42.26,142.2,545.5,9,0.9,0.006,0.031,,,,,,,,slabs,right front wheel speed sensor — output too low (Logged)
224000,1791128024000,50.625681,-3.970932,42.37,141.5,545.2,9,0.9,0.006,0.031,147,154,13.91,42.8,41.9,42.7,42,slabs,right front wheel speed sensor — output too low (Logged)
224500,1791128024500,50.625639,-3.97088,42.48,140.8,544.8,9,0.9,0.006,0.029,,,,,,,,slabs,right front wheel speed sensor — output too low (Logged)
225000,1791128025000,50.625598,-3.970827,42.58,140.2,544.5,9,0.9,0.006,0.027,149,156,13.91,43.1,42,43,42.1,slabs,right front wheel speed sensor — output too low (Logged)
225500,1791128025500,50.625557,-3.970773,42.69,139.6,544.3,9,0.9,0.006,0.025,,,,,,,,slabs,right front wheel speed sensor — output too low (Logged)
226000,1791128026000,50.625517,-3.970718,42.79,139.1,544,9,0.9,0.006,0.023,145,152,13.9,43.4,42.1,43.3,42.3,slabs,right front wheel speed sensor — output too low (Logged)
226500,1791128026500,50.625477,-3.970663,42.89,138.5,543.7,9,0.9,0.006,0.023,,,,,,,,slabs,right front wheel speed sensor — output too low (Logged)
227000,1791128027000,50.625437,-3.970607,42.99,138,543.5,9,0.9,0.006,0.023,149,156,13.89,43.7,42.3,43.6,42.4,slabs,right front wheel speed sensor — output too low (Logged)
227500,1791128027500,50.625397,-3.97055,43.09,137.6,543.3,9,0.9,0.006,0.019,,,,,,,,slabs,right front wheel speed sensor — output too low (Logged)
228000,1791128028000,50.625357,-3.970493,43.19,137.1,543.1,9,0.9,0.006,0.019,148,155,13.89,44,42.4,43.8,42.6,slabs,right front wheel speed sensor — output too low (Logged)
228500,1791128028500,50.625318,-3.970435,43.28,136.7,542.9,9,0.9,0.005,0.019,,,,,,,,slabs,right front wheel speed sensor — output too low (Logged)
229000,1791128029000,50.625278,-3.970376,43.38,136.3,542.7,9,0.9,0.005,0.017,145,152,13.88,44.2,42.5,44,42.7,slabs,right front wheel speed sensor — output too low (Logged)
229500,1791128029500,50.625239,-3.970317,43.47,136,542.6,9,0.9,0.005,0.015,,,,,,,,slabs,right front wheel speed sensor — output too low (Logged)
230000,1791128030000,50.6252,-3.970257,43.56,135.6,542.5,9,0.9,0.005,0.015,150,157,13.88,44.4,42.7,44.2,42.9,slabs,right front wheel speed sensor — output too low (Logged)
230500,1791128030500,50.625162,-3.970197,43.65,135.3,542.3,9,0.9,0.005,0.015,,,,,,,,slabs,right front wheel speed sensor — output too low (Logged)
231000,1791128031000,50.625123,-3.970137,43.73,135,542.3,9,0.9,0.005,0.013,146,153,13.87,44.6,42.9,44.4,43,slabs,right front wheel speed sensor — output too low (Logged)
231500,1791128031500,50.625084,-3.970076,43.81,134.7,542.2,9,0.9,0.005,0.013,,,,,,,,slabs,right front wheel speed sensor — output too low (Logged)
232000,1791128032000,50.625046,-3.970014,43.9,134.4,542.1,9,0.9,0.005,0.013,146,153,13.87,44.8,43,44.6,43.2,slabs,right front wheel speed sensor — output too low (Logged)
232500,1791128032500,50.625008,-3.969953,43.97,134.2,542.1,9,0.9,0.005,0.011,,,,,,,,slabs,right front wheel speed sensor — output too low (Logged)
233000,1791128033000,50.624969,-3.96989,44.05,133.9,542.1,9,0.9,0.004,0.011,149,157,13.86,44.9,43.2,44.7,43.4,slabs,right front wheel speed sensor — output too low (Logged)
233500,1791128033500,50.624931,-3.969828,44.13,133.7,542.1,9,0.9,0.005,0.011,,,,,,,,slabs,right front wheel speed sensor — output too low (Logged)
234000,1791128034000,50.624893,-3.969765,44.2,133.5,542.1,9,0.9,0.004,0.009,144,153,13.86,45,43.4,44.8,43.6,slabs,right front wheel speed sensor — output too low (Logged)
234500,1791128034500,50.624855,-3.969702,44.27,133.3,542.1,9,0.9,0.004,0.009,,,,,,,,slabs,right front wheel speed sensor — output too low (Logged)
235000,1791128035000,50.624817,-3.969638,44.33,133.1,542.1,9,1,0.004,0.009,147,155,13.86,45.1,43.6,44.9,43.7,slabs,right front wheel speed sensor — output too low (Logged)
235500,1791128035500,50.62478,-3.969575,44.39,132.9,542.2,9,1,0.003,0.009,,,,,,,,slabs,right front wheel speed sensor — output too low (Logged)
236000,1791128036000,50.624742,-3.969511,44.46,132.8,542.2,9,1,0.004,0.007,147,157,13.85,45.1,43.8,45,43.9,slabs,right front wheel speed sensor — output too low (Logged)
236500,1791128036500,50.624704,-3.969446,44.51,132.6,542.3,9,1,0.003,0.007,,,,,,,,slabs,right front wheel speed sensor — output too low (Logged)
237000,1791128037000,50.624667,-3.969382,44.57,132.4,542.4,9,1,0.003,0.009,143,153,13.85,45.1,44,45,44.1,slabs,right front wheel speed sensor — output too low (Logged)
237500,1791128037500,50.624629,-3.969317,44.62,132.3,542.5,9,1,0.003,0.007,,,,,,,,slabs,right front wheel speed sensor — output too low (Logged)
238000,1791128038000,50.624592,-3.969252,44.67,132.2,542.6,9,1,0.003,0.004,147,157,13.85,45.1,44.2,45,44.3,slabs,right front wheel speed sensor — output too low (Logged)
238500,1791128038500,50.624554,-3.969187,44.71,132,542.7,9,1,0.003,0.007,,,,,,,,slabs,right front wheel speed sensor — output too low (Logged)
239000,1791128039000,50.624517,-3.969121,44.75,131.9,542.9,9,1,0.002,0.007,145,156,13.85,45.1,44.4,45,44.5,slabs,right front wheel speed sensor — output too low (Logged)
239500,1791128039500,50.62448,-3.969056,44.79,131.8,543,9,1,0.002,0.004,,,,,,,,slabs,right front wheel speed sensor — output too low (Logged)
240000,1791128040000,50.624443,-3.96899,44.83,131.6,543.1,9,1,0.002,0.007,143,154,13.85,45.1,44.6,45,44.6,slabs,right front wheel speed sensor — output too low (Logged)
240500,1791128040500,50.624405,-3.968924,44.86,131.5,543.3,9,1,0.002,0.007,,,,,,,,slabs,right front wheel speed sensor — output too low (Logged)
241000,1791128041000,50.624368,-3.968858,44.89,131.4,543.4,9,1,0.002,0.004,147,158,13.85,45,44.8,45,44.8,slabs,right front wheel speed sensor — output too low (Logged)
241500,1791128041500,50.624331,-3.968792,44.92,131.3,543.5,9,1,0.002,0.004,,,,,,,,slabs,right front wheel speed sensor — output too low (Logged)
242000,1791128042000,50.624294,-3.968725,44.94,131.2,543.7,9,1,0.001,0.004,143,155,13.85,44.9,45,44.9,44.9,slabs,right front wheel speed sensor — output too low (Logged)
242500,1791128042500,50.624257,-3.968659,44.96,131.1,543.8,9,1,0.001,0.004,,,,,,,,slabs,right front wheel speed sensor — output too low (Logged)
243000,1791128043000,50.624221,-3.968592,44.97,131,543.9,9,1,0.001,0.004,144,155,13.86,44.8,45.1,44.9,45.1,slabs,right front wheel speed sensor — output too low (Logged)
243500,1791128043500,50.624184,-3.968525,44.98,130.9,544.1,9,1,0.001,0.004,,,,,,,,slabs,right front wheel speed sensor — output too low (Logged)
244000,1791128044000,50.624147,-3.968458,44.99,130.8,544.2,9,1,0.001,0.004,147,158,13.86,44.7,45.3,44.8,45.2,slabs,right front wheel speed sensor — output too low (Logged)
244500,1791128044500,50.62411,-3.968391,45,130.7,544.3,9,1,0.001,0.004,,,,,,,,slabs,right front wheel speed sensor — output too low (Logged)
245000,1791128045000,50.624074,-3.968324,45,130.6,544.4,9,1,0,0.004,142,154,13.86,44.6,45.4,44.7,45.3,slabs,right front wheel speed sensor — output too low (Logged)
245500,1791128045500,50.624037,-3.968257,44.95,130.5,544.5,9,1,-0.001,0.004,,,,,,,,slabs,right front wheel speed sensor — output too low (Logged)
246000,1791128046000,50.624001,-3.96819,44.79,130.4,544.6,9,1,-0.006,0.004,145,157,13.87,44.3,45.3,44.4,45.2,slabs,right front wheel speed sensor — output too low (Logged)
246500,1791128046500,50.623965,-3.968123,44.53,130.3,544.7,9,1,-0.012,0.004,,,,,,,,slabs,right front wheel speed sensor — output too low (Logged)
247000,1791128047000,50.623929,-3.968056,44.17,130.2,544.8,9,1,-0.018,0.004,146,157,13.87,43.6,44.8,43.7,44.6,slabs,right front wheel speed sensor — output too low (Logged)
247500,1791128047500,50.623894,-3.96799,43.7,130.1,544.9,9,1,-0.024,0.004,,,,,,,,slabs,right front wheel speed sensor — output too low (Logged)
248000,1791128048000,50.623859,-3.967925,43.14,129.9,544.9,9,1,-0.029,0.006,143,153,13.88,42.5,43.8,42.6,43.7,slabs,right front wheel speed sensor — output too low (Logged)
248500,1791128048500,50.623825,-3.96786,42.48,129.8,545,9,1,-0.035,0.006,,,,,,,,slabs,right front wheel speed sensor — output too low (Logged)
249000,1791128049000,50.623791,-3.967796,41.72,129.7,545,9,1,-0.04,0.004,147,157,13.89,41,42.4,41.2,42.3,slabs,right front wheel speed sensor — output too low (Logged)
249500,1791128049500,50.623758,-3.967734,40.88,129.6,545,9,1,-0.045,0.004,,,,,,,,slabs,right front wheel speed sensor — output too low (Logged)
250000,1791128050000,50.623726,-3.967672,39.95,129.5,545,9,1,-0.05,0.004,145,155,13.89,39.2,40.7,39.4,40.5,slabs,right front wheel speed sensor — output too low (Logged)
250500,1791128050500,50.623695,-3.967613,38.94,129.4,545,9,1,-0.055,0.004,,,,,,,,slabs,right front wheel speed sensor — output too low (Logged)
251000,1791128051000,50.623665,-3.967554,37.86,129.3,545,9,1,-0.059,0.004,144,153,13.9,37.1,38.6,37.3,38.4,slabs,right front wheel speed sensor — output too low (Logged)
251500,1791128051500,50.623635,-3.967497,36.7,129.1,545,9,1,-0.063,0.006,,,,,,,,slabs,right front wheel speed sensor — output too low (Logged)
252000,1791128052000,50.623607,-3.967442,35.48,129,545,9,1,-0.067,0.005,149,157,13.9,34.8,36.2,34.9,36,slabs,right front wheel speed sensor — output too low (Logged)
252500,1791128052500,50.623579,-3.967389,34.19,128.9,544.9,9,1,-0.071,0.004,,,,,,,,slabs,right front wheel speed sensor — output too low (Logged)
253000,1791128053000,50.623553,-3.967338,32.85,128.8,544.9,9,1,-0.074,0.003,145,153,13.91,32.2,33.5,32.3,33.4,slabs,right front wheel speed sensor — output too low (Logged)
253500,1791128053500,50.623528,-3.967288,31.46,128.7,544.8,9,1,-0.077,0.003,,,,,,,,slabs,right front wheel speed sensor — output too low (Logged)
254000,1791128054000,50.623504,-3.967241,30.03,128.5,544.8,9,1,-0.08,0.005,146,154,13.92,29.4,30.6,29.6,30.5,slabs,right front wheel speed sensor — output too low (Logged)
254500,1791128054500,50.623481,-3.967196,28.57,128.4,544.7,9,1,-0.082,0.004,,,,,,,,slabs,right front wheel speed sensor — output too low (Logged)
255000,1791128055000,50.62346,-3.967153,27.08,128.3,544.7,9,1,-0.084,0.003,149,157,13.92,26.6,27.6,26.7,27.5,slabs,right front wheel speed sensor — output too low (Logged)
255500,1791128055500,50.623439,-3.967112,25.56,128.2,544.6,9,1,-0.085,0.003,,,,,,,,slabs,right front wheel speed sensor — output too low (Logged)
256000,1791128056000,50.62342,-3.967074,24.04,128.1,544.6,9,1,-0.086,0.003,144,152,13.93,23.6,24.5,23.7,24.4,slabs,right front wheel speed sensor — output too low (Logged)
256500,1791128056500,50.623402,-3.967038,22.5,128,544.5,9,1,-0.087,0.002,,,,,,,,slabs,right front wheel speed sensor — output too low (Logged)
257000,1791128057000,50.623386,-3.967004,20.96,127.9,544.5,9,1,-0.087,0.002,148,156,13.93,20.6,21.3,20.7,21.2,slabs,right front wheel speed sensor — output too low (Logged)
257500,1791128057500,50.62337,-3.966973,19.44,127.8,544.4,9,1,-0.087,0.002,,,,,,,,slabs,right front wheel speed sensor — output too low (Logged)
258000,1791128058000,50.623356,-3.966944,17.92,127.7,544.4,9,1,-0.086,0.002,147,155,13.94,17.7,18.2,17.7,18.1,slabs,right front wheel speed sensor — output too low (Logged)
258500,1791128058500,50.623343,-3.966917,16.43,127.6,544.3,9,1,-0.085,0.002,,,,,,,,slabs,right front wheel speed sensor — output too low (Logged)
259000,1791128059000,50.623331,-3.966893,14.97,127.6,544.3,9,1,-0.084,0.001,145,153,13.94,14.8,15.2,14.8,15.1,slabs,right front wheel speed sensor — output too low (Logged)
259500,1791128059500,50.62332,-3.966871,13.54,127.5,544.3,9,1,-0.082,0.001,,,,,,,,slabs,right front wheel speed sensor — output too low (Logged)
260000,1791128060000,50.62331,-3.966851,12.15,127.4,544.2,9,1,-0.08,0.001,148,156,13.94,12,12.3,12,12.3,slabs,right front wheel speed sensor — output too low (Logged)
260500,1791128060500,50.623302,-3.966833,10.81,127.4,544.2,9,1,-0.077,0.001,,,,,,,,slabs,right front wheel speed sensor — output too low (Logged)
261000,1791128061000,50.623294,-3.966817,9.52,127.3,544.2,9,1,-0.074,0.001,146,155,13.95,9.4,9.6,9.5,9.6,slabs,right front wheel speed sensor — output too low (Logged)
261500,1791128061500,50.623287,-3.966803,8.3,127.3,544.1,9,1,-0.071,0,,,,,,,,slabs,right front wheel speed sensor — output too low (Logged)
262000,1791128062000,50.623281,-3.966791,7.14,127.2,544.1,9,1,-0.067,0,146,154,13.95,7.1,7.2,7.1,7.2,slabs,right front wheel speed sensor — output too low (Logged)
262500,1791128062500,50.623276,-3.96678,6.06,127.2,544.1,9,1,-0.063,0,,,,,,,,slabs,right front wheel speed sensor — output too low (Logged)
263000,1791128063000,50.623272,-3.966772,5.05,127.2,544.1,9,1,-0.059,0,147,155,13.95,5,5.1,5,5.1,slabs,right front wheel speed sensor — output too low (Logged)
263500,1791128063500,50.623269,-3.966765,4.12,127.1,544.1,9,1,-0.055,0,,,,,,,,slabs,right front wheel speed sensor — output too low (Logged)
264000,1791128064000,50.623266,-3.966759,3.28,127.1,544,9,1,-0.05,0,146,155,13.95,3.3,3.3,3.3,3.3,slabs,right front wheel speed sensor — output too low (Logged)
264500,1791128064500,50.623264,-3.966754,2.52,127.1,544,9,1,-0.045,0,,,,,,,,slabs,right front wheel speed sensor — output too low (Logged)
265000,1791128065000,50.623262,-3.966751,1.86,127.1,544,9,1,-0.04,0,146,155,13.95,1.9,1.9,1.9,1.9,slabs,right front wheel speed sensor — output too low (Logged)
265500,1791128065500,50.623261,-3.966748,1.3,127.1,544,9,1,-0.035,0,,,,,,,,slabs,right front wheel speed sensor — output too low (Logged)
266000,1791128066000,50.62326,-3.966747,0.83,127.1,544,9,1,-0.029,0,146,155,13.95,0.8,0.8,0.8,0.8,slabs,right front wheel speed sensor — output too low (Logged)
266500,1791128066500,50.62326,-3.966746,0.47,127.1,544,9,1,-0.024,0,,,,,,,,slabs,right front wheel speed sensor — output too low (Logged)
267000,1791128067000,50.623259,-3.966745,0.21,127.1,544,9,1,-0.018,0,146,155,13.95,0.2,0.2,0.2,0.2,slabs,right front wheel speed sensor — output too low (Logged)
267500,1791128067500,50.623259,-3.966745,0.05,127.1,544,9,1,-0.012,0,,,,,,,,slabs,right front wheel speed sensor — output too low (Logged)
268000,1791128068000,50.623259,-3.966745,0,127.1,544,9,1,-0.006,0,146,155,13.94,0,0,0,0,slabs,right front wheel speed sensor — output too low (Logged)
268500,1791128068500,50.623259,-3.966745,0,127.1,544,9,1,-0.001,0,,,,,,,,slabs,right front wheel speed sensor — output too low (Logged)
269000,1791128069000,50.623259,-3.966745,0,127.1,544,9,1,0,0,146,155,13.94,0,0,0,0,slabs,right front wheel speed sensor — output too low (Logged)
269500,1791128069500,50.623259,-3.966745,0,127.1,544,9,1,0,0,,,,,,,,slabs,right front wheel speed sensor — output too low (Logged)
270000,1791128070000,50.623259,-3.966745,0,127.1,544,9,1,0,0,146,155,13.94,0,0,0,0,slabs,right front wheel speed sensor — output too low (Logged)
270500,1791128070500,50.623259,-3.966745,0,127.1,544,9,1,0,0,,,,,,,,slabs,right front wheel speed sensor — output too low (Logged)
271000,1791128071000,50.623259,-3.966745,0,127.1,544,9,1,0,0,146,155,13.93,0,0,0,0,slabs,right front wheel speed sensor — output too low (Logged)
271500,1791128071500,50.623259,-3.966745,0,127.1,544,9,1,0,0,,,,,,,,slabs,right front wheel speed sensor — output too low (Logged)
272000,1791128072000,50.623259,-3.966745,0,127.1,544,9,1,0,0,146,155,13.93,0,0,0,0,slabs,right front wheel speed sensor — output too low (Logged)
272500,1791128072500,50.623259,-3.966745,0,127.1,544,9,1,0,0,,,,,,,,slabs,right front wheel speed sensor — output too low (Logged)
273000,1791128073000,50.623259,-3.966745,0,127.1,544,9,1,0,0,146,155,13.92,0,0,0,0,slabs,right front wheel speed sensor — output too low (Logged)
273500,1791128073500,50.623259,-3.966745,0,127.1,544,9,1,0,0,,,,,,,,slabs,right front wheel speed sensor — output too low (Logged)
274000,1791128074000,50.623259,-3.966745,0,127.1,544,9,1,0,0,146,155,13.92,0,0,0,0,slabs,right front wheel speed sensor — output too low (Logged)
274500,1791128074500,50.623259,-3.966745,0,127.1,544,9,1,0,0,,,,,,,,slabs,right front wheel speed sensor — output too low (Logged)
275000,1791128075000,50.623259,-3.966745,0,127.1,544,9,1,0,0,146,155,13.91,0,0,0,0,slabs,right front wheel speed sensor — output too low (Logged)
275500,1791128075500,50.623259,-3.966745,0,127.1,544,9,1,0,0,,,,,,,,slabs,right front wheel speed sensor — output too low (Logged)
276000,1791128076000,50.623259,-3.966745,0,127.1,544,9,1,0,0,146,155,13.9,0,0,0,0,slabs,right front wheel speed sensor — output too low (Logged)
276500,1791128076500,50.623259,-3.966745,0,127.1,544,9,1,0,0,,,,,,,,slabs,right front wheel speed sensor — output too low (Logged)
277000,1791128077000,50.623259,-3.966745,0,127.1,544,9,1,0,0,146,155,13.9,0,0,0,0,slabs,right front wheel speed sensor — output too low (Logged)
277500,1791128077500,50.623259,-3.966745,0,127.1,544,9,1,0,0,,,,,,,,slabs,right front wheel speed sensor — output too low (Logged)
278000,1791128078000,50.623259,-3.966745,0,127.1,544,9,1,0,0,146,155,13.89,0,0,0,0,slabs,right front wheel speed sensor — output too low (Logged)
278500,1791128078500,50.623259,-3.966745,0,127.1,544,9,1,0,0,,,,,,,,slabs,right front wheel speed sensor — output too low (Logged)
279000,1791128079000,50.623259,-3.966745,0,127.1,544,9,1,0,0,146,155,13.88,0,0,0,0,slabs,right front wheel speed sensor — output too low (Logged)
279500,1791128079500,50.623259,-3.966745,0,127.1,544,9,1,0,0,,,,,,,,slabs,right front wheel speed sensor — output too low (Logged)
280000,1791128080000,50.623259,-3.966745,0,127.1,544,9,1,0,0,146,155,13.88,0,0,0,0,slabs,right front wheel speed sensor — output too low (Logged)
280500,1791128080500,50.623259,-3.966745,0,127.1,544,9,1,0,0,,,,,,,,slabs,right front wheel speed sensor — output too low (Logged)
281000,1791128081000,50.623259,-3.966745,0,127.1,544,9,1,0,0,146,155,13.87,0,0,0,0,slabs,right front wheel speed sensor — output too low (Logged)
281500,1791128081500,50.623259,-3.966745,0,127.1,544,9,1,0,0,,,,,,,,slabs,right front wheel speed sensor — output too low (Logged)
282000,1791128082000,50.623259,-3.966745,0,127.1,544,9,0.8,0,0,146,155,13.87,0,0,0,0,slabs,right front wheel speed sensor — output too low (Logged)
282500,1791128082500,50.623259,-3.966745,0,127.1,544,9,0.8,0,0,,,,,,,,slabs,right front wheel speed sensor — output too low (Logged)
283000,1791128083000,50.623259,-3.966745,0,127.1,544,9,0.8,0,0,146,155,13.86,0,0,0,0,slabs,right front wheel speed sensor — output too low (Logged)
283500,1791128083500,50.623259,-3.966745,0,127.1,544,9,0.8,0,0,,,,,,,,slabs,right front wheel speed sensor — output too low (Logged)
284000,1791128084000,50.623259,-3.966745,0,127.1,544,10,0.8,0,0,146,155,13.86,0,0,0,0,slabs,right front wheel speed sensor — output too low (Logged)
284500,1791128084500,50.623259,-3.966745,0,127.1,544,10,0.8,0,0,,,,,,,,slabs,right front wheel speed sensor — output too low (Logged)
285000,1791128085000,50.623259,-3.966745,0,127.1,544,10,0.8,0,0,146,155,13.86,0,0,0,0,slabs,right front wheel speed sensor — output too low (Logged)
285500,1791128085500,50.623259,-3.966745,0,127.1,544,10,0.8,0,0,,,,,,,,slabs,right front wheel speed sensor — output too low (Logged)
286000,1791128086000,50.623259,-3.966745,0,127.1,544,10,0.8,0,0,146,155,13.85,0,0,0,0,slabs,right front wheel speed sensor — output too low (Logged)
286500,1791128086500,50.623259,-3.966745,0,127.1,544,10,0.8,0,0,,,,,,,,slabs,right front wheel speed sensor — output too low (Logged)
287000,1791128087000,50.623259,-3.966745,0,127.1,544,10,0.8,0,0,146,155,13.85,0,0,0,0,slabs,right front wheel speed sensor — output too low (Logged)
287500,1791128087500,50.623259,-3.966745,0,127.1,544,10,0.8,0,0,,,,,,,,slabs,right front wheel speed sensor — output too low (Logged)
288000,1791128088000,50.623259,-3.966745,0,127.1,544,10,0.8,0,0,146,155,13.85,0,0,0,0,slabs,right front wheel speed sensor — output too low (Logged)
288500,1791128088500,50.623259,-3.966745,0,127.1,544,10,0.8,0,0,,,,,,,,slabs,right front wheel speed sensor — output too low (Logged)
289000,1791128089000,50.623259,-3.966745,0,127.1,544,10,0.8,0,0,146,155,13.85,0,0,0,0,slabs,right front wheel speed sensor — output too low (Logged)
289500,1791128089500,50.623259,-3.966745,0,127.1,544,10,0.8,0,0,,,,,,,,slabs,right front wheel speed sensor — output too low (Logged)
290000,1791128090000,50.623259,-3.966745,0,127.1,544,10,0.8,0,0,146,155,13.85,0,0,0,0,slabs,right front wheel speed sensor — output too low (Logged); shuttle valve switch — electrical failure (Current)
290500,1791128090500,50.623259,-3.966745,0,127.1,544,10,0.8,0,0,,,,,,,,slabs,right front wheel speed sensor — output too low (Logged); shuttle valve switch — electrical failure (Current)
291000,1791128091000,50.623259,-3.966745,0,127.1,544,10,0.8,0,0,146,155,13.85,0,0,0,0,slabs,right front wheel speed sensor — output too low (Logged); shuttle valve switch — electrical failure (Current)
291500,1791128091500,50.623259,-3.966745,0,127.1,544,10,0.8,0,0,,,,,,,,slabs,right front wheel speed sensor — output too low (Logged); shuttle valve switch — electrical failure (Current)
292000,1791128092000,50.623259,-3.966745,0,127.1,544,10,0.8,0,0,146,155,13.85,0,0,0,0,slabs,right front wheel speed sensor — output too low (Logged); shuttle valve switch — electrical failure (Current)
292500,1791128092500,50.623259,-3.966745,0,127.1,544,10,0.8,0,0,,,,,,,,slabs,right front wheel speed sensor — output too low (Logged); shuttle valve switch — electrical failure (Current)
293000,1791128093000,50.623259,-3.966745,0,127.1,544,10,0.8,0,0,146,155,13.86,0,0,0,0,slabs,right front wheel speed sensor — output too low (Logged); shuttle valve switch — electrical failure (Current)
293500,1791128093500,50.623259,-3.966745,0,127.1,544,10,0.8,0,0,,,,,,,,slabs,right front wheel speed sensor — output too low (Logged); shuttle valve switch — electrical failure (Current)
294000,1791128094000,50.623259,-3.966745,0,127.1,544,10,0.8,0,0,146,155,13.86,0,0,0,0,slabs,right front wheel speed sensor — output too low (Logged); shuttle valve switch — electrical failure (Current)
294500,1791128094500,50.623259,-3.966745,0,127.1,544,10,0.8,0,0,,,,,,,,slabs,right front wheel speed sensor — output too low (Logged); shuttle valve switch — electrical failure (Current)
295000,1791128095000,50.623259,-3.966745,0,127.1,544,10,0.8,0,0,146,155,13.86,0,0,0,0,slabs,right front wheel speed sensor — output too low (Logged); shuttle valve switch — electrical failure (Current)
295500,1791128095500,50.623259,-3.966745,0,127.1,544,10,0.8,0,0,,,,,,,,slabs,right front wheel speed sensor — output too low (Logged); shuttle valve switch — electrical failure (Current)
296000,1791128096000,50.623259,-3.966745,0,127.1,544,10,0.8,0,0,146,155,13.87,0,0,0,0,slabs,right front wheel speed sensor — output too low (Logged); shuttle valve switch — electrical failure (Current)
296500,1791128096500,50.623259,-3.966745,0,127.1,544,10,0.8,0,0,,,,,,,,slabs,right front wheel speed sensor — output too low (Logged); shuttle valve switch — electrical failure (Current)
297000,1791128097000,50.623259,-3.966745,0,127.1,544,10,0.8,0,0,146,155,13.87,0,0,0,0,slabs,right front wheel speed sensor — output too low (Logged); shuttle valve switch — electrical failure (Current)
297500,1791128097500,50.623259,-3.966745,0,127.1,544,10,0.8,0,0,,,,,,,,slabs,right front wheel speed sensor — output too low (Logged); shuttle valve switch — electrical failure (Current)
298000,1791128098000,50.623259,-3.966745,0,127.1,544,10,0.8,0,0,146,155,13.88,0,0,0,0,slabs,right front wheel speed sensor — output too low (Logged); shuttle valve switch — electrical failure (Current)
298500,1791128098500,50.623259,-3.966745,0,127.1,544,10,0.8,0,0,,,,,,,,slabs,right front wheel speed sensor — output too low (Logged); shuttle valve switch — electrical failure (Current)
299000,1791128099000,50.623259,-3.966745,0,127.1,544,10,0.8,0,0,146,155,13.88,0,0,0,0,slabs,right front wheel speed sensor — output too low (Logged); shuttle valve switch — electrical failure (Current)
299500,1791128099500,50.623259,-3.966745,0,127.1,544,10,0.8,0,0,,,,,,,,slabs,right front wheel speed sensor — output too low (Logged); shuttle valve switch — electrical failure (Current)
300000,1791128100000,50.623259,-3.966745,0,127.1,544,10,0.8,0,0,146,155,13.89,0,0,0,0,slabs,right front wheel speed sensor — output too low (Logged); shuttle valve switch — electrical failure (Current)
300500,1791128100500,50.623259,-3.966745,0,127.1,544,10,0.8,0,0,,,,,,,,slabs,right front wheel speed sensor — output too low (Logged); shuttle valve switch — electrical failure (Current)
301000,1791128101000,50.623259,-3.966745,0,127.1,544,10,0.8,0,0,146,155,13.9,0,0,0,0,slabs,right front wheel speed sensor — output too low (Logged); shuttle valve switch — electrical failure (Current)
301500,1791128101500,50.623259,-3.966745,0,127.1,544,10,0.8,0,0,,,,,,,,slabs,right front wheel speed sensor — output too low (Logged); shuttle valve switch — electrical failure (Current)
302000,1791128102000,50.623259,-3.966745,0,127.1,544,10,0.8,0,0,146,155,13.9,0,0,0,0,slabs,right front wheel speed sensor — output too low (Logged); shuttle valve switch — electrical failure (Current)
302500,1791128102500,50.623259,-3.966745,0,127.1,544,10,0.8,0,0,,,,,,,,slabs,right front wheel speed sensor — output too low (Logged); shuttle valve switch — electrical failure (Current)
303000,1791128103000,50.623259,-3.966745,0,127.1,544,10,0.8,0,0,146,155,13.91,0,0,0,0,slabs,right front wheel speed sensor — output too low (Logged); shuttle valve switch — electrical failure (Current)
303500,1791128103500,50.623259,-3.966745,0,127.1,544,10,0.8,0,0,,,,,,,,slabs,right front wheel speed sensor — output too low (Logged); shuttle valve switch — electrical failure (Current)
304000,1791128104000,50.623259,-3.966745,0,127.1,544,10,0.8,0,0,146,155,13.91,0,0,0,0,slabs,right front wheel speed sensor — output too low (Logged); shuttle valve switch — electrical failure (Current)
304500,1791128104500,50.623259,-3.966745,0,127.1,544,10,0.8,0,0,,,,,,,,slabs,right front wheel speed sensor — output too low (Logged); shuttle valve switch — electrical failure (Current)
305000,1791128105000,50.623259,-3.966745,0,127.1,544,10,0.8,0,0,146,155,13.92,0,0,0,0,slabs,right front wheel speed sensor — output too low (Logged); shuttle valve switch — electrical failure (Current)
305500,1791128105500,50.623259,-3.966745,0.04,127.1,544,10,0.8,0.001,0,,,,,,,,slabs,right front wheel speed sensor — output too low (Logged); shuttle valve switch — electrical failure (Current)
306000,1791128106000,50.623259,-3.966745,0.14,127.1,544,10,0.8,0.004,0,146,155,13.93,0.1,0.1,0.1,0.1,slabs,right front wheel speed sensor — output too low (Logged); shuttle valve switch — electrical failure (Current)
306500,1791128106500,50.623259,-3.966744,0.32,127.1,544,10,0.8,0.008,0,,,,,,,,slabs,right front wheel speed sensor — output too low (Logged); shuttle valve switch — electrical failure (Current)
307000,1791128107000,50.623259,-3.966744,0.57,127.1,544,10,0.8,0.012,0,146,155,13.93,0.6,0.6,0.6,0.6,slabs,right front wheel speed sensor — output too low (Logged); shuttle valve switch — electrical failure (Current)
307500,1791128107500,50.623258,-3.966743,0.88,127,544,10,0.8,0.016,0,,,,,,,,slabs,right front wheel speed sensor — output too low (Logged); shuttle valve switch — electrical failure (Current)
308000,1791128108000,50.623257,-3.966741,1.26,127,544,10,0.8,0.02,0,146,155,13.94,1.3,1.3,1.3,1.3,slabs,right front wheel speed sensor — output too low (Logged); shuttle valve switch — electrical failure (Current)
308500,1791128108500,50.623256,-3.966739,1.71,127,544,10,0.8,0.024,0,,,,,,,,slabs,right front wheel speed sensor — output too low (Logged); shuttle valve switch — electrical failure (Current)
309000,1791128109000,50.623255,-3.966736,2.23,127,544,10,0.8,0.027,0,146,155,13.94,2.2,2.2,2.2,2.2,slabs,right front wheel speed sensor — output too low (Logged); shuttle valve switch — electrical failure (Current)
309500,1791128109500,50.623253,-3.966732,2.8,127,544,10,0.8,0.031,0,,,,,,,,slabs,right front wheel speed sensor — output too low (Logged); shuttle valve switch — electrical failure (Current)
310000,1791128110000,50.62325,-3.966727,3.44,127,544,10,0.8,0.034,0,146,155,13.94,3.5,3.4,3.5,3.4,slabs,right front wheel speed sensor — output too low (Logged); shuttle valve switch — electrical failure (Current)
310500,1791128110500,50.623248,-3.966721,4.13,127,544,10,0.8,0.038,0,,,,,,,,slabs,right front wheel speed sensor — output too low (Logged); shuttle valve switch — electrical failure (Current)
311000,1791128111000,50.623244,-3.966714,4.88,126.9,544,10,0.8,0.041,0,145,155,13.95,4.9,4.8,4.9,4.8,slabs,right front wheel speed sensor — output too low (Logged); shuttle valve switch — electrical failure (Current)
311500,1791128111500,50.62324,-3.966705,5.68,126.9,543.9,10,0.8,0.044,0,,,,,,,,slabs,right front wheel speed sensor — output too low (Logged); shuttle valve switch — electrical failure (Current)
312000,1791128112000,50.623236,-3.966696,6.53,126.9,543.9,10,0.8,0.047,0,147,156,13.95,6.6,6.5,6.6,6.5,slabs,right front wheel speed sensor — output too low (Logged); shuttle valve switch — electrical failure (Current)
312500,1791128112500,50.623231,-3.966685,7.42,126.8,543.9,10,0.8,0.049,0,,,,,,,,slabs,right front wheel speed sensor — output too low (Logged); shuttle valve switch — electrical failure (Current)
313000,1791128113000,50.623225,-3.966673,8.36,126.8,543.9,10,0.8,0.052,0,146,155,13.95,8.5,8.2,8.4,8.3,slabs,right front wheel speed sensor — output too low (Logged); shuttle valve switch — electrical failure (Current)
313500,1791128113500,50.623218,-3.966659,9.33,126.7,543.8,10,0.8,0.054,0,,,,,,,,slabs,right front wheel speed sensor — output too low (Logged); shuttle valve switch — electrical failure (Current)
314000,1791128114000,50.623211,-3.966643,10.34,126.7,543.8,10,0.8,0.056,0,146,155,13.95,10.5,10.2,10.5,10.2,slabs,right front wheel speed sensor — output too low (Logged); shuttle valve switch — electrical failure (Current)
314500,1791128114500,50.623203,-3.966626,11.37,126.6,543.8,10,0.8,0.058,0.001,,,,,,,,slabs,right front wheel speed sensor — output too low (Logged); shuttle valve switch — electrical failure (Current)
315000,1791128115000,50.623194,-3.966607,12.44,126.5,543.7,10,0.8,0.059,0.001,147,156,13.95,12.6,12.2,12.6,12.3,slabs,right front wheel speed sensor — output too low (Logged); shuttle valve switch — electrical failure (Current)
315500,1791128115500,50.623184,-3.966587,13.52,126.5,543.7,10,0.8,0.061,0.001,,,,,,,,slabs,right front wheel speed sensor — output too low (Logged); shuttle valve switch — electrical failure (Current)
316000,1791128116000,50.623174,-3.966564,14.63,126.4,543.7,10,0.8,0.062,0.001,145,154,13.95,14.9,14.4,14.8,14.4,slabs,right front wheel speed sensor — output too low (Logged); shuttle valve switch — electrical failure (Current)
316500,1791128116500,50.623162,-3.96654,15.74,126.3,543.6,10,0.8,0.063,0.001,,,,,,,,slabs,right front wheel speed sensor — output too low (Logged); shuttle valve switch — electrical failure (Current)
317000,1791128117000,50.62315,-3.966515,16.87,126.2,543.5,10,0.8,0.063,0.002,147,155,13.95,17.2,16.5,17.1,16.6,slabs,right front wheel speed sensor — output too low (Logged); shuttle valve switch — electrical failure (Current)
317500,1791128117500,50.623138,-3.966487,18,126,543.5,10,0.8,0.064,0.003,,,,,,,,slabs,right front wheel speed sensor — output too low (Logged); shuttle valve switch — electrical failure (Current)
318000,1791128118000,50.623124,-3.966457,19.13,125.9,543.4,10,0.8,0.064,0.003,148,156,13.94,19.5,18.8,19.4,18.8,slabs,right front wheel speed sensor — output too low (Logged); shuttle valve switch — electrical failure (Current)
318500,1791128118500,50.62311,-3.966426,20.26,125.8,543.4,10,0.8,0.064,0.002,,,,,,,,slabs,right front wheel speed sensor — output too low (Logged); shuttle valve switch — electrical failure (Current)
319000,1791128119000,50.623094,-3.966393,21.37,125.6,543.3,10,0.8,0.063,0.003,145,152,13.94,21.8,20.9,21.7,21,slabs,right front wheel speed sensor — output too low (Logged); shuttle valve switch — electrical failure (Current)
319500,1791128119500,50.623078,-3.966358,22.48,125.4,543.2,10,0.8,0.063,0.004,,,,,,,,slabs,right front wheel speed sensor — output too low (Logged); shuttle valve switch — electrical failure (Current)
320000,1791128120000,50.623062,-3.966321,23.56,125.3,543.1,10,0.8,0.062,0.003,149,156,13.94,24,23.1,23.9,23.2,slabs,right front wheel speed sensor — output too low (Logged); shuttle valve switch — electrical failure (Current)
320500,1791128120500,50.623044,-3.966282,24.63,125.1,543.1,10,0.8,0.061,0.003,,,,,,,,slabs,right front wheel speed sensor — output too low (Logged); shuttle valve switch — electrical failure (Current)
321000,1791128121000,50.623026,-3.966242,25.66,124.9,543,10,0.8,0.059,0.005,147,154,13.93,26.2,25.2,26.1,25.3,slabs,right front wheel speed sensor — output too low (Logged); shuttle valve switch — electrical failure (Current)
321500,1791128121500,50.623008,-3.966199,26.67,124.6,542.9,10,0.8,0.058,0.006,,,,,,,,slabs,right front wheel speed sensor — output too low (Logged); shuttle valve switch — electrical failure (Current)
322000,1791128122000,50.622989,-3.966155,27.64,124.4,542.8,10,0.8,0.056,0.007,145,153,13.93,28.1,27.1,28,27.2,slabs,right front wheel speed sensor — output too low (Logged); shuttle valve switch — electrical failure (Current)
322500,1791128122500,50.622969,-3.96611,28.58,124.1,542.7,10,0.8,0.054,0.007,,,,,,,,slabs,right front wheel speed sensor — output too low (Logged); shuttle valve switch — electrical failure (Current)
323000,1791128123000,50.622949,-3.966062,29.47,123.8,542.6,10,0.8,0.052,0.008,150,157,13.92,30,29,29.9,29.1,slabs,right front wheel speed sensor — output too low (Logged); shuttle valve switch — electrical failure (Current)
323500,1791128123500,50.622928,-3.966013,30.32,123.5,542.5,10,0.8,0.049,0.009,,,,,,,,slabs,right front wheel speed sensor — output too low (Logged); shuttle valve switch — electrical failure (Current)
324000,1791128124000,50.622907,-3.965963,31.12,123.2,542.4,10,0.8,0.047,0.009,146,153,13.92,31.6,30.7,31.5,30.8,slabs,right front wheel speed sensor — output too low (Logged); shuttle valve switch — electrical failure (Current)
324500,1791128124500,50.622885,-3.965911,31.87,122.8,542.3,10,0.8,0.044,0.011,,,,,,,,slabs,right front wheel speed sensor — output too low (Logged); shuttle valve switch — electrical failure (Current)
325000,1791128125000,50.622863,-3.965858,32.56,122.5,542.2,10,0.8,0.041,0.011,147,154,13.91,33,32.1,32.9,32.2,slabs,right front wheel speed sensor — output too low (Logged); shuttle valve switch — electrical failure (Current)
325500,1791128125500,50.622842,-3.965803,33.2,122.1,542.1,10,0.8,0.038,0.011,,,,,,,,slabs,right front wheel speed sensor — output too low (Logged); shuttle valve switch — electrical failure (Current)
326000,1791128126000,50.622819,-3.965747,33.77,121.6,542.1,10,0.8,0.034,0.015,149,157,13.9,34.1,33.4,34.1,33.5,slabs,right front wheel speed sensor — output too low (Logged); shuttle valve switch — electrical failure (Current)
326500,1791128126500,50.622797,-3.96569,34.29,121.2,542,10,0.8,0.031,0.015,,,,,,,,slabs,right front wheel speed sensor — output too low (Logged); shuttle valve switch — electrical failure (Current)
327000,1791128127000,50.622775,-3.965632,34.74,120.7,541.9,10,0.8,0.027,0.015,144,152,13.9,35,34.5,35,34.5,slabs,right front wheel speed sensor — output too low (Logged); shuttle valve switch — electrical failure (Current)
327500,1791128127500,50.622753,-3.965573,35.12,120.1,541.8,10,0.8,0.024,0.019,,,,,,,,slabs,right front wheel speed sensor — output too low (Logged); shuttle valve switch — electrical failure (Current)
328000,1791128128000,50.622731,-3.965513,35.43,119.6,541.8,10,0.8,0.02,0.019,147,156,13.89,35.6,35.2,35.6,35.3,slabs,right front wheel speed sensor — output too low (Logged); shuttle valve switch — electrical failure (Current)
328500,1791128128500,50.622709,-3.965452,35.68,118.9,541.7,10,0.8,0.016,0.021,,,,,,,,slabs,right front wheel speed sensor — output too low (Logged); shuttle valve switch — electrical failure (Current)
329000,1791128129000,50.622688,-3.96539,35.86,118.3,541.7,10,0.9,0.012,0.023,147,156,13.89,35.9,35.8,35.9,35.8,slabs,right front wheel speed sensor — output too low (Logged); shuttle valve switch — electrical failure (Current)
329500,1791128129500,50.622667,-3.965328,35.96,117.6,541.6,10,0.9,0.008,0.023,,,,,,,,slabs,right front wheel speed sensor — output too low (Logged); shuttle valve switch — electrical failure (Current)
330000,1791128130000,50.622646,-3.965265,36,116.9,541.6,10,0.9,0.004,0.025,144,153,13.88,36,36,36,36,slabs,right front wheel speed sensor — output too low (Logged); shuttle valve switch — electrical failure (Current)
330500,1791128130500,50.622626,-3.965201,36,116.1,541.6,10,0.9,0.001,0.027,,,,,,,,slabs,right front wheel speed sensor — output too low (Logged); shuttle valve switch — electrical failure (Current)
331000,1791128131000,50.622606,-3.965138,36,115.2,541.6,10,0.9,0,0.03,148,157,13.87,35.9,36.1,35.9,36.1,slabs,right front wheel speed sensor — output too low (Logged); shuttle valve switch — electrical failure (Current)
331500,1791128131500,50.622587,-3.965074,36.01,114.3,541.6,10,0.9,0,0.032,,,,,,,,slabs,right front wheel speed sensor — output too low (Logged); shuttle valve switch — electrical failure (Current)
332000,1791128132000,50.622569,-3.965009,36.01,113.4,541.6,10,0.9,0,0.032,145,155,13.87,35.8,36.2,35.8,36.2,slabs,right front wheel speed sensor — output too low (Logged); shuttle valve switch — electrical failure (Current)
332500,1791128132500,50.622551,-3.964944,36.02,112.3,541.6,10,0.9,0,0.036,,,,,,,,slabs,right front wheel speed sensor — output too low (Logged); shuttle valve switch — electrical failure (Current)
333000,1791128133000,50.622535,-3.964878,36.03,111.2,541.6,10,0.9,0.001,0.039,144,154,13.86,35.7,36.3,35.8,36.3,slabs,right front wheel speed sensor — output too low (Logged); shuttle valve switch — electrical failure (Current)
333500,1791128133500,50.622519,-3.964812,36.04,110,541.7,10,0.9,0.001,0.041,,,,,,,,slabs,right front wheel speed sensor — output too low (Logged); shuttle valve switch — electrical failure (Current)
334000,1791128134000,50.622503,-3.964745,36.05,108.8,541.8,10,0.9,0.001,0.043,147,158,13.86,35.7,36.5,35.7,36.4,slabs,right front wheel speed sensor — output too low (Logged); shuttle valve switch — electrical failure (Current)
334500,1791128134500,50.622489,-3.964678,36.07,107.4,541.8,10,0.9,0.001,0.046,,,,,,,,slabs,right front wheel speed sensor — output too low (Logged); shuttle valve switch — electrical failure (Current)
335000,1791128135000,50.622476,-3.96461,36.08,106,541.9,10,0.9,0.001,0.05,143,154,13.86,35.6,36.6,35.7,36.5,slabs,right front wheel speed sensor — output too low (Logged); shuttle valve switch — electrical failure (Current)
335500,1791128135500,50.622464,-3.964541,36.1,104.4,542,10,0.9,0.001,0.054,,,,,,,,slabs,right front wheel speed sensor — output too low (Logged); shuttle valve switch — electrical failure (Current)
336000,1791128136000,50.622453,-3.964473,36.12,102.7,542.1,10,0.9,0.001,0.059,145,156,13.85,35.6,36.7,35.7,36.6,slabs,right front wheel speed sensor — output too low (Logged); shuttle valve switch — electrical failure (Current)
336500,1791128136500,50.622444,-3.964403,36.14,100.9,542.3,10,0.9,0.001,0.062,,,,,,,,slabs,right front wheel speed sensor — output too low (Logged); shuttle valve switch — electrical failure (Current)
337000,1791128137000,50.622436,-3.964333,36.16,99,542.4,10,0.9,0.001,0.066,147,158,13.85,35.5,36.8,35.7,36.7,slabs,right front wheel speed sensor — output too low (Logged); shuttle valve switch — electrical failure (Current)
337500,1791128137500,50.622429,-3.964263,36.18,96.9,542.5,10,0.9,0.001,0.072,,,,,,,,slabs,right front wheel speed sensor — output too low (Logged); shuttle valve switch — electrical failure (Current)
338000,1791128138000,50.622424,-3.964192,36.21,94.7,542.7,10,0.9,0.001,0.077,142,153,13.85,35.5,36.9,35.7,36.7,slabs,right front wheel speed sensor — output too low (Logged); shuttle valve switch — electrical failure (Current)
338500,1791128138500,50.622421,-3.964121,36.23,92.3,542.9,10,0.9,0.001,0.082,,,,,,,,slabs,right front wheel speed sensor — output too low (Logged); shuttle valve switch — electrical failure (Current)
339000,1791128139000,50.62242,-3.96405,36.26,89.8,543.1,10,0.9,0.001,0.088,146,157,13.85,35.6,37,35.7,36.8,slabs,right front wheel speed sensor — output too low (Logged); shuttle valve switch — electrical failure (Current)
339500,1791128139500,50.622421,-3.963978,36.29,87.2,543.3,10,0.9,0.002,0.091,,,,,,,,slabs,right front wheel speed sensor — output too low (Logged); shuttle valve switch — electrical failure (Current)
340000,1791128140000,50.622423,-3.963907,36.32,84.4,543.5,10,0.9,0.002,0.097,145,156,13.85,35.6,37,35.7,36.9,slabs,right front wheel speed sensor — output too low (Logged); shuttle valve switch — electrical failure (Current)
340500,1791128140500,50.622429,-3.963836,36.35,81.5,543.7,10,0.9,0.002,0.102,,,,,,,,slabs,right front wheel speed sensor — output too low (Logged); shuttle valve switch — electrical failure (Current)
341000,1791128141000,50.622436,-3.963766,36.38,78.5,544,10,0.9,0.002,0.106,143,153,13.85,35.7,37.1,35.8,37,slabs,right front wheel speed sensor — output too low (Logged); shuttle valve switch — electrical failure (Current)
341500,1791128141500,50.622446,-3.963696,36.42,75.4,544.2,10,0.9,0.002,0.11,,,,,,,,slabs,right front wheel speed sensor — output too low (Logged); shuttle valve switch — electrical failure (Current)
342000,1791128142000,50.622458,-3.963627,36.45,72.3,544.5,10,0.9,0.002,0.112,147,158,13.85,35.7,37.2,35.9,37,slabs,right front wheel speed sensor — output too low (Logged); shuttle valve switch — electrical failure (Current)
342500,1791128142500,50.622473,-3.963559,36.49,69.1,544.7,10,0.9,0.002,0.114,,,,,,,,slabs,right front wheel speed sensor — output too low (Logged); shuttle valve switch — electrical failure (Current)
343000,1791128143000,50.622489,-3.963492,36.53,66,545,10,0.9,0.002,0.114,144,155,13.86,35.8,37.2,36,37.1,slabs,right front wheel speed sensor — output too low (Logged); shuttle valve switch — electrical failure (Current)
343500,1791128143500,50.622509,-3.963427,36.57,62.9,545.3,10,0.9,0.002,0.112,,,,,,,,slabs,right front wheel speed sensor — output too low (Logged); shuttle valve switch — electrical failure (Current)
344000,1791128144000,50.62253,-3.963363,36.61,59.9,545.6,10,0.9,0.002,0.11,144,154,13.86,35.9,37.3,36.1,37.1,slabs,right front wheel speed sensor — output too low (Logged); shuttle valve switch — electrical failure (Current)
344500,1791128144500,50.622554,-3.963302,36.65,57,545.9,10,0.9,0.002,0.107,,,,,,,,slabs,right front wheel speed sensor — output too low (Logged); shuttle valve switch — electrical failure (Current)
345000,1791128145000,50.622579,-3.963242,36.69,54.2,546.2,10,0.9,0.002,0.103,148,158,13.86,36.1,37.3,36.2,37.2,slabs,right front wheel speed sensor — output too low (Logged); shuttle valve switch — electrical failure (Current)
345500,1791128145500,50.622606,-3.963184,36.73,51.5,546.6,10,0.9,0.002,0.1,,,,,,,,slabs,right front wheel speed sensor — output too low (Logged); shuttle valve switch — electrical failure (Current)
346000,1791128146000,50.622635,-3.963128,36.78,49,546.9,10,0.9,0.003,0.094,144,153,13.87,36.2,37.3,36.3,37.2,slabs,right front wheel speed sensor — output too low (Logged); shuttle valve switch — electrical failure (Current)
346500,1791128146500,50.622666,-3.963074,36.82,46.6,547.2,10,0.9,0.003,0.089,,,,,,,,slabs,right front wheel speed sensor — output too low (Logged); shuttle valve switch — electrical failure (Current)
347000,1791128147000,50.622698,-3.963022,36.87,44.3,547.6,10,0.9,0.003,0.086,147,155,13.87,36.4,37.3,36.5,37.2,slabs,right front wheel speed sensor — output too low (Logged); shuttle valve switch — electrical failure (Current)
347500,1791128147500,50.622731,-3.962972,36.92,42.2,547.9,10,0.9,0.003,0.08,,,,,,,,slabs,right front wheel speed sensor — output too low (Logged); shuttle valve switch — electrical failure (Current)
348000,1791128148000,50.622766,-3.962924,36.97,40.2,548.3,10,0.9,0.003,0.075,148,156,13.88,36.6,37.4,36.7,37.3,slabs,right front wheel speed sensor — output too low (Logged); shuttle valve switch — electrical failure (Current)
348500,1791128148500,50.622801,-3.962877,37.02,38.4,548.6,10,0.9,0.003,0.069,,,,,,,,slabs,right front wheel speed sensor — output too low (Logged); shuttle valve switch — electrical failure (Current)
349000,1791128149000,50.622838,-3.962832,37.07,36.6,549,10,0.9,0.003,0.066,144,152,13.88,36.8,37.4,36.8,37.3,slabs,right front wheel speed sensor — output too low (Logged); shuttle valve switch — electrical failure (Current)
349500,1791128149500,50.622875,-3.962789,37.12,35,549.3,10,0.9,0.003,0.062,,,,,,,,slabs,right front wheel speed sensor — output too low (Logged); shuttle valve switch — electrical failure (Current)
350000,1791128150000,50.622913,-3.962748,37.17,33.5,549.7,10,0.9,0.003,0.057,149,156,13.89,37,37.4,37,37.3,slabs,right front wheel speed sensor — output too low (Logged); shuttle valve switch — electrical failure (Current)
350500,1791128150500,50.622952,-3.962708,37.22,32.1,550.1,10,0.9,0.003,0.053,,,,,,,,slabs,right front wheel speed sensor — output too low (Logged); shuttle valve switch — electrical failure (Current)
351000,1791128151000,50.622992,-3.96267,37.27,30.8,550.4,10,0.9,0.003,0.05,147,154,13.89,37.2,37.4,37.2,37.3,slabs,right front wheel speed sensor — output too low (Logged); shuttle valve switch — electrical failure (Current)
351500,1791128151500,50.623032,-3.962632,37.33,29.5,550.8,10,0.9,0.003,0.048,,,,,,,,slabs,right front wheel speed sensor — output too low (Logged); shuttle valve switch — electrical failure (Current)
352000,1791128152000,50.623073,-3.962597,37.38,28.3,551.2,10,0.9,0.003,0.046,145,152,13.9,37.4,37.4,37.4,37.4,slabs,right front wheel speed sensor — output too low (Logged); shuttle valve switch — electrical failure (Current)
352500,1791128152500,50.623114,-3.962562,37.44,27.3,551.5,10,0.9,0.003,0.041,,,,,,,,slabs,right front wheel speed sensor — output too low (Logged); shuttle valve switch — electrical failure (Current)
353000,1791128153000,50.623156,-3.962529,37.49,26.2,551.9,10,0.9,0.003,0.039,150,157,13.91,37.6,37.4,37.6,37.4,slabs,right front wheel speed sensor — output too low (Logged); shuttle valve switch — electrical failure (Current)
353500,1791128153500,50.623198,-3.962497,37.55,25.2,552.2,10,0.9,0.003,0.039,,,,,,,,slabs,right front wheel speed sensor — output too low (Logged); shuttle valve switch — electrical failure (Current)
354000,1791128154000,50.62324,-3.962465,37.6,24.3,552.6,10,0.9,0.003,0.035,146,153,13.91,37.8,37.4,37.8,37.4,slabs,right front wheel speed sensor — output too low (Logged); shuttle valve switch — electrical failure (Current)
354500,1791128154500,50.623283,-3.962435,37.66,23.5,552.9,10,0.9,0.003,0.032,,,,,,,,slabs,right front wheel speed sensor — output too low (Logged); shuttle valve switch — electrical failure (Current)
355000,1791128155000,50.623326,-3.962406,37.72,22.7,553.2,11,0.9,0.003,0.03,147,153,13.92,38,37.4,38,37.5,slabs,right front wheel speed sensor — output too low (Logged); shuttle valve switch — electrical failure (Current)
355500,1791128155500,50.62337,-3.962378,37.77,21.9,553.6,11,0.9,0.003,0.03,,,,,,,,slabs,right front wheel speed sensor — output too low (Logged); shuttle valve switch — electrical failure (Current)
356000,1791128156000,50.623414,-3.96235,37.83,21.1,553.9,11,0.9,0.003,0.03,150,157,13.92,38.3,37.4,38.2,37.5,slabs,right front wheel speed sensor — output too low (Logged); shuttle valve switch — electrical failure (Current)
356500,1791128156500,50.623458,-3.962324,37.89,20.4,554.2,11,0.9,0.003,0.028,,,,,,,,slabs,right front wheel speed sensor — output too low (Logged); shuttle valve switch — electrical failure (Current)
357000,1791128157000,50.623502,-3.962298,37.94,19.8,554.5,11,0.9,0.003,0.024,145,152,13.93,38.5,37.4,38.3,37.5,slabs,right front wheel speed sensor — output too low (Logged); shuttle valve switch — electrical failure (Current)
357500,1791128157500,50.623547,-3.962273,38,19.2,554.8,11,0.9,0.003,0.023,,,,,,,,slabs,right front wheel speed sensor — output too low (Logged); shuttle valve switch — electrical failure (Current)
358000,1791128158000,50.623592,-3.962248,38.06,18.6,555.1,11,0.9,0.003,0.023,148,155,13.93,38.6,37.5,38.5,37.6,slabs,right front wheel speed sensor — output too low (Logged); shuttle valve switch — electrical failure (Current)
358500,1791128158500,50.623637,-3.962225,38.11,18,555.4,11,0.9,0.003,0.023,,,,,,,,slabs,right front wheel speed sensor — output too low (Logged); shuttle valve switch — electrical failure (Current)
359000,1791128159000,50.623682,-3.962202,38.17,17.4,555.7,11,0.9,0.003,0.023,148,156,13.94,38.8,37.5,38.7,37.7,slabs,right front wheel speed sensor — output too low (Logged); shuttle valve switch — electrical failure (Current)
359500,1791128159500,50.623728,-3.96218,38.23,16.9,556,11,0.9,0.003,0.021,,,,,,,,slabs,right front wheel speed sensor — output too low (Logged); shuttle valve switch — electrical failure (Current)
360000,1791128160000,50.623773,-3.962158,38.28,16.4,556.2,11,0.9,0.003,0.019,144,152,13.94,39,37.6,38.8,37.7,slabs,right front wheel speed sensor — output too low (Logged); shuttle valve switch — electrical failure (Current)
360500,1791128160500,50.623819,-3.962137,38.34,15.9,556.5,11,0.9,0.003,0.019,,,,,,,,slabs,right front wheel speed sensor — output too low (Logged); shuttle valve switch — electrical failure (Current)
361000,1791128161000,50.623865,-3.962116,38.4,15.5,556.7,11,0.9,0.003,0.017,148,157,13.95,39.1,37.7,39,37.8,slabs,right front wheel speed sensor — output too low (Logged); shuttle valve switch — electrical failure (Current)
361500,1791128161500,50.623911,-3.962096,38.45,15,556.9,11,0.9,0.003,0.017,,,,,,,,slabs,right front wheel speed sensor — output too low (Logged); shuttle valve switch — electrical failure (Current)
362000,1791128162000,50.623958,-3.962077,38.51,14.6,557.1,11,0.9,0.003,0.017,146,155,13.95,39.3,37.7,39.1,37.9,slabs,right front wheel speed sensor — output too low (Logged); shuttle valve switch — electrical failure (Current)
362500,1791128162500,50.624004,-3.962058,38.56,14.2,557.3,11,0.9,0.003,0.015,,,,,,,,slabs,right front wheel speed sensor — output too low (Logged); shuttle valve switch — electrical failure (Current)
363000,1791128163000,50.624051,-3.962039,38.62,13.8,557.5,11,0.9,0.003,0.015,144,154,13.95,39.4,37.8,39.2,38,slabs,right front wheel speed sensor — output too low (Logged); shuttle valve switch — electrical failure (Current)
363500,1791128163500,50.624098,-3.962021,38.67,13.4,557.7,11,0.9,0.003,0.015,,,,,,,,slabs,right front wheel speed sensor — output too low (Logged); shuttle valve switch — electrical failure (Current)
364000,1791128164000,50.624145,-3.962004,38.73,13.1,557.9,11,0.9,0.003,0.013,148,158,13.95,39.5,38,39.3,38.1,slabs,right front wheel speed sensor — output too low (Logged); shuttle valve switch — electrical failure (Current)
364500,1791128164500,50.624192,-3.961987,38.78,12.7,558,11,0.9,0.003,0.013,,,,,,,,slabs,right front wheel speed sensor — output too low (Logged); shuttle valve switch — electrical failure (Current)
365000,1791128165000,50.624239,-3.96197,38.83,12.4,558.2,11,0.9,0.003,0.013,143,154,13.95,39.6,38.1,39.4,38.2,slabs,right front wheel speed sensor — output too low (Logged); shuttle valve switch — electrical failure (Current)
365500,1791128165500,50.624287,-3.961954,38.88,12,558.3,11,0.9,0.003,0.013,,,,,,,,slabs,right front wheel speed sensor — output too low (Logged); shuttle valve switch — electrical failure (Current)
366000,1791128166000,50.624334,-3.961938,38.93,11.7,558.4,11,0.9,0.003,0.013,144,155,13.95,39.6,38.2,39.5,38.4,slabs,right front wheel speed sensor — output too low (Logged); shuttle valve switch — electrical failure (Current)
366500,1791128166500,50.624382,-3.961923,38.98,11.4,558.6,11,0.9,0.003,0.012,,,,,,,,slabs,right front wheel speed sensor — output too low (Logged); shuttle valve switch — electrical failure (Current)
367000,1791128167000,50.624429,-3.961908,39.03,11.1,558.7,11,0.9,0.003,0.012,147,158,13.95,39.7,38.4,39.6,38.5,slabs,right front wheel speed sensor — output too low (Logged); shuttle valve switch — electrical failure (Current)
367500,1791128167500,50.624477,-3.961893,39.08,10.8,558.8,11,0.9,0.003,0.012,,,,,,,,slabs,right front wheel speed sensor — output too low (Logged); shuttle valve switch — electrical failure (Current)
368000,1791128168000,50.624525,-3.961879,39.13,10.5,558.9,11,0.9,0.003,0.012,142,153,13.95,39.7,38.5,39.6,38.7,slabs,right front wheel speed sensor — output too low (Logged); shuttle valve switch — electrical failure (Current)
368500,1791128168500,50.624573,-3.961865,39.18,10.3,558.9,11,0.9,0.003,0.01,,,,,,,,slabs,right front wheel speed sensor — output too low (Logged); shuttle valve switch — electrical failure (Current)
369000,1791128169000,50.624621,-3.961851,39.22,10,559,11,0.9,0.003,0.01,146,157,13.94,39.7,38.7,39.6,38.8,slabs,right front wheel speed sensor — output too low (Logged); shuttle valve switch — electrical failure (Current)
369500,1791128169500,50.62467,-3.961838,39.27,9.7,559.1,11,0.9,0.003,0.012,,,,,,,,slabs,right front wheel speed sensor — output too low (Logged); shuttle valve switch — electrical failure (Current)
370000,1791128170000,50.624718,-3.961825,39.31,9.5,559.1,11,0.9,0.003,0.01,145,157,13.94,39.7,38.9,39.6,39,slabs,right front wheel speed sensor — output too low (Logged); shuttle valve switch — electrical failure (Current)
370500,1791128170500,50.624766,-3.961812,39.35,9.3,559.2,11,0.9,0.002,0.008,,,,,,,,slabs,right front wheel speed sensor — output too low (Logged); shuttle valve switch — electrical failure (Current)
371000,1791128171000,50.624815,-3.9618,39.39,9,559.3,11,0.9,0.002,0.01,142,153,13.93,39.7,39.1,39.6,39.1,slabs,right front wheel speed sensor — output too low (Logged); shuttle valve switch — electrical failure (Current)
371500,1791128171500,50.624863,-3.961788,39.43,8.8,559.3,11,0.9,0.002,0.01,,,,,,,,slabs,right front wheel speed sensor — output too low (Logged); shuttle valve switch — electrical failure (Current)
372000,1791128172000,50.624912,-3.961776,39.47,8.6,559.3,11,0.9,0.002,0.008,147,158,13.93,39.7,39.3,39.6,39.3,slabs,right front wheel speed sensor — output too low (Logged); shuttle valve switch — electrical failure (Current)
372500,1791128172500,50.624961,-3.961764,39.51,8.3,559.4,11,0.9,0.002,0.01,,,,,,,,slabs,right front wheel speed sensor — output too low (Logged); shuttle valve switch — electrical failure (Current)
373000,1791128173000,50.62501,-3.961753,39.55,8.1,559.4,11,0.9,0.002,0.01,144,155,13.92,39.6,39.5,39.6,39.5,slabs,right front wheel speed sensor — output too low (Logged); shuttle valve switch — electrical failure (Current)
373500,1791128173500,50.625059,-3.961742,39.58,7.9,559.5,11,0.9,0.002,0.008,,,,,,,,slabs,right front wheel speed sensor — output too low (Logged); shuttle valve switch — electrical failure (Current)
374000,1791128174000,50.625107,-3.961732,39.62,7.7,559.5,11,0.9,0.002,0.008,144,154,13.92,39.6,39.6,39.6,39.6,slabs,right front wheel speed sensor — output too low (Logged); shuttle valve switch — electrical failure (Current)
374500,1791128174500,50.625156,-3.961721,39.65,7.5,559.6,11,0.9,0.002,0.008,,,,,,,,slabs,right front wheel speed sensor — output too low (Logged); shuttle valve switch — electrical failure (Current)
375000,1791128175000,50.625206,-3.961711,39.68,7.3,559.6,11,0.9,0.002,0.008,148,158,13.91,39.6,39.8,39.6,39.8,slabs,right front wheel speed sensor — output too low (Logged); shuttle valve switch — electrical failure (Current)
375500,1791128175500,50.625255,-3.961701,39.71,7.1,559.6,11,0.9,0.002,0.008,,,,,,,,slabs,right front wheel speed sensor — output too low (Logged); shuttle valve switch — electrical failure (Current)
376000,1791128176000,50.625304,-3.961692,39.74,6.9,559.7,11,1,0.002,0.008,144,153,13.91,39.5,40,39.5,39.9,slabs,right front wheel speed sensor — output too low (Logged); shuttle valve switch — electrical failure (Current)
376500,1791128176500,50.625353,-3.961683,39.77,6.7,559.7,11,1,0.002,0.008,,,,,,,,slabs,right front wheel speed sensor — output too low (Logged); shuttle valve switch — electrical failure (Current)
377000,1791128177000,50.625402,-3.961674,39.79,6.5,559.8,11,1,0.001,0.008,146,155,13.9,39.4,40.1,39.5,40.1,slabs,right front wheel speed sensor — output too low (Logged); shuttle valve switch — electrical failure (Current)
377500,1791128177500,50.625452,-3.961665,39.82,6.3,559.8,11,1,0.001,0.008,,,,,,,,slabs,right front wheel speed sensor — output too low (Logged); shuttle valve switch — electrical failure (Current)
378000,1791128178000,50.625501,-3.961656,39.84,6.2,559.9,11,1,0.001,0.006,148,157,13.89,39.4,40.3,39.5,40.2,slabs,right front wheel speed sensor — output too low (Logged); shuttle valve switch — electrical failure (Current)
378500,1791128178500,50.625551,-3.961648,39.86,6,560,11,1,0.001,0.006,,,,,,,,slabs,right front wheel speed sensor — output too low (Logged); shuttle valve switch — electrical failure (Current)
379000,1791128179000,50.6256,-3.96164,39.88,5.8,560.1,11,1,0.001,0.008,144,152,13.89,39.3,40.4,39.5,40.3,slabs,right front wheel speed sensor — output too low (Logged); shuttle valve switch — electrical failure (Current)
379500,1791128179500,50.62565,-3.961632,39.9,5.6,560.2,11,1,0.001,0.008,,,,,,,,slabs,right front wheel speed sensor — output too low (Logged); shuttle valve switch — electrical failure (Current)
380000,1791128180000,50.625699,-3.961624,39.92,5.5,560.2,11,1,0.001,0.006,148,156,13.88,39.3,40.5,39.4,40.4,slabs,right front wheel speed sensor — output too low (Logged); shuttle valve switch — electrical failure (Current)
380500,1791128180500,50.625749,-3.961617,39.93,5.3,560.4,11,1,0.001,0.006,,,,,,,,slabs,right front wheel speed sensor — output too low (Logged); shuttle valve switch — electrical failure (Current)
381000,1791128181000,50.625798,-3.96161,39.95,5.1,560.5,11,1,0.001,0.008,148,155,13.88,39.3,40.6,39.4,40.5,slabs,right front wheel speed sensor — output too low (Logged); shuttle valve switch — electrical failure (Current)
381500,1791128181500,50.625848,-3.961603,39.96,5,560.6,11,1,0.001,0.006,,,,,,,,slabs,right front wheel speed sensor — output too low (Logged); shuttle valve switch — electrical failure (Current)
382000,1791128182000,50.625898,-3.961596,39.97,4.8,560.7,11,1,0.001,0.006,145,152,13.87,39.2,40.7,39.4,40.6,slabs,right front wheel speed sensor — output too low (Logged); shuttle valve switch — electrical failure (Current)
382500,1791128182500,50.625947,-3.961589,39.98,4.6,560.9,11,1,0.001,0.008,,,,,,,,slabs,right front wheel speed sensor — output too low (Logged); shuttle valve switch — electrical failure (Current)
383000,1791128183000,50.625997,-3.961583,39.99,4.5,561,11,1,0.001,0.006,150,157,13.87,39.2,40.8,39.4,40.6,slabs,right front wheel speed sensor — output too low (Logged); shuttle valve switch — electrical failure (Current)
383500,1791128183500,50.626047,-3.961577,39.99,4.3,561.2,11,1,0,0.006,,,,,,,,slabs,right front wheel speed sensor — output too low (Logged); shuttle valve switch — electrical failure (Current)
384000,1791128184000,50.626097,-3.961571,40,4.2,561.4,11,1,0,0.006,146,153,13.86,39.2,40.8,39.4,40.6,slabs,right front wheel speed sensor — output too low (Logged); shuttle valve switch — electrical failure (Current)
384500,1791128184500,50.626146,-3.961566,40,4,561.6,11,1,0,0.006,,,,,,,,slabs,right front wheel speed sensor — output too low (Logged); shuttle valve switch — electrical failure (Current)
385000,1791128185000,50.626196,-3.96156,40,3.9,561.8,11,1,0,0.006,146,153,13.86,39.2,40.8,39.4,40.6,slabs,right front wheel speed sensor — output too low (Logged); shuttle valve switch — electrical failure (Current)
385500,1791128185500,50.626246,-3.961555,39.96,3.7,562,11,1,-0.001,0.006,,,,,,,,slabs,right front wheel speed sensor — output too low (Logged); shuttle valve switch — electrical failure (Current)
386000,1791128186000,50.626296,-3.96155,39.84,3.6,562.2,11,1,-0.005,0.006,150,157,13.85,39.1,40.6,39.2,40.5,slabs,right front wheel speed sensor — output too low (Logged); shuttle valve switch — electrical failure (Current)
386500,1791128186500,50.626345,-3.961545,39.65,3.4,562.5,11,1,-0.009,0.006,,,,,,,,slabs,right front wheel speed sensor — output too low (Logged); shuttle valve switch — electrical failure (Current)
387000,1791128187000,50.626394,-3.961541,39.37,3.3,562.7,11,1,-0.013,0.006,145,152,13.85,38.6,40.1,38.8,40,slabs,right front wheel speed sensor — output too low (Logged); shuttle valve switch — electrical failure (Current)
387500,1791128187500,50.626443,-3.961536,39.02,3.1,563,11,1,-0.018,0.006,,,,,,,,slabs,right front wheel speed sensor — output too low (Logged); shuttle valve switch — electrical failure (Current)
388000,1791128188000,50.626492,-3.961532,38.6,3,563.3,11,1,-0.022,0.006,148,155,13.85,37.9,39.3,38,39.2,slabs,right front wheel speed sensor — output too low (Logged); shuttle valve switch — electrical failure (Current)
388500,1791128188500,50.626539,-3.961528,38.1,2.8,563.5,11,1,-0.026,0.006,,,,,,,,slabs,right front wheel speed sensor — output too low (Logged); shuttle valve switch — electrical failure (Current)
389000,1791128189000,50.626587,-3.961525,37.53,2.7,563.8,11,1,-0.03,0.006,148,156,13.85,36.9,38.1,37,38,slabs,right front wheel speed sensor — output too low (Logged); shuttle valve switch — electrical failure (Current)
389500,1791128189500,50.626633,-3.961521,36.89,2.5,564.1,11,1,-0.034,0.006,,,,,,,,slabs,right front wheel speed sensor — output too low (Logged); shuttle valve switch — electrical failure (Current)
390000,1791128190000,50.626678,-3.961518,36.18,2.4,564.4,11,1,-0.038,0.005,144,152,13.85,35.6,36.7,35.8,36.6,slabs,right front wheel speed sensor — output too low (Logged); shuttle valve switch — electrical failure (Current)
390500,1791128190500,50.626723,-3.961515,35.41,2.3,564.7,11,1,-0.042,0.004,,,,,,,,slabs,right front wheel speed sensor — output too low (Logged); shuttle valve switch — electrical failure (Current)
391000,1791128191000,50.626767,-3.961513,34.58,2.1,565,11,1,-0.045,0.005,148,157,13.85,34.1,35,34.2,34.9,slabs,right front wheel speed sensor — output too low (Logged); shuttle valve switch — electrical failure (Current)
391500,1791128191500,50.626809,-3.96151,33.69,2,565.3,11,1,-0.049,0.005,,,,,,,,slabs,right front wheel speed sensor — output too low (Logged); shuttle valve switch — electrical failure (Current)
392000,1791128192000,50.626851,-3.961508,32.75,1.9,565.6,11,1,-0.052,0.003,146,155,13.85,32.4,33.1,32.5,33,slabs,right front wheel speed sensor — output too low (Logged); shuttle valve switch — electrical failure (Current)
392500,1791128192500,50.626891,-3.961506,31.76,1.8,565.9,11,1,-0.055,0.003,,,,,,,,slabs,right front wheel speed sensor — output too low (Logged); shuttle valve switch — electrical failure (Current)
393000,1791128193000,50.62693,-3.961504,30.72,1.6,566.2,11,1,-0.058,0.005,144,153,13.85,30.5,31,30.5,30.9,slabs,right front wheel speed sensor — output too low (Logged); shuttle valve switch — electrical failure (Current)
393500,1791128193500,50.626968,-3.961502,29.64,1.5,566.4,11,1,-0.06,0.005,,,,,,,,slabs,right front wheel speed sensor — output too low (Logged); shuttle valve switch — electrical failure (Current)
394000,1791128194000,50.627004,-3.961501,28.52,1.4,566.7,11,1,-0.062,0.003,148,158,13.86,28.4,28.7,28.4,28.6,slabs,right front wheel speed sensor — output too low (Logged); shuttle valve switch — electrical failure (Current)
394500,1791128194500,50.627039,-3.9615,27.36,1.3,567,11,1,-0.065,0.003,,,,,,,,slabs,right front wheel speed sensor — output too low (Logged); shuttle valve switch — electrical failure (Current)
395000,1791128195000,50.627072,-3.961498,26.18,1.2,567.2,11,1,-0.066,0.003,144,154,13.86,26.1,26.2,26.1,26.2,slabs,right front wheel speed sensor — output too low (Logged); shuttle valve switch — electrical failure (Current)
395500,1791128195500,50.627104,-3.961497,24.97,1.1,567.5,11,1,-0.068,0.003,,,,,,,,slabs,right front wheel speed sensor — output too low (Logged); shuttle valve switch — electrical failure (Current)
396000,1791128196000,50.627134,-3.961497,23.75,1,567.7,11,1,-0.069,0.002,145,155,13.87,23.8,23.7,23.8,23.7,slabs,right front wheel speed sensor — output too low (Logged); shuttle valve switch — electrical failure (Current)
396500,1791128196500,50.627163,-3.961496,22.51,0.9,567.9,11,1,-0.07,0.002,,,,,,,,slabs,right front wheel speed sensor — output too low (Logged); shuttle valve switch — electrical failure (Current)
397000,1791128197000,50.62719,-3.961495,21.26,0.8,568.2,11,1,-0.071,0.002,147,157,13.87,21.3,21.2,21.3,21.2,slabs,right front wheel speed sensor — output too low (Logged); shuttle valve switch — electrical failure (Current)
397500,1791128197500,50.627216,-3.961495,20,0.7,568.4,11,1,-0.071,0.002,,,,,,,,slabs,right front wheel speed sensor — output too low (Logged); shuttle valve switch — electrical failure (Current)
398000,1791128198000,50.62724,-3.961494,18.74,0.6,568.6,11,1,-0.071,0.002,144,154,13.88,18.9,18.6,18.8,18.7,slabs,right front wheel speed sensor — output too low (Logged); shuttle valve switch — electrical failure (Current)
398500,1791128198500,50.627263,-3.961494,17.49,0.6,568.7,11,1,-0.071,0.001,,,,,,,,slabs,right front wheel speed sensor — output too low (Logged); shuttle valve switch — electrical failure (Current)
399000,1791128199000,50.627284,-3.961493,16.25,0.5,568.9,11,1,-0.071,0.001,146,156,13.88,16.4,16.1,16.4,16.1,slabs,right front wheel speed sensor — output too low (Logged); shuttle valve switch — electrical failure (Current)
399500,1791128199500,50.627304,-3.961493,15.03,0.4,569.1,11,1,-0.07,0.002,,,,,,,,slabs,right front wheel speed sensor — output too low (Logged); shuttle valve switch — electrical failure (Current)
400000,1791128200000,50.627322,-3.961493,13.82,0.4,569.2,11,1,-0.069,0.001,146,156,13.89,14,13.7,13.9,13.7,slabs,right front wheel speed sensor — output too low (Logged); shuttle valve switch — electrical failure (Current)
400500,1791128200500,50.627338,-3.961493,12.64,0.3,569.3,11,1,-0.068,0.001,,,,,,,,slabs,right front wheel speed sensor — output too low (Logged); shuttle valve switch — electrical failure (Current)
401000,1791128201000,50.627353,-3.961492,11.48,0.3,569.4,11,1,-0.066,0.001,144,154,13.89,11.6,11.3,11.6,11.4,slabs,right front wheel speed sensor — output too low (Logged); shuttle valve switch — electrical failure (Current)
401500,1791128201500,50.627367,-3.961492,10.36,0.2,569.6,11,1,-0.065,0.001,,,,,,,,slabs,right front wheel speed sensor — output too low (Logged); shuttle valve switch — electrical failure (Current)
402000,1791128202000,50.627379,-3.961492,9.28,0.2,569.7,11,1,-0.062,0.001,146,156,13.9,9.4,9.1,9.4,9.2,slabs,right front wheel speed sensor — output too low (Logged); shuttle valve switch — electrical failure (Current)
402500,1791128202500,50.62739,-3.961492,8.24,0.2,569.7,11,1,-0.06,0,,,,,,,,slabs,right front wheel speed sensor — output too low (Logged); shuttle valve switch — electrical failure (Current)
403000,1791128203000,50.6274,-3.961492,7.25,0.1,569.8,11,1,-0.058,0,146,155,13.91,7.4,7.1,7.4,7.2,slabs,right front wheel speed sensor — output too low (Logged); shuttle valve switch — electrical failure (Current)
403500,1791128203500,50.627408,-3.961492,6.31,0.1,569.9,11,1,-0.055,0,,,,,,,,slabs,right front wheel speed sensor — output too low (Logged); shuttle valve switch — electrical failure (Current)
404000,1791128204000,50.627415,-3.961492,5.42,0.1,569.9,11,1,-0.052,0,145,155,13.91,5.5,5.3,5.5,5.3,slabs,right front wheel speed sensor — output too low (Logged); shuttle valve switch — electrical failure (Current)
404500,1791128204500,50.627422,-3.961492,4.59,0,570,11,1,-0.049,0,,,,,,,,slabs,right front wheel speed sensor — output too low (Logged); shuttle valve switch — electrical failure (Current)
405000,1791128205000,50.627427,-3.961492,3.82,0,570,11,1,-0.045,0,146,155,13.92,3.9,3.7,3.9,3.8,slabs,right front wheel speed sensor — output too low (Logged); shuttle valve switch — electrical failure (Current)
405500,1791128205500,50.627431,-3.961492,3.11,0,570.1,11,1,-0.042,0,,,,,,,,slabs,right front wheel speed sensor — output too low (Logged); shuttle valve switch — electrical failure (Current)
406000,1791128206000,50.627435,-3.961492,2.47,360,570.1,11,1,-0.038,0,146,155,13.92,2.5,2.4,2.5,2.4,slabs,right front wheel speed sensor — output too low (Logged); shuttle valve switch — electrical failure (Current)
406500,1791128206500,50.627437,-3.961492,1.9,360,570.1,11,1,-0.034,0,,,,,,,,slabs,right front wheel speed sensor — output too low (Logged); shuttle valve switch — electrical failure (Current)
407000,1791128207000,50.627439,-3.961492,1.4,360,570.1,11,1,-0.03,0,146,155,13.93,1.4,1.4,1.4,1.4,slabs,right front wheel speed sensor — output too low (Logged); shuttle valve switch — electrical failure (Current)
407500,1791128207500,50.627441,-3.961492,0.98,360,570.1,11,1,-0.026,0,,,,,,,,slabs,right front wheel speed sensor — output too low (Logged); shuttle valve switch — electrical failure (Current)
408000,1791128208000,50.627442,-3.961492,0.63,360,570.2,11,1,-0.022,0,146,155,13.93,0.6,0.6,0.6,0.6,slabs,right front wheel speed sensor — output too low (Logged); shuttle valve switch — electrical failure (Current)
408500,1791128208500,50.627442,-3.961492,0.35,360,570.2,11,1,-0.018,0,,,,,,,,slabs,right front wheel speed sensor — output too low (Logged); shuttle valve switch — electrical failure (Current)
409000,1791128209000,50.627443,-3.961492,0.16,360,570.2,11,1,-0.013,0,146,155,13.94,0.2,0.2,0.2,0.2,slabs,right front wheel speed sensor — output too low (Logged); shuttle valve switch — electrical failure (Current)
409500,1791128209500,50.627443,-3.961492,0.04,360,570.2,11,1,-0.009,0,,,,,,,,slabs,right front wheel speed sensor — output too low (Logged); shuttle valve switch — electrical failure (Current)
410000,1791128210000,50.627443,-3.961492,0,360,570.2,11,1,-0.005,0,146,155,13.94,0,0,0,0,slabs,right front wheel speed sensor — output too low (Logged); shuttle valve switch — electrical failure (Current)
410500,1791128210500,50.627443,-3.961492,0,360,570.2,11,1,-0.001,0,,,,,,,,slabs,right front wheel speed sensor — output too low (Logged); shuttle valve switch — electrical failure (Current)
411000,1791128211000,50.627443,-3.961492,0,360,570.2,11,1,0,0,146,155,13.94,0,0,0,0,slabs,right front wheel speed sensor — output too low (Logged); shuttle valve switch — electrical failure (Current)
411500,1791128211500,50.627443,-3.961492,0,360,570.2,11,1,0,0,,,,,,,,slabs,right front wheel speed sensor — output too low (Logged); shuttle valve switch — electrical failure (Current)
412000,1791128212000,50.627443,-3.961492,0,360,570.2,11,1,0,0,146,155,13.95,0,0,0,0,slabs,right front wheel speed sensor — output too low (Logged); shuttle valve switch — electrical failure (Current)
412500,1791128212500,50.627443,-3.961492,0,360,570.2,11,1,0,0,,,,,,,,slabs,right front wheel speed sensor — output too low (Logged); shuttle valve switch — electrical failure (Current)
413000,1791128213000,50.627443,-3.961492,0,360,570.2,11,1,0,0,146,155,13.95,0,0,0,0,slabs,right front wheel speed sensor — output too low (Logged); shuttle valve switch — electrical failure (Current)
413500,1791128213500,50.627443,-3.961492,0,360,570.2,11,1,0,0,,,,,,,,slabs,right front wheel speed sensor — output too low (Logged); shuttle valve switch — electrical failure (Current)
414000,1791128214000,50.627443,-3.961492,0,360,570.2,11,1,0,0,146,155,13.95,0,0,0,0,slabs,right front wheel speed sensor — output too low (Logged); shuttle valve switch — electrical failure (Current)
414500,1791128214500,50.627443,-3.961492,0,360,570.2,11,1,0,0,,,,,,,,slabs,right front wheel speed sensor — output too low (Logged); shuttle valve switch — electrical failure (Current)
415000,1791128215000,50.627443,-3.961492,0,360,570.2,11,1,0,0,146,155,13.95,0,0,0,0,slabs,right front wheel speed sensor — output too low (Logged); shuttle valve switch — electrical failure (Current)
415500,1791128215500,50.627443,-3.961492,0,360,570.2,11,1,0,0,,,,,,,,slabs,right front wheel speed sensor — output too low (Logged); shuttle valve switch — electrical failure (Current)
416000,1791128216000,50.627443,-3.961492,0,360,570.2,11,1,0,0,146,155,13.95,0,0,0,0,slabs,right front wheel speed sensor — output too low (Logged); shuttle valve switch — electrical failure (Current)
416500,1791128216500,50.627443,-3.961492,0,360,570.2,11,1,0,0,,,,,,,,slabs,right front wheel speed sensor — output too low (Logged); shuttle valve switch — electrical failure (Current)
417000,1791128217000,50.627443,-3.961492,0,360,570.2,11,1,0,0,146,155,13.95,0,0,0,0,slabs,right front wheel speed sensor — output too low (Logged); shuttle valve switch — electrical failure (Current)
417500,1791128217500,50.627443,-3.961492,0,360,570.2,11,1,0,0,,,,,,,,slabs,right front wheel speed sensor — output too low (Logged); shuttle valve switch — electrical failure (Current)
418000,1791128218000,50.627443,-3.961492,0,360,570.2,11,1,0,0,146,155,13.95,0,0,0,0,slabs,right front wheel speed sensor — output too low (Logged); shuttle valve switch — electrical failure (Current)
418500,1791128218500,50.627443,-3.961492,0,360,570.2,11,1,0,0,,,,,,,,slabs,right front wheel speed sensor — output too low (Logged); shuttle valve switch — electrical failure (Current)
419000,1791128219000,50.627443,-3.961492,0,360,570.2,11,1,0,0,146,155,13.94,0,0,0,0,slabs,right front wheel speed sensor — output too low (Logged); shuttle valve switch — electrical failure (Current)
419500,1791128219500,50.627443,-3.961492,0,360,570.2,11,1,0,0,,,,,,,,slabs,right front wheel speed sensor — output too low (Logged); shuttle valve switch — electrical failure (Current)
